date,Unnamed:_0,open,high,low,close,adjusted_close,volume,dividend_amount,split_coefficient
1998-01-02,0,69.38,69.88,67.5,68.94,36.5899,1319400.0,0.0,1.0
1998-01-05,1,70.0,71.94,69.31,71.94,38.1822,3112700.0,0.0,1.0
1998-01-06,2,71.69,72.38,70.0,70.69,37.5187,2331500.0,0.0,1.0
1998-01-07,3,69.75,70.13,68.44,69.31,36.7863,1840900.0,0.0,1.0
1998-01-08,4,68.56,69.69,68.06,68.5,36.3564,1772300.0,0.0,1.0
1998-01-09,5,67.94,67.94,64.38,66.63,35.3639,2299900.0,0.0,1.0
1998-01-12,6,64.75,69.0,64.56,68.25,36.2237,2948500.0,0.0,1.0
1998-01-13,7,68.19,68.63,66.63,67.94,36.0592,2320000.0,0.0,1.0
1998-01-14,8,68.0,68.38,66.63,68.38,36.2927,1635400.0,0.0,1.0
1998-01-15,9,68.13,68.19,66.63,67.0,35.5603,1534700.0,0.0,1.0
1998-01-16,10,67.31,67.88,66.25,67.0,35.5603,2777800.0,0.0,1.0
1998-01-20,11,68.63,70.25,68.19,69.63,36.9561,2872900.0,0.0,1.0
1998-01-21,12,69.56,69.56,68.0,69.31,36.7863,1960300.0,0.0,1.0
1998-01-22,13,68.5,69.06,67.88,67.88,36.0273,2011300.0,0.0,1.0
1998-01-23,14,68.0,68.38,66.38,66.88,35.4966,2394200.0,0.0,1.0
1998-01-26,15,67.0,67.81,66.31,66.31,35.194,1432700.0,0.0,1.0
1998-01-27,16,66.38,67.5,66.38,66.38,35.2312,2455700.0,0.0,1.0
1998-01-28,17,67.0,68.44,67.0,68.13,36.16,2428300.0,0.0,1.0
1998-01-29,18,67.5,68.75,67.13,67.94,36.0592,3348600.0,0.0,1.0
1998-01-30,19,68.5,68.56,67.06,67.63,35.8946,2391500.0,0.0,1.0
1998-02-02,20,71.38,71.69,69.13,69.38,36.8234,4901300.0,0.0,1.0
1998-02-03,21,68.5,69.44,67.75,68.75,36.4891,2693600.0,0.0,1.0
1998-02-04,22,68.5,68.5,67.19,68.38,36.2927,2139100.0,0.0,1.0
1998-02-05,23,68.94,68.94,66.56,66.69,35.3957,3017900.0,0.0,1.0
1998-02-06,24,67.31,67.81,66.63,66.75,35.4276,3191500.0,0.0,1.0
1998-02-09,25,66.94,66.94,64.5,65.0,34.4988,4221200.0,0.0,1.0
1998-02-10,26,64.38,66.44,62.63,63.5,33.7026,6182100.0,0.0,1.0
1998-02-11,27,63.63,66.13,63.56,66.13,35.2047,6795800.0,0.2,1.0
1998-02-12,28,65.0,65.81,64.06,64.69,34.4381,4074900.0,0.0,1.0
1998-02-13,29,64.0,64.94,63.25,63.69,33.9057,4315700.0,0.0,1.0
1998-02-17,30,62.0,62.13,60.44,61.75,32.8729,11597700.0,0.0,1.0
1998-02-18,31,60.63,61.06,59.5,60.0,31.9413,13625700.0,0.0,1.0
1998-02-19,32,60.5,61.44,60.25,60.44,32.1756,10639300.0,0.0,1.0
1998-02-20,33,61.06,62.44,60.75,61.63,32.8091,9184900.0,0.0,1.0
1998-02-23,34,62.94,64.94,62.75,64.81,34.5019,8460700.0,0.0,1.0
1998-02-24,35,63.19,65.44,63.13,63.94,34.0388,5813500.0,0.0,1.0
1998-02-25,36,65.69,65.75,64.56,65.38,34.8054,3799400.0,0.0,1.0
1998-02-26,37,65.69,65.94,64.81,65.44,34.8373,2919300.0,0.0,1.0
1998-02-27,38,65.94,66.19,65.0,65.81,35.0343,2451500.0,0.0,1.0
1998-03-02,39,65.81,66.31,64.44,65.0,34.6031,2579000.0,0.0,1.0
1998-03-03,40,64.69,64.81,63.81,64.38,34.273,3062400.0,0.0,1.0
1998-03-04,41,63.69,64.0,62.75,62.75,33.4053,3756800.0,0.0,1.0
1998-03-05,42,62.5,64.5,62.5,64.38,34.273,2978900.0,0.0,1.0
1998-03-06,43,65.25,66.19,65.06,66.13,35.2047,3152700.0,0.0,1.0
1998-03-09,44,66.13,66.5,64.19,64.63,34.4061,2346200.0,0.0,1.0
1998-03-10,45,66.44,66.88,65.81,66.44,35.3697,3478900.0,0.0,1.0
1998-03-11,46,66.69,67.13,65.88,66.38,35.3377,2925900.0,0.0,1.0
1998-03-12,47,66.75,66.75,65.38,65.56,34.9012,1925800.0,0.0,1.0
1998-03-13,48,66.0,66.69,65.44,65.5,34.8693,2383700.0,0.0,1.0
1998-03-16,49,65.75,67.44,65.69,67.44,35.902,2629200.0,0.0,1.0
1998-03-17,50,67.25,67.44,65.69,66.13,35.2047,2472700.0,0.0,1.0
1998-03-18,51,66.06,66.81,65.31,65.56,34.9012,1728000.0,0.0,1.0
1998-03-19,52,65.81,66.88,65.5,66.19,35.2366,1861500.0,0.0,1.0
1998-03-20,53,66.63,66.69,65.25,65.25,34.7362,2804600.0,0.0,1.0
1998-03-23,54,65.0,65.0,63.06,63.5,33.8046,3583900.0,0.0,1.0
1998-03-24,55,63.56,63.81,62.06,62.5,33.2722,4675200.0,0.0,1.0
1998-03-25,56,60.75,61.38,59.88,61.25,32.6068,7936900.0,0.0,1.0
1998-03-26,57,60.56,61.19,60.31,60.63,32.2767,4765200.0,0.0,1.0
1998-03-27,58,60.56,61.19,60.06,60.19,32.0425,4184000.0,0.0,1.0
1998-03-30,59,60.31,60.44,57.69,58.25,31.0097,7312100.0,0.0,1.0
1998-03-31,60,59.25,59.88,58.69,59.63,31.7443,5751900.0,0.0,1.0
1998-04-01,61,60.0,60.94,58.81,59.44,31.6432,5719700.0,0.0,1.0
1998-04-02,62,59.81,60.0,58.88,59.75,31.8082,3619100.0,0.0,1.0
1998-04-03,63,60.13,60.19,58.44,58.56,31.1747,4390700.0,0.0,1.0
1998-04-06,64,58.88,61.75,57.88,61.13,32.5429,9356100.0,0.0,1.0
1998-04-07,65,61.88,64.88,61.75,63.88,34.0069,9822100.0,0.0,1.0
1998-04-08,66,65.63,66.13,64.56,65.0,34.6031,6771100.0,0.0,1.0
1998-04-09,67,65.38,66.0,63.44,63.94,34.0388,2881900.0,0.0,1.0
1998-04-13,68,64.0,64.06,62.44,63.01,33.5437,2125300.0,0.0,1.0
1998-04-14,69,64.44,64.5,63.5,64.31,34.2358,1910900.0,0.0,1.0
1998-04-15,70,64.44,65.75,63.88,64.75,34.47,3290000.0,0.0,1.0
1998-04-16,71,64.75,64.75,62.31,63.25,33.6715,2889500.0,0.0,1.0
1998-04-17,72,64.88,69.25,64.63,68.38,36.4025,8358300.0,0.0,1.0
1998-04-20,73,71.63,73.75,70.13,72.19,38.4307,9805100.0,0.0,1.0
1998-04-21,74,72.5,73.63,71.56,72.19,38.4307,5051600.0,0.0,1.0
1998-04-22,75,72.06,72.31,70.69,71.44,38.0315,3663600.0,0.0,1.0
1998-04-23,76,71.38,71.38,69.88,70.5,37.531,2740700.0,0.0,1.0
1998-04-24,77,70.06,70.38,69.69,70.0,37.2649,2756800.0,0.0,1.0
1998-04-27,78,69.0,69.06,66.63,67.63,36.0032,3402200.0,0.0,1.0
1998-04-28,79,69.13,69.13,68.0,68.88,36.6686,2331500.0,0.0,1.0
1998-04-29,80,69.75,69.75,67.63,68.5,36.4663,1743100.0,0.0,1.0
1998-04-30,81,69.44,70.5,68.5,69.56,37.0306,2255200.0,0.0,1.0
1998-05-01,82,67.13,67.75,66.0,66.31,35.3005,4546800.0,0.0,1.0
1998-05-04,83,67.0,68.38,66.88,67.0,35.6678,2870100.0,0.0,1.0
1998-05-05,84,66.75,67.06,65.38,66.31,35.3005,2309300.0,0.0,1.0
1998-05-06,85,67.44,67.44,65.63,66.06,35.1674,2852700.0,0.0,1.0
1998-05-07,86,66.0,66.5,65.56,66.13,35.2047,2301400.0,0.0,1.0
1998-05-08,87,66.69,67.13,66.19,67.0,35.6678,2047700.0,0.0,1.0
1998-05-11,88,67.06,67.44,65.94,66.19,35.2366,2596000.0,0.0,1.0
1998-05-12,89,66.25,66.81,65.56,66.56,35.4336,1989200.0,0.0,1.0
1998-05-13,90,68.44,69.0,67.63,68.63,36.642,3415400.0,0.2,1.0
1998-05-14,91,68.88,69.0,67.94,68.0,36.3057,2820000.0,0.0,1.0
1998-05-15,92,68.69,69.94,68.19,68.44,36.5406,3686500.0,0.0,1.0
1998-05-18,93,70.0,70.63,68.19,69.75,37.24,4252900.0,0.0,1.0
1998-05-19,94,69.88,70.63,67.19,67.44,36.0067,2881600.0,0.0,1.0
1998-05-20,95,68.13,68.75,67.75,68.31,36.4712,2242800.0,0.0,1.0
1998-05-21,96,68.56,68.56,66.13,67.06,35.8038,1471400.0,0.0,1.0
1998-05-22,97,66.63,66.81,66.0,66.0,35.2378,1536200.0,0.0,1.0
1998-05-26,98,66.75,66.75,64.06,64.13,34.2394,2150600.0,0.0,1.0
1998-05-27,99,63.44,65.0,63.38,64.88,34.6399,3837300.0,0.0,1.0
1998-05-28,100,65.0,66.0,63.19,63.5,33.9031,4759800.0,0.0,1.0
1998-05-29,101,63.94,64.0,61.31,61.38,32.7712,6591000.0,0.0,1.0
1998-06-01,102,61.44,62.44,61.06,61.44,32.8032,3459200.0,0.0,1.0
1998-06-02,103,61.75,61.88,60.56,60.63,32.3708,4501100.0,0.0,1.0
1998-06-03,104,61.25,62.13,60.94,61.13,32.6377,3253600.0,0.0,1.0
1998-06-04,105,61.25,62.06,60.63,61.94,33.0702,2645200.0,0.0,1.0
1998-06-05,106,63.44,63.75,62.63,63.75,34.0365,3438900.0,0.0,1.0
1998-06-08,107,63.94,64.31,63.69,63.94,34.138000000000005,2691000.0,0.0,1.0
1998-06-09,108,63.75,64.25,63.31,64.0,34.17,2466500.0,0.0,1.0
1998-06-10,109,64.25,64.88,63.31,63.38,33.839,2828500.0,0.0,1.0
1998-06-11,110,63.31,63.81,62.0,62.25,33.2357,2323400.0,0.0,1.0
1998-06-12,111,62.13,63.69,62.06,63.63,33.9725,3086800.0,0.0,1.0
1998-06-15,112,62.5,65.0,62.25,63.56,33.9351,2935400.0,0.0,1.0
1998-06-16,113,63.88,64.06,62.38,64.06,34.2021,2856300.0,0.0,1.0
1998-06-17,114,64.0,65.63,64.0,64.38,34.3729,2836200.0,0.0,1.0
1998-06-18,115,64.75,65.75,64.5,65.13,34.7733,2368500.0,0.0,1.0
1998-06-19,116,65.81,67.06,64.75,66.56,35.5368,4135800.0,0.0,1.0
1998-06-22,117,66.13,66.31,65.5,66.0,35.2378,1747400.0,0.0,1.0
1998-06-23,118,66.25,66.56,65.0,65.63,35.0403,2270900.0,0.0,1.0
1998-06-24,119,66.19,68.06,65.88,68.06,36.3377,2587600.0,0.0,1.0
1998-06-25,120,68.0,68.88,66.75,67.0,35.7717,2275200.0,0.0,1.0
1998-06-26,121,67.25,68.81,66.88,68.5,36.5726,1579200.0,0.0,1.0
1998-06-29,122,68.69,68.69,67.31,67.63,36.1081,1865900.0,0.0,1.0
1998-06-30,123,67.88,67.88,66.06,66.25,35.3713,1411500.0,0.0,1.0
1998-07-01,124,66.88,67.13,64.56,64.56,34.469,2949700.0,0.0,1.0
1998-07-02,125,64.63,65.31,64.0,64.88,34.6399,1886700.0,0.0,1.0
1998-07-06,126,64.75,65.88,64.69,65.5,34.9709,2626500.0,0.0,1.0
1998-07-07,127,65.5,67.0,65.38,66.94,35.7397,2290000.0,0.0,1.0
1998-07-08,128,66.94,67.5,66.5,67.31,35.9373,1779100.0,0.0,1.0
1998-07-09,129,67.19,68.19,66.63,66.88,35.7077,1485000.0,0.0,1.0
1998-07-10,130,66.63,66.75,64.56,65.63,35.0403,2630100.0,0.0,1.0
1998-07-13,131,65.5,65.69,64.75,65.44,34.9389,1524100.0,0.0,1.0
1998-07-14,132,65.13,65.69,64.13,65.13,34.7733,2310900.0,0.0,1.0
1998-07-15,133,65.38,65.44,62.56,63.13,33.7055,3552000.0,0.0,1.0
1998-07-16,134,63.69,64.75,63.31,64.44,34.4049,2981800.0,0.0,1.0
1998-07-17,135,65.0,68.0,64.94,67.56,36.0707,4224700.0,0.0,1.0
1998-07-20,136,67.81,69.44,67.38,69.19,36.941,3219300.0,0.0,1.0
1998-07-21,137,69.69,69.69,68.38,68.88,36.7755,4054800.0,0.0,1.0
1998-07-22,138,68.75,69.38,67.81,69.25,36.973,3414300.0,0.0,1.0
1998-07-23,139,69.0,69.0,65.56,65.56,35.0029,2452900.0,0.0,1.0
1998-07-24,140,66.0,67.31,65.69,67.0,35.7717,2263600.0,0.0,1.0
1998-07-27,141,66.0,67.5,65.63,66.81,35.6703,1795600.0,0.0,1.0
1998-07-28,142,66.88,67.19,64.5,65.25,34.8374,2649500.0,0.0,1.0
1998-07-29,143,66.5,67.19,66.06,66.44,35.4728,2092500.0,0.0,1.0
1998-07-30,144,67.56,68.63,67.38,68.44,36.5406,2138600.0,0.0,1.0
1998-07-31,145,68.5,68.81,66.38,67.25,35.9052,1692600.0,0.0,1.0
1998-08-03,146,67.25,68.13,66.38,67.25,35.9052,2013300.0,0.0,1.0
1998-08-04,147,67.94,68.56,65.94,66.25,35.3713,3078100.0,0.0,1.0
1998-08-05,148,66.38,68.0,65.88,68.0,36.3057,3877800.0,0.0,1.0
1998-08-06,149,67.25,68.13,67.13,67.69,36.1401,1968900.0,0.0,1.0
1998-08-07,150,67.44,68.5,67.06,68.19,36.4071,2550100.0,0.0,1.0
1998-08-10,151,67.5,69.19,67.5,67.88,36.2416,2436100.0,0.0,1.0
1998-08-11,152,66.88,67.44,66.0,67.19,35.8732,2456800.0,0.0,1.0
1998-08-12,153,67.44,68.56,66.81,68.56,36.7114,2453700.0,0.2,1.0
1998-08-13,154,68.63,69.94,68.5,69.44,37.1826,3770100.0,0.0,1.0
1998-08-14,155,68.38,69.94,68.0,68.63,36.7489,2576100.0,0.0,1.0
1998-08-17,156,68.5,70.0,68.5,70.0,37.4825,3505000.0,0.0,1.0
1998-08-18,157,70.0,73.44,69.56,72.81,38.9871,5013400.0,0.0,1.0
1998-08-19,158,73.44,75.13,72.19,74.63,39.9617,4551400.0,0.0,1.0
1998-08-20,159,74.5,74.94,72.63,72.88,39.0246,3002300.0,0.0,1.0
1998-08-21,160,71.25,74.31,70.69,74.19,39.7261,3811400.0,0.0,1.0
1998-08-24,161,74.19,74.94,73.0,74.88,40.0956,3611900.0,0.0,1.0
1998-08-25,162,75.25,75.88,73.69,74.31,39.7903,3312200.0,0.0,1.0
1998-08-26,163,73.5,77.69,73.25,77.13,41.3003,3617700.0,0.0,1.0
1998-08-27,164,75.5,76.5,73.75,74.0,39.6243,4199700.0,0.0,1.0
1998-08-28,165,73.31,74.31,71.56,72.5,38.8211,2949400.0,0.0,1.0
1998-08-31,166,72.13,72.31,65.13,65.75,35.2068,4604600.0,0.0,1.0
1998-09-01,167,67.0,70.25,63.88,69.44,37.1826,4928300.0,0.0,1.0
1998-09-02,168,69.75,72.0,68.63,69.25,37.0809,3362900.0,0.0,1.0
1998-09-03,169,69.38,72.88,69.0,72.19,38.6552,3498400.0,0.0,1.0
1998-09-04,170,72.88,73.0,68.13,70.94,37.9858,2660000.0,0.0,1.0
1998-09-08,171,72.69,74.75,71.88,74.25,39.7582,2973000.0,0.0,1.0
1998-09-09,172,74.0,75.5,72.75,72.94,39.0568,2435900.0,0.0,1.0
1998-09-10,173,71.19,74.13,71.19,72.81,38.9871,2829200.0,0.0,1.0
1998-09-11,174,73.13,75.94,72.25,74.88,40.0956,2586900.0,0.0,1.0
1998-09-14,175,76.5,77.5,75.75,76.19,40.797,3380600.0,0.0,1.0
1998-09-15,176,76.44,78.13,76.25,77.31,41.3967,2940100.0,0.0,1.0
1998-09-16,177,76.63,77.63,75.88,77.5,41.4985,2119200.0,0.0,1.0
1998-09-17,178,75.31,76.88,74.25,74.63,39.9617,3098500.0,0.0,1.0
1998-09-18,179,74.81,75.44,72.89,75.13,40.2294,3783600.0,0.0,1.0
1998-09-21,180,74.0,77.5,72.88,76.31,40.8613,2092000.0,0.0,1.0
1998-09-22,181,77.38,80.38,76.63,79.88,42.7729,3489100.0,0.0,1.0
1998-09-23,182,79.94,81.63,79.25,80.88,43.3083,4021800.0,0.0,1.0
1998-09-24,183,79.31,80.75,77.69,78.13,41.8358,2289800.0,0.0,1.0
1998-09-25,184,77.25,79.75,76.5,78.56,42.0661,1958300.0,0.0,1.0
1998-09-28,185,81.5,81.5,78.56,79.88,42.7729,2194100.0,0.0,1.0
1998-09-29,186,80.0,80.69,78.44,80.06,42.8693,2062000.0,0.0,1.0
1998-09-30,187,79.13,79.88,76.88,78.31,41.9322,2459500.0,0.0,1.0
1998-10-01,188,77.5,79.44,75.0,76.31,40.8613,3674800.0,0.0,1.0
1998-10-02,189,76.25,77.38,72.63,76.88,41.1665,3574500.0,0.0,1.0
1998-10-05,190,75.88,79.75,74.81,78.69,42.1357,2995500.0,0.0,1.0
1998-10-06,191,79.5,79.56,76.25,77.5,41.4985,3105700.0,0.0,1.0
1998-10-07,192,73.0,75.25,70.0,71.38,38.2214,5726100.0,0.0,1.0
1998-10-08,193,70.13,71.75,68.0,70.56,37.7823,4934500.0,0.0,1.0
1998-10-09,194,71.25,73.56,69.81,73.38,39.2924,3140400.0,0.0,1.0
1998-10-12,195,75.25,75.38,73.56,73.75,39.4905,2400500.0,0.0,1.0
1998-10-13,196,74.44,74.44,72.5,72.5,38.8211,1918700.0,0.0,1.0
1998-10-14,197,71.0,73.13,70.0,72.5,38.8211,3120500.0,0.0,1.0
1998-10-15,198,72.63,75.88,72.19,74.5,39.8921,2582200.0,0.0,1.0
1998-10-16,199,75.44,75.63,74.44,75.25,40.2937,2806100.0,0.0,1.0
1998-10-19,200,75.0,75.5,73.06,75.06,40.1919,2102800.0,0.0,1.0
1998-10-20,201,75.63,76.69,74.56,75.38,40.3633,2627300.0,0.0,1.0
1998-10-21,202,75.5,79.0,75.38,78.0,41.7662,3372600.0,0.0,1.0
1998-10-22,203,76.88,79.19,75.88,78.56,42.0661,2223500.0,0.0,1.0
1998-10-23,204,78.31,79.13,77.38,77.69,41.6002,2232600.0,0.0,1.0
1998-10-26,205,77.75,77.75,76.56,77.38,41.4342,1586700.0,0.0,1.0
1998-10-27,206,78.13,78.44,76.75,76.88,41.1665,2338500.0,0.0,1.0
1998-10-28,207,76.5,78.06,76.06,77.31,41.3967,1547000.0,0.0,1.0
1998-10-29,208,77.38,80.31,77.38,80.25,42.971,3098800.0,0.0,1.0
1998-10-30,209,80.25,81.0,79.56,81.0,43.3726,2035500.0,0.0,1.0
1998-11-02,210,80.94,82.5,79.75,82.06,43.9402,2992100.0,0.0,1.0
1998-11-03,211,81.25,82.0,80.56,81.75,43.7742,1823800.0,0.0,1.0
1998-11-04,212,81.81,83.25,80.13,81.0,43.3726,3167500.0,0.0,1.0
1998-11-05,213,80.31,85.0,79.75,84.88,45.4502,2717100.0,0.0,1.0
1998-11-06,214,84.06,87.88,84.0,87.38,46.7889,2606400.0,0.0,1.0
1998-11-09,215,86.0,86.63,85.25,86.13,46.1195,2014200.0,0.0,1.0
1998-11-10,216,84.88,86.5,84.69,85.63,45.9589,1704100.0,0.2,1.0
1998-11-11,217,85.56,85.75,83.94,84.25,45.2182,1467500.0,0.0,1.0
1998-11-12,218,84.06,85.13,83.5,84.19,45.18600000000001,1238900.0,0.0,1.0
1998-11-13,219,83.63,83.94,82.25,83.63,44.8855,1373500.0,0.0,1.0
1998-11-16,220,84.13,84.88,82.81,83.81,44.9821,982400.0,0.0,1.0
1998-11-17,221,84.38,85.75,82.75,82.81,44.4454,2365200.0,0.0,1.0
1998-11-18,222,82.88,85.0,82.19,84.88,45.5564,1924700.0,0.0,1.0
1998-11-19,223,85.5,86.94,84.69,86.06,46.1897,2268200.0,0.0,1.0
1998-11-20,224,86.44,87.38,86.13,87.19,46.7962,1647700.0,0.0,1.0
1998-11-23,225,87.06,89.88,87.06,89.38,47.9716,2662700.0,0.0,1.0
1998-11-24,226,88.63,91.31,88.31,89.38,47.9716,2889500.0,0.0,1.0
1998-11-25,227,88.88,91.12,88.0,90.75,48.7069,1309900.0,0.0,1.0
1998-11-27,228,89.0,91.31,89.0,90.88,48.7766,824600.0,0.0,1.0
1998-11-30,229,90.38,90.94,88.63,89.69,48.1379,1921800.0,0.0,1.0
1998-12-01,230,88.0,90.44,87.69,90.25,48.4385,1492400.0,0.0,1.0
1998-12-02,231,89.13,89.38,87.38,88.88,47.7032,1661500.0,0.0,1.0
1998-12-03,232,88.25,89.13,83.5,83.75,44.9499,2710000.0,0.0,1.0
1998-12-04,233,85.25,86.25,83.94,86.13,46.2272,3306600.0,0.0,1.0
1998-12-07,234,87.5,88.75,86.13,86.94,46.662,2493900.0,0.0,1.0
1998-12-08,235,86.94,88.44,85.5,87.63,47.0323,1909000.0,0.0,1.0
1998-12-09,236,87.63,89.06,87.63,88.44,47.4671,2092000.0,0.0,1.0
1998-12-10,237,88.0,88.75,86.38,86.81,46.5922,2307700.0,0.0,1.0
1998-12-11,238,87.38,91.0,87.38,89.94,48.2721,3405400.0,0.0,1.0
1998-12-14,239,89.56,90.94,87.5,87.69,47.0645,3283700.0,0.0,1.0
1998-12-15,240,86.38,88.31,86.31,88.31,47.3973,3056800.0,0.0,1.0
1998-12-16,241,88.31,89.56,88.25,89.13,47.8374,3107400.0,0.0,1.0
1998-12-17,242,89.13,89.94,89.13,89.5,48.036,1877300.0,0.0,1.0
1998-12-18,243,88.25,88.88,86.75,87.31,46.8606,3047500.0,0.0,1.0
1998-12-21,244,85.31,87.25,84.0,84.06,45.1162,2749200.0,0.0,1.0
1998-12-22,245,85.0,85.31,83.63,84.94,45.5886,2616100.0,0.0,1.0
1998-12-23,246,85.0,85.94,84.19,85.63,45.9589,1809200.0,0.0,1.0
1998-12-24,247,85.75,85.75,84.69,85.25,45.7549,564900.0,0.0,1.0
1998-12-28,248,86.0,87.75,85.88,87.25,46.8284,1154400.0,0.0,1.0
1998-12-29,249,87.31,90.44,86.69,90.13,48.3741,1521800.0,0.0,1.0
1998-12-30,250,90.5,90.69,88.25,90.5,48.5727,1269900.0,0.0,1.0
1998-12-31,251,90.56,91.19,87.25,88.88,47.7032,1232700.0,0.0,1.0
1999-01-04,252,87.25,88.94,84.75,86.0,46.1575,2558700.0,0.0,1.0
1999-01-05,253,85.5,86.94,85.19,85.81,46.0555,2499400.0,0.0,1.0
1999-01-06,254,86.0,86.56,84.5,85.13,45.6905,3106300.0,0.0,1.0
1999-01-07,255,83.5,83.94,82.13,82.38,44.2146,3388600.0,0.0,1.0
1999-01-08,256,82.13,82.25,78.38,78.88,42.3361,5412200.0,0.0,1.0
1999-01-11,257,79.25,80.0,75.88,76.19,40.8923,4975300.0,0.0,1.0
1999-01-12,258,76.88,77.88,76.5,76.5,41.0587,3996400.0,0.0,1.0
1999-01-13,259,74.25,81.75,74.19,80.69,43.3075,5134700.0,0.0,1.0
1999-01-14,260,82.0,83.25,80.5,81.5,43.7423,3603300.0,0.0,1.0
1999-01-15,261,82.13,82.88,80.63,81.25,43.6081,2837900.0,0.0,1.0
1999-01-19,262,80.38,80.81,78.5,79.5,42.6688,2305400.0,0.0,1.0
1999-01-20,263,79.94,83.13,79.19,82.25,44.1448,2375700.0,0.0,1.0
1999-01-21,264,80.75,81.63,77.06,77.94,41.8315,3097000.0,0.0,1.0
1999-01-22,265,77.5,81.25,77.0,80.25,43.0714,2701400.0,0.0,1.0
1999-01-25,266,84.88,86.81,83.75,86.25,46.2916,6898600.0,0.0,1.0
1999-01-26,267,87.0,89.5,86.63,89.5,48.036,4380900.0,0.0,1.0
1999-01-27,268,89.94,91.94,88.88,90.75,48.7069,3904200.0,0.0,1.0
1999-01-28,269,89.75,92.88,89.63,92.25,49.5119,3175000.0,0.0,1.0
1999-01-29,270,90.38,94.06,89.5,93.69,50.2848,2905300.0,0.0,1.0
1999-02-01,271,93.69,94.56,91.75,93.19,50.0165,2125200.0,0.0,1.0
1999-02-02,272,91.5,92.94,89.88,91.81,49.2758,1706700.0,0.0,1.0
1999-02-03,273,90.25,92.38,89.5,92.0,49.3778,2667500.0,0.0,1.0
1999-02-04,274,91.5,93.06,90.94,90.94,48.8088,1653200.0,0.0,1.0
1999-02-05,275,90.13,90.81,88.0,88.44,47.4671,2037100.0,0.0,1.0
1999-02-08,276,87.75,88.0,86.81,87.25,46.8284,1392000.0,0.0,1.0
1999-02-09,277,87.0,87.94,86.56,86.69,46.5278,1946400.0,0.0,1.0
1999-02-10,278,86.63,87.44,86.44,87.38,47.0216,1379900.0,0.23,1.0
1999-02-11,279,87.38,90.13,87.38,90.0,48.4315,1298300.0,0.0,1.0
1999-02-12,280,90.06,90.63,88.63,90.19,48.5337,1844800.0,0.0,1.0
1999-02-16,281,90.0,90.5,88.38,89.38,48.0978,1654400.0,0.0,1.0
1999-02-17,282,88.69,90.13,88.25,88.5,47.6243,1455700.0,0.0,1.0
1999-02-18,283,89.0,94.31,88.88,93.38,50.2503,4258300.0,0.0,1.0
1999-02-19,284,94.25,94.5,92.63,93.06,50.0781,3165000.0,0.0,1.0
1999-02-22,285,91.75,95.0,91.75,94.88,51.0575,2226500.0,0.0,1.0
1999-02-23,286,94.63,97.25,94.5,96.44,51.897,2432000.0,0.0,1.0
1999-02-24,287,95.0,96.63,92.38,92.75,49.9113,2147900.0,0.0,1.0
1999-02-25,288,92.5,94.0,91.0,93.25,50.1804,2115400.0,0.0,1.0
1999-02-26,289,91.44,95.38,91.19,94.5,50.853,2617400.0,0.0,1.0
1999-03-01,290,94.5,94.5,93.44,93.81,50.4817,1713500.0,0.0,1.0
1999-03-02,291,93.56,94.94,93.0,93.0,50.0459,2283700.0,0.0,1.0
1999-03-03,292,92.56,92.88,91.63,92.88,49.9813,2133400.0,0.0,1.0
1999-03-04,293,92.19,94.5,91.13,94.5,50.853,2130800.0,0.0,1.0
1999-03-05,294,95.75,97.75,95.38,97.44,52.4351,2254800.0,0.0,1.0
1999-03-08,295,96.56,97.63,96.06,97.31,52.3652,1400300.0,0.0,1.0
1999-03-09,296,95.0,96.94,94.44,95.5,51.3912,2971300.0,0.0,1.0
1999-03-10,297,94.88,94.94,90.94,91.81,49.4055,3751500.0,0.0,1.0
1999-03-11,298,92.19,92.88,91.38,92.81,49.9436,3044900.0,0.0,1.0
1999-03-12,299,93.13,95.0,92.81,93.89,50.5248,2346900.0,0.0,1.0
1999-03-15,300,94.13,96.94,93.94,96.56,51.9616,1673900.0,0.0,1.0
1999-03-16,301,95.88,96.44,93.88,94.06,50.6163,2048700.0,0.0,1.0
1999-03-17,302,90.0,90.75,88.69,88.75,47.7588,5269400.0,0.0,1.0
1999-03-18,303,87.13,89.56,86.0,89.0,47.8933,6110300.0,0.0,1.0
1999-03-19,304,89.5,89.5,87.25,87.44,47.0539,3334200.0,0.0,1.0
1999-03-22,305,86.56,87.44,84.75,85.06,45.7731,2638300.0,0.0,1.0
1999-03-23,306,85.75,86.5,82.56,84.19,45.305,2979400.0,0.0,1.0
1999-03-24,307,84.13,86.06,83.63,85.69,46.1121,2143800.0,0.0,1.0
1999-03-25,308,86.5,87.13,85.5,86.5,46.548,1825500.0,0.0,1.0
1999-03-26,309,86.5,86.5,83.88,84.44,45.4395,1211400.0,0.0,1.0
1999-03-29,310,87.0,87.56,86.31,86.63,46.618,2345900.0,0.0,1.0
1999-03-30,311,86.56,88.38,86.06,87.94,47.3229,1654300.0,0.0,1.0
1999-03-31,312,89.13,89.25,84.88,84.88,45.6763,1664600.0,0.0,1.0
1999-04-01,313,85.81,87.13,84.88,86.88,46.7525,1405000.0,0.0,1.0
1999-04-05,314,86.75,87.0,85.25,86.25,46.4135,1973500.0,0.0,1.0
1999-04-06,315,86.44,86.5,84.88,85.94,46.2467,1208900.0,0.0,1.0
1999-04-07,316,86.88,86.88,84.75,85.38,45.9453,1595700.0,0.0,1.0
1999-04-08,317,85.88,89.31,85.63,88.5,47.6243,2185400.0,0.0,1.0
1999-04-09,318,88.56,91.0,87.5,90.25,48.566,1542100.0,0.0,1.0
1999-04-12,319,89.75,90.5,89.19,90.0,48.4315,1972100.0,0.0,1.0
1999-04-13,320,88.13,89.13,86.13,87.44,47.0539,2120700.0,0.0,1.0
1999-04-14,321,86.0,86.63,81.19,83.69,45.0359,3436700.0,0.0,1.0
1999-04-15,322,82.0,82.06,80.06,81.19,43.6906,4508100.0,0.0,1.0
1999-04-16,323,81.31,82.94,81.06,82.31,44.2933,2372500.0,0.0,1.0
1999-04-19,324,78.5,78.88,71.0,72.88,39.2187,6684900.0,0.0,1.0
1999-04-20,325,73.25,76.44,72.88,73.69,39.6546,5986100.0,0.0,1.0
1999-04-21,326,75.0,77.31,74.19,76.0,40.8977,3409100.0,0.0,1.0
1999-04-22,327,76.0,76.38,74.63,75.38,40.5641,3501900.0,0.0,1.0
1999-04-23,328,75.75,76.88,74.06,74.25,39.956,2971000.0,0.0,1.0
1999-04-26,329,75.0,78.81,74.81,77.0,41.4358,4088900.0,0.0,1.0
1999-04-27,330,79.75,79.81,78.5,79.06,42.5444,2991300.0,0.0,1.0
1999-04-28,331,80.0,80.5,76.81,77.5,41.7049,3004600.0,0.0,1.0
1999-04-29,332,75.0,76.75,72.88,75.0,40.3596,5821900.0,0.0,1.0
1999-04-30,333,74.13,74.38,72.88,73.63,39.6223,4371400.0,0.0,1.0
1999-05-03,334,73.63,76.25,73.25,76.19,40.9999,3307700.0,0.0,1.0
1999-05-04,335,76.19,76.63,74.63,75.75,40.7632,2446900.0,0.0,1.0
1999-05-05,336,75.75,76.19,73.75,75.19,40.4618,2356000.0,0.0,1.0
1999-05-06,337,75.06,76.56,74.75,76.13,40.9676,2285000.0,0.0,1.0
1999-05-07,338,76.0,76.81,74.0,75.5,40.6286,2205900.0,0.0,1.0
1999-05-10,339,74.75,75.0,73.25,73.31,39.4501,2013800.0,0.0,1.0
1999-05-11,340,73.88,76.13,73.44,75.81,40.7954,2266100.0,0.0,1.0
1999-05-12,341,76.0,79.0,75.06,76.44,41.2582,2751000.0,0.23,1.0
1999-05-13,342,77.69,79.75,76.56,78.88,42.5752,2779900.0,0.0,1.0
1999-05-14,343,76.5,77.75,76.25,76.94,41.5281,1848900.0,0.0,1.0
1999-05-17,344,76.0,78.38,76.0,78.0,42.1002,2966400.0,0.0,1.0
1999-05-18,345,78.0,78.0,75.56,77.25,41.6954,2596600.0,0.0,1.0
1999-05-19,346,76.81,77.5,75.38,75.75,40.8858,2129700.0,0.0,1.0
1999-05-20,347,74.5,75.19,73.63,73.88,39.8765,3016800.0,0.0,1.0
1999-05-21,348,74.25,74.38,70.69,71.31,38.4893,3750300.0,0.0,1.0
1999-05-24,349,71.38,72.0,70.25,71.0,38.322,4343800.0,0.0,1.0
1999-05-25,350,70.13,70.56,68.5,68.75,37.1076,4057600.0,0.0,1.0
1999-05-26,351,68.75,69.25,65.94,67.0,36.163,4762000.0,0.0,1.0
1999-05-27,352,66.88,70.0,66.38,69.0,37.2425,4339100.0,0.0,1.0
1999-05-28,353,69.63,72.38,69.25,71.44,38.5595,3524600.0,0.0,1.0
1999-06-01,354,71.44,71.5,70.0,70.69,38.1547,2049400.0,0.0,1.0
1999-06-02,355,71.0,71.69,70.0,70.13,37.8524,1397300.0,0.0,1.0
1999-06-03,356,70.0,72.0,69.5,71.94,38.8294,1785000.0,0.0,1.0
1999-06-04,357,72.13,75.44,72.13,75.25,40.6159,3432100.0,0.0,1.0
1999-06-07,358,75.25,75.75,71.75,71.88,38.797,3234800.0,0.0,1.0
1999-06-08,359,72.38,73.69,72.31,72.5,39.1316,3487700.0,0.0,1.0
1999-06-09,360,72.44,72.94,71.25,72.81,39.299,2363100.0,0.0,1.0
1999-06-10,361,71.94,72.31,70.19,70.69,38.1547,1876500.0,0.0,1.0
1999-06-11,362,70.56,72.38,69.06,69.31,37.4098,2315200.0,0.0,1.0
1999-06-14,363,69.63,69.81,68.69,68.81,37.14,1628200.0,0.0,1.0
1999-06-15,364,70.25,70.44,68.06,68.88,37.1778,2602000.0,0.0,1.0
1999-06-16,365,71.0,71.0,69.5,69.75,37.6473,2079800.0,0.0,1.0
1999-06-17,366,68.88,70.88,68.75,70.63,38.1223,2134000.0,0.0,1.0
1999-06-18,367,70.75,71.06,68.88,68.94,37.2101,3345700.0,0.0,1.0
1999-06-21,368,69.5,69.5,67.25,67.63,36.5031,2205700.0,0.0,1.0
1999-06-22,369,67.63,67.81,66.94,67.06,36.1954,3773700.0,0.0,1.0
1999-06-23,370,66.88,66.88,65.0,65.19,35.1861,3002800.0,0.0,1.0
1999-06-24,371,65.63,67.13,65.56,66.94,36.1306,2837300.0,0.0,1.0
1999-06-25,372,67.0,67.44,65.56,65.88,35.5585,1997700.0,0.0,1.0
1999-06-28,373,67.5,67.5,65.0,65.31,35.2509,2727800.0,0.0,1.0
1999-06-29,374,65.31,68.44,64.25,68.0,36.7028,6898200.0,0.0,1.0
1999-06-30,375,68.0,72.13,67.13,71.63,38.6621,5684400.0,0.0,1.0
1999-07-01,376,73.75,75.25,72.44,74.88,40.4162,6009600.0,0.0,1.0
1999-07-02,377,74.88,74.94,73.5,74.69,40.3137,2772000.0,0.0,1.0
1999-07-06,378,74.69,75.38,74.19,74.31,40.1086,2416700.0,0.0,1.0
1999-07-07,379,74.31,75.0,73.94,74.63,40.2813,1427800.0,0.0,1.0
1999-07-08,380,73.0,75.06,73.0,74.5,40.2111,2028700.0,0.0,1.0
1999-07-09,381,74.75,74.94,73.81,74.5,40.2111,1381400.0,0.0,1.0
1999-07-12,382,75.0,75.25,73.44,73.75,39.8063,1542000.0,0.0,1.0
1999-07-13,383,73.38,73.63,72.81,72.81,39.299,1995100.0,0.0,1.0
1999-07-14,384,73.5,74.13,72.5,73.94,39.9089,2170500.0,0.0,1.0
1999-07-15,385,74.63,77.0,74.56,76.88,41.4957,3032800.0,0.0,1.0
1999-07-16,386,77.38,77.5,76.13,76.88,41.4957,2756900.0,0.0,1.0
1999-07-19,387,76.88,77.75,75.5,76.0,41.0207,1811800.0,0.0,1.0
1999-07-20,388,75.5,75.5,73.38,73.81,39.8387,2004500.0,0.0,1.0
1999-07-21,389,73.75,74.19,72.0,73.0,39.4015,2481800.0,0.0,1.0
1999-07-22,390,73.38,73.38,71.44,71.94,38.8294,1883400.0,0.0,1.0
1999-07-23,391,72.0,72.0,68.25,68.88,37.1778,3120200.0,0.0,1.0
1999-07-26,392,70.38,70.38,68.94,68.94,37.2101,2059400.0,0.0,1.0
1999-07-27,393,69.38,69.44,67.63,67.88,36.63800000000001,3097500.0,0.0,1.0
1999-07-28,394,68.13,68.25,67.19,67.81,36.6002,3077200.0,0.0,1.0
1999-07-29,395,67.06,67.31,65.69,66.38,35.8284,3088400.0,0.0,1.0
1999-07-30,396,66.88,67.0,65.56,65.69,35.456,3910800.0,0.0,1.0
1999-08-02,397,65.63,66.44,65.19,65.25,35.2185,2236600.0,0.0,1.0
1999-08-03,398,65.75,65.94,64.0,64.25,34.6787,2534200.0,0.0,1.0
1999-08-04,399,64.31,64.63,61.44,62.75,33.8691,4921400.0,0.0,1.0
1999-08-05,400,62.5,63.38,61.56,63.13,34.0742,3648600.0,0.0,1.0
1999-08-06,401,63.31,63.69,61.88,62.69,33.8367,3373200.0,0.0,1.0
1999-08-09,402,62.69,63.88,62.69,63.75,34.4089,2161200.0,0.0,1.0
1999-08-10,403,64.13,64.63,62.88,63.31,34.1714,1966000.0,0.0,1.0
1999-08-11,404,64.0,64.0,60.56,61.5,33.3186,3642800.0,0.23,1.0
1999-08-12,405,61.88,62.5,61.0,61.88,33.5244,5280300.0,0.0,1.0
1999-08-13,406,62.69,63.69,62.31,63.06,34.1637,3351200.0,0.0,1.0
1999-08-16,407,63.88,64.56,63.5,64.44,34.9114,2356900.0,0.0,1.0
1999-08-17,408,65.31,65.81,64.0,65.63,35.5561,2639300.0,0.0,1.0
1999-08-18,409,66.19,67.63,65.81,66.94,36.2658,4126100.0,0.0,1.0
1999-08-19,410,66.94,66.94,65.56,66.31,35.9245,2791200.0,0.0,1.0
1999-08-20,411,67.25,67.44,66.63,67.25,36.4337,4178600.0,0.0,1.0
1999-08-23,412,68.25,71.31,68.0,71.0,38.4653,4410900.0,0.0,1.0
1999-08-24,413,71.0,72.94,70.19,72.56,39.3105,3691000.0,0.0,1.0
1999-08-25,414,73.0,75.88,72.94,75.63,40.9737,5413800.0,0.0,1.0
1999-08-26,415,76.38,77.06,74.75,75.0,40.6324,5072300.0,0.0,1.0
1999-08-27,416,75.63,75.94,74.75,75.25,40.7678,2388100.0,0.0,1.0
1999-08-30,417,75.38,77.06,75.25,76.38,41.38,2845800.0,0.0,1.0
1999-08-31,418,77.5,77.5,74.13,74.63,40.4319,3365800.0,0.0,1.0
1999-09-01,419,74.63,75.63,73.63,75.38,40.8383,2647500.0,0.0,1.0
1999-09-02,420,73.81,74.94,73.56,74.88,40.5674,1397900.0,0.0,1.0
1999-09-03,421,76.5,77.25,76.0,77.19,41.8189,1567700.0,0.0,1.0
1999-09-07,422,76.94,76.94,74.81,75.0,40.6324,1479200.0,0.0,1.0
1999-09-08,423,74.5,75.25,73.63,73.94,40.0581,1640200.0,0.0,1.0
1999-09-09,424,73.94,73.94,72.63,73.5,39.8197,2017900.0,0.0,1.0
1999-09-10,425,73.31,73.63,72.25,72.38,39.213,1838500.0,0.0,1.0
1999-09-13,426,72.75,72.81,71.5,71.88,38.9421,1493200.0,0.0,1.0
1999-09-14,427,71.5,71.69,69.25,69.88,37.8586,2241300.0,0.0,1.0
1999-09-15,428,70.38,71.0,68.13,68.13,36.9105,2317400.0,0.0,1.0
1999-09-16,429,68.13,68.31,66.38,67.56,36.6017,3063000.0,0.0,1.0
1999-09-17,430,67.19,67.56,66.38,67.0,36.2983,2910500.0,0.0,1.0
1999-09-20,431,66.81,67.5,66.69,67.13,36.3687,1582200.0,0.0,1.0
1999-09-21,432,66.69,67.13,65.0,65.63,35.5561,2534500.0,0.0,1.0
1999-09-22,433,66.63,67.5,66.0,66.69,36.1303,3145700.0,0.0,1.0
1999-09-23,434,66.69,66.94,65.0,65.06,35.2472,2413800.0,0.0,1.0
1999-09-24,435,65.13,65.63,63.81,65.19,35.3177,2212500.0,0.0,1.0
1999-09-27,436,65.81,65.94,63.19,63.19,34.2341,2360000.0,0.0,1.0
1999-09-28,437,63.44,63.5,62.0,62.94,34.0987,2805600.0,0.0,1.0
1999-09-29,438,63.25,64.69,62.88,63.25,34.2667,2400300.0,0.0,1.0
1999-09-30,439,64.63,64.94,63.56,64.19,34.7759,2430100.0,0.0,1.0
1999-10-01,440,65.94,69.38,65.56,68.56,37.1434,4183200.0,0.0,1.0
1999-10-04,441,69.63,71.0,69.19,71.0,38.4653,3061300.0,0.0,1.0
1999-10-05,442,70.94,71.38,68.69,69.06,37.4143,2189200.0,0.0,1.0
1999-10-06,443,69.13,70.94,69.13,70.88,38.4003,1456400.0,0.0,1.0
1999-10-07,444,70.75,71.25,70.06,70.69,38.2974,1259800.0,0.0,1.0
1999-10-08,445,71.19,74.19,70.94,73.44,39.7872,3467400.0,0.0,1.0
1999-10-11,446,73.0,73.0,71.5,72.13,39.0775,1951900.0,0.0,1.0
1999-10-12,447,71.13,72.0,70.31,70.63,38.2649,2049300.0,0.0,1.0
1999-10-13,448,70.38,71.31,69.75,69.75,37.7881,1796400.0,0.0,1.0
1999-10-14,449,69.81,69.81,67.5,67.81,36.7371,2369400.0,0.0,1.0
1999-10-15,450,67.75,67.75,65.13,66.38,35.9624,1948200.0,0.0,1.0
1999-10-18,451,65.25,67.56,65.19,67.06,36.3308,2482500.0,0.0,1.0
1999-10-19,452,69.38,70.88,69.0,69.88,37.8586,3198700.0,0.0,1.0
1999-10-20,453,64.63,65.88,62.38,65.63,35.5561,10426500.0,0.0,1.0
1999-10-21,454,65.13,68.75,65.06,68.19,36.94300000000001,6353200.0,0.0,1.0
1999-10-22,455,68.38,69.19,68.19,68.56,37.1434,2934600.0,0.0,1.0
1999-10-25,456,67.0,68.5,66.19,68.44,37.0784,2767800.0,0.0,1.0
1999-10-26,457,68.44,68.44,66.63,66.81,36.1953,2182600.0,0.0,1.0
1999-10-27,458,66.75,68.06,66.56,67.13,36.3687,2307800.0,0.0,1.0
1999-10-28,459,68.88,68.94,67.19,68.25,36.9755,5368100.0,0.0,1.0
1999-10-29,460,68.94,69.25,68.5,68.88,37.3168,4011300.0,0.0,1.0
1999-11-01,461,68.94,70.0,68.25,68.75,37.2464,2400000.0,0.0,1.0
1999-11-02,462,69.63,69.88,68.56,68.88,37.3168,2254400.0,0.0,1.0
1999-11-03,463,70.88,72.38,70.81,71.88,38.9421,4182500.0,0.0,1.0
1999-11-04,464,73.13,76.56,72.75,76.13,41.2446,5294600.0,0.0,1.0
1999-11-05,465,77.19,78.75,76.75,77.0,41.7159,5094000.0,0.0,1.0
1999-11-08,466,76.0,76.38,74.63,75.25,40.7678,2621800.0,0.0,1.0
1999-11-09,467,75.25,75.69,73.56,74.0,40.0906,1899100.0,0.0,1.0
1999-11-10,468,74.31,76.69,73.5,75.94,41.2663,1994100.0,0.23,1.0
1999-11-11,469,77.88,77.88,76.44,76.88,41.7771,1843200.0,0.0,1.0
1999-11-12,470,77.38,77.56,75.75,77.38,42.0488,1410900.0,0.0,1.0
1999-11-15,471,76.75,76.88,73.88,73.88,40.1468,2285000.0,0.0,1.0
1999-11-16,472,74.25,77.0,74.25,77.0,41.8423,2093600.0,0.0,1.0
1999-11-17,473,75.25,76.31,74.63,75.06,40.7881,2534200.0,0.0,1.0
1999-11-18,474,74.06,75.13,73.5,73.63,40.011,2084700.0,0.0,1.0
1999-11-19,475,72.0,73.19,72.0,72.88,39.6034,2393600.0,0.0,1.0
1999-11-22,476,72.5,75.13,71.63,75.06,40.7881,1413000.0,0.0,1.0
1999-11-23,477,75.25,75.31,73.06,73.5,39.9403,2051900.0,0.0,1.0
1999-11-24,478,73.0,73.94,72.81,73.56,39.973,1178500.0,0.0,1.0
1999-11-26,479,72.56,72.81,72.19,72.44,39.3643,651800.0,0.0,1.0
1999-11-29,480,71.63,75.63,71.13,75.38,40.962,1966600.0,0.0,1.0
1999-11-30,481,73.5,74.44,71.0,71.75,38.9894,3008900.0,0.0,1.0
1999-12-01,482,71.13,71.88,70.13,71.44,38.8209,2420400.0,0.0,1.0
1999-12-02,483,72.0,72.0,70.5,71.32,38.7557,2120900.0,0.0,1.0
1999-12-03,484,72.25,73.88,71.38,71.88,39.06,2493500.0,0.0,1.0
1999-12-06,485,71.31,71.31,69.25,69.5,37.7667,2545900.0,0.0,1.0
1999-12-07,486,69.69,69.94,66.0,66.5,36.1365,3834100.0,0.0,1.0
1999-12-08,487,67.19,67.38,66.13,66.25,36.0007,1914500.0,0.0,1.0
1999-12-09,488,66.38,68.94,65.75,66.88,36.343,1900200.0,0.0,1.0
1999-12-10,489,66.25,67.69,65.63,65.88,35.7996,1866400.0,0.0,1.0
1999-12-13,490,65.25,65.56,63.63,64.13,34.8486,4143000.0,0.0,1.0
1999-12-14,491,64.0,67.25,63.63,66.38,36.0713,3542800.0,0.0,1.0
1999-12-15,492,65.75,68.63,65.69,68.56,37.2559,3189500.0,0.0,1.0
1999-12-16,493,67.5,68.5,66.38,66.88,36.343,3546200.0,0.0,1.0
1999-12-17,494,66.94,67.5,65.94,67.06,36.4408,3341600.0,0.0,1.0
1999-12-20,495,65.63,66.38,64.5,65.0,35.3214,3192500.0,0.0,1.0
1999-12-21,496,64.81,65.56,63.75,65.44,35.5605,2384600.0,0.0,1.0
1999-12-22,497,65.31,67.5,64.81,66.88,36.343,1943400.0,0.0,1.0
1999-12-23,498,67.44,68.5,67.19,68.25,37.0875,1904500.0,0.0,1.0
1999-12-27,499,67.25,70.5,67.06,70.5,38.3101,2152300.0,0.0,1.0
1999-12-28,500,69.63,69.63,67.75,68.44,37.1907,1548700.0,0.0,1.0
1999-12-29,501,68.75,68.75,66.63,67.31,36.5767,955900.0,0.0,1.0
1999-12-30,502,66.75,68.25,66.31,67.25,36.5441,1089600.0,0.0,1.0
1999-12-31,503,67.44,67.44,66.19,66.5,36.1365,906200.0,0.0,1.0
2000-01-03,504,65.0,67.0,65.0,65.56,35.6257,2645000.0,0.0,1.0
2000-01-04,505,64.25,65.44,62.75,63.5,34.5063,3701000.0,0.0,1.0
2000-01-05,506,63.13,65.31,63.0,64.44,35.0171,3411000.0,0.0,1.0
2000-01-06,507,65.0,66.19,64.31,66.19,35.968,2460100.0,0.0,1.0
2000-01-07,508,68.0,71.06,67.5,71.06,38.6144,5863300.0,0.0,1.0
2000-01-10,509,71.06,71.06,67.94,68.13,37.0223,2830500.0,0.0,1.0
2000-01-11,510,67.0,69.38,67.0,68.5,37.2233,3309700.0,0.0,1.0
2000-01-12,511,67.63,68.31,66.94,67.5,36.6799,3573600.0,0.0,1.0
2000-01-13,512,65.75,68.38,65.63,66.69,36.2398,3639400.0,0.0,1.0
2000-01-14,513,68.94,69.25,68.0,68.31,37.1201,3750300.0,0.0,1.0
2000-01-18,514,69.38,69.38,66.5,67.31,36.5767,2082900.0,0.0,1.0
2000-01-19,515,66.0,68.0,65.75,67.75,36.8158,2193700.0,0.0,1.0
2000-01-20,516,67.69,68.25,65.56,66.78,36.2887,2136400.0,0.0,1.0
2000-01-21,517,65.13,65.63,64.13,64.75,35.1855,4051000.0,0.0,1.0
2000-01-24,518,64.63,64.81,61.56,62.13,33.7618,4206900.0,0.0,1.0
2000-01-25,519,62.38,63.25,61.75,62.31,33.8596,3148700.0,0.0,1.0
2000-01-26,520,62.94,63.38,62.13,62.75,34.0987,2233100.0,0.0,1.0
2000-01-27,521,62.0,64.38,61.5,64.25,34.9138,3052200.0,0.0,1.0
2000-01-28,522,65.0,67.38,64.88,65.31,35.4899,4284500.0,0.0,1.0
2000-01-31,523,65.94,67.0,62.38,66.88,36.343,3334100.0,0.0,1.0
2000-02-01,524,65.88,66.5,64.69,65.56,35.6257,2981300.0,0.0,1.0
2000-02-02,525,65.5,66.06,63.88,65.06,35.354,2066300.0,0.0,1.0
2000-02-03,526,65.31,65.81,63.63,65.25,35.4572,2643600.0,0.0,1.0
2000-02-04,527,64.88,65.25,64.5,64.88,35.2562,1717600.0,0.0,1.0
2000-02-07,528,65.44,65.44,62.75,63.31,34.403,1957400.0,0.0,1.0
2000-02-08,529,62.63,63.75,62.63,63.31,34.403,2536700.0,0.0,1.0
2000-02-09,530,64.38,64.38,61.69,61.75,33.5553,3211000.0,0.0,1.0
2000-02-10,531,61.88,63.0,61.81,62.31,33.8596,2080000.0,0.0,1.0
2000-02-11,532,62.5,62.56,61.06,61.63,33.6314,3268100.0,0.26,1.0
2000-02-14,533,61.38,62.0,60.44,60.75,33.1512,2758000.0,0.0,1.0
2000-02-15,534,60.88,61.69,60.63,61.19,33.3913,2989400.0,0.0,1.0
2000-02-16,535,62.0,62.44,61.19,61.25,33.424,3292800.0,0.0,1.0
2000-02-17,536,61.75,61.94,60.19,60.19,32.8456,3290500.0,0.0,1.0
2000-02-18,537,60.31,60.38,58.25,58.5,31.9234,3684000.0,0.0,1.0
2000-02-22,538,59.75,60.38,57.63,59.5,32.4691,2716500.0,0.0,1.0
2000-02-23,539,59.75,60.88,58.31,60.31,32.9111,2489800.0,0.0,1.0
2000-02-24,540,59.94,60.25,57.88,58.56,31.9561,2612700.0,0.0,1.0
2000-02-25,541,58.44,58.81,56.13,56.69,30.9357,2554400.0,0.0,1.0
2000-02-28,542,57.0,58.44,57.0,57.5,31.3777,3832900.0,0.0,1.0
2000-02-29,543,58.5,60.5,58.38,59.44,32.4363,4138700.0,0.0,1.0
2000-03-01,544,59.44,60.25,58.0,58.88,32.1307,4186700.0,0.0,1.0
2000-03-02,545,57.88,59.38,57.19,57.69,31.4814,2095800.0,0.0,1.0
2000-03-03,546,58.63,59.0,57.56,58.0,31.6505,2085200.0,0.0,1.0
2000-03-06,547,57.25,58.69,57.13,57.63,31.4486,2549700.0,0.0,1.0
2000-03-07,548,57.88,57.94,54.0,54.5,29.7406,3998100.0,0.0,1.0
2000-03-08,549,55.0,57.38,54.5,55.5,30.2863,4282600.0,0.0,1.0
2000-03-09,550,56.44,60.06,56.44,60.06,32.7747,3853500.0,0.0,1.0
2000-03-10,551,60.13,61.94,60.0,61.19,33.3913,3535800.0,0.0,1.0
2000-03-13,552,61.0,61.0,57.63,59.25,32.3326,2115500.0,0.0,1.0
2000-03-14,553,58.25,58.69,57.38,57.44,31.3449,2133000.0,0.0,1.0
2000-03-15,554,57.44,63.5,57.38,62.75,34.2426,4364700.0,0.0,1.0
2000-03-16,555,63.88,65.94,63.0,64.75,35.334,5316400.0,0.0,1.0
2000-03-17,556,63.88,63.94,61.0,61.38,33.495,4843300.0,0.0,1.0
2000-03-20,557,61.38,61.44,59.63,60.75,33.1512,2271100.0,0.0,1.0
2000-03-21,558,59.75,62.0,59.69,61.69,33.6641,2987000.0,0.0,1.0
2000-03-22,559,62.38,64.31,61.63,63.56,34.6846,3347000.0,0.0,1.0
2000-03-23,560,64.19,64.81,63.56,64.38,35.1321,3159800.0,0.0,1.0
2000-03-24,561,64.12,64.19,61.12,62.12,33.8988,2061200.0,0.0,1.0
2000-03-27,562,62.0,62.31,59.94,60.5,33.0148,2013000.0,0.0,1.0
2000-03-28,563,59.81,61.0,59.5,60.25,32.8783,2114100.0,0.0,1.0
2000-03-29,564,60.13,61.5,60.13,61.0,33.2876,2834600.0,0.0,1.0
2000-03-30,565,61.25,63.13,60.75,60.75,33.1512,3098400.0,0.0,1.0
2000-03-31,566,61.25,64.5,60.13,62.63,34.1771,3243800.0,0.0,1.0
2000-04-03,567,64.25,65.5,64.0,65.38,35.6778,2741300.0,0.0,1.0
2000-04-04,568,65.63,69.38,65.44,69.0,37.6532,6700500.0,0.0,1.0
2000-04-05,569,68.13,69.0,66.88,67.46,36.8128,3470900.0,0.0,1.0
2000-04-06,570,66.0,67.0,65.06,65.88,35.9506,2190400.0,0.0,1.0
2000-04-07,571,65.63,65.75,64.19,64.31,35.0939,1607200.0,0.0,1.0
2000-04-10,572,64.0,66.75,63.75,64.88,35.4049,2884200.0,0.0,1.0
2000-04-11,573,65.0,66.94,64.88,66.88,36.4963,2373300.0,0.0,1.0
2000-04-12,574,66.25,67.0,64.75,65.13,35.5413,2618200.0,0.0,1.0
2000-04-13,575,68.44,70.0,68.0,70.0,38.1989,4523000.0,0.0,1.0
2000-04-14,576,68.5,69.94,66.5,67.44,36.8019,4056300.0,0.0,1.0
2000-04-17,577,67.44,70.0,67.38,70.0,38.1989,3876700.0,0.0,1.0
2000-04-18,578,69.81,74.0,69.5,73.25,39.9724,6465300.0,0.0,1.0
2000-04-19,579,74.19,76.25,73.25,75.63,41.2712,6148700.0,0.0,1.0
2000-04-20,580,76.44,76.88,75.0,75.75,41.3367,4305000.0,0.0,1.0
2000-04-24,581,75.75,78.5,75.75,77.5,42.2916,4803800.0,0.0,1.0
2000-04-25,582,77.06,77.31,76.19,77.0,42.0188,3801900.0,0.0,1.0
2000-04-26,583,76.5,78.13,75.5,77.81,42.4608,4066100.0,0.0,1.0
2000-04-27,584,77.0,78.0,76.19,77.94,42.5317,2522200.0,0.0,1.0
2000-04-28,585,77.13,77.69,76.0,77.13,42.0897,2653700.0,0.0,1.0
2000-05-01,586,78.0,79.44,77.0,77.38,42.2262,3418600.0,0.0,1.0
2000-05-02,587,76.94,78.69,76.88,78.0,42.5645,2582900.0,0.0,1.0
2000-05-03,588,78.0,79.06,77.31,79.0,43.1102,2586400.0,0.0,1.0
2000-05-04,589,79.0,79.63,77.69,79.25,43.2466,2963800.0,0.0,1.0
2000-05-05,590,77.5,79.94,77.5,79.75,43.5195,3169400.0,0.0,1.0
2000-05-08,591,79.94,80.5,78.75,80.5,43.9287,2496200.0,0.0,1.0
2000-05-09,592,80.25,80.31,79.0,79.63,43.45399999999999,2654900.0,0.0,1.0
2000-05-10,593,77.88,78.69,76.0,77.25,42.1552,4571900.0,0.0,1.0
2000-05-11,594,75.25,75.94,74.25,74.88,41.0038,2621800.0,0.26,1.0
2000-05-12,595,74.25,76.13,73.0,75.44,41.3104,3131000.0,0.0,1.0
2000-05-15,596,75.38,76.94,75.25,76.44,41.858,3444700.0,0.0,1.0
2000-05-16,597,75.5,76.5,74.75,74.94,41.0366,3343900.0,0.0,1.0
2000-05-17,598,74.63,74.75,72.88,73.88,40.4562,4043400.0,0.0,1.0
2000-05-18,599,73.88,74.81,73.63,73.75,40.385,2635300.0,0.0,1.0
2000-05-19,600,73.94,76.06,73.69,75.94,41.5842,2775700.0,0.0,1.0
2000-05-22,601,76.25,77.0,73.69,75.19,41.1735,2518800.0,0.0,1.0
2000-05-23,602,74.63,76.19,73.88,75.56,41.3762,1867300.0,0.0,1.0
2000-05-24,603,75.56,77.63,75.44,77.13,42.2359,2274900.0,0.0,1.0
2000-05-25,604,78.5,79.63,77.25,78.63,43.0573,3401300.0,0.0,1.0
2000-05-26,605,77.75,79.38,77.75,78.81,43.1558,1715500.0,0.0,1.0
2000-05-30,606,77.88,78.0,75.44,76.5,41.8909,2042300.0,0.0,1.0
2000-05-31,607,76.0,77.44,76.0,76.44,41.858,2219200.0,0.0,1.0
2000-06-01,608,77.0,77.75,76.25,77.06,42.1975,2992100.0,0.0,1.0
2000-06-02,609,76.94,76.94,72.31,73.13,40.0455,4229700.0,0.0,1.0
2000-06-05,610,71.63,73.0,71.25,72.44,39.6677,3257100.0,0.0,1.0
2000-06-06,611,71.25,74.38,71.25,74.13,40.5931,2245600.0,0.0,1.0
2000-06-07,612,74.38,75.88,74.0,74.88,41.0038,2493600.0,0.0,1.0
2000-06-08,613,74.63,75.56,73.38,74.94,41.0366,1811000.0,0.0,1.0
2000-06-09,614,73.88,76.5,73.88,76.19,41.7211,2704400.0,0.0,1.0
2000-06-12,615,77.0,79.0,76.75,78.25,42.8492,8891900.0,0.0,1.0
2000-06-13,616,78.13,80.94,78.06,80.75,44.2182,4020600.0,0.0,1.0
2000-06-14,617,81.13,82.94,80.94,82.81,45.3462,4995200.0,0.0,1.0
2000-06-15,618,82.81,83.44,81.69,83.0,45.4502,3666700.0,0.0,1.0
2000-06-16,619,83.0,85.25,82.38,84.94,46.5126,6617700.0,0.0,1.0
2000-06-19,620,84.13,86.81,84.13,86.38,47.3011,3680300.0,0.0,1.0
2000-06-20,621,86.25,87.13,85.44,86.58,47.4106,4375200.0,0.0,1.0
2000-06-21,622,86.63,89.44,86.25,86.75,47.5037,5560400.0,0.0,1.0
2000-06-22,623,86.25,86.31,83.88,84.5,46.2716,3317600.0,0.0,1.0
2000-06-23,624,84.5,85.31,84.31,85.31,46.7152,1671900.0,0.0,1.0
2000-06-26,625,85.31,87.69,84.88,86.56,47.3997,3165200.0,0.0,1.0
2000-06-27,626,86.13,86.25,83.88,84.75,46.4085,3858000.0,0.0,1.0
2000-06-28,627,86.5,87.63,85.38,87.2,47.7501,4775700.0,0.0,1.0
2000-06-29,628,102.0,109.0,98.94,101.6,55.6355,24396500.0,0.0,1.0
2000-06-30,629,99.25,100.8,97.5,99.88,54.6936,8779800.0,0.0,1.0
2000-07-03,630,97.94,99.31,97.5,98.75,54.0748,2013600.0,0.0,1.0
2000-07-05,631,98.88,105.0,98.56,104.5,57.2235,5913800.0,0.0,1.0
2000-07-06,632,102.9,103.8,100.2,101.6,55.6355,4015300.0,0.0,1.0
2000-07-07,633,99.69,102.8,98.88,101.0,55.3069,2389400.0,0.0,1.0
2000-07-10,634,100.9,104.4,100.9,104.0,56.9497,2024300.0,0.0,1.0
2000-07-11,635,103.0,103.1,102.4,103.0,56.4021,2769800.0,0.0,1.0
2000-07-12,636,102.0,102.4,99.31,99.75,54.6224,2779200.0,0.0,1.0
2000-07-13,637,99.0,99.06,94.94,95.75,52.4321,3980900.0,0.0,1.0
2000-07-14,638,93.38,95.13,91.56,94.5,51.7476,4906200.0,0.0,1.0
2000-07-17,639,95.5,99.81,94.5,98.47,53.9215,3000800.0,0.0,1.0
2000-07-18,640,98.38,101.2,97.19,100.5,55.0331,3808000.0,0.0,1.0
2000-07-19,641,100.3,100.9,98.63,98.75,54.0748,2584900.0,0.0,1.0
2000-07-20,642,97.75,98.44,94.19,96.5,52.8428,4964500.0,0.0,1.0
2000-07-21,643,96.0,99.56,95.31,97.88,53.5984,3230400.0,0.0,1.0
2000-07-24,644,98.81,102.1,98.81,101.1,55.3617,3774100.0,0.0,1.0
2000-07-25,645,98.75,101.4,98.75,101.0,55.3069,3037200.0,0.0,1.0
2000-07-26,646,99.25,100.9,98.0,98.9,54.157,3080800.0,0.0,1.0
2000-07-27,647,99.75,100.4,99.31,99.42,54.4417,1772600.0,0.0,1.0
2000-07-28,648,99.5,104.0,99.5,102.3,56.0188,3311300.0,0.0,1.0
2000-07-31,649,102.5,104.9,100.1,103.9,56.8949,2767500.0,0.0,1.0
2000-08-01,650,104.1,107.2,103.7,106.9,58.5377,2590400.0,0.0,1.0
2000-08-02,651,105.9,107.4,105.8,106.8,58.483,2886700.0,0.0,1.0
2000-08-03,652,105.3,108.7,105.3,107.9,59.0853,2127100.0,0.0,1.0
2000-08-04,653,107.6,107.9,105.1,107.4,58.8115,2097700.0,0.0,1.0
2000-08-07,654,105.8,106.7,104.8,106.5,58.3187,1950600.0,0.0,1.0
2000-08-08,655,106.8,108.9,105.5,108.5,59.4139,4149700.0,0.0,1.0
2000-08-09,656,107.0,107.4,74.88,76.88,42.099,22492400.0,0.0,1.0
2000-08-10,657,77.5,78.44,75.0,77.13,42.2359,24921300.0,0.0,1.0
2000-08-11,658,76.0,78.44,75.56,77.0,42.3071,9370900.0,0.26,1.0
2000-08-14,659,77.94,78.5,77.13,77.75,42.7191,4926500.0,0.0,1.0
2000-08-15,660,78.44,78.44,77.0,77.0,42.3071,3095100.0,0.0,1.0
2000-08-16,661,77.44,78.2,77.31,77.88,42.7906,4003600.0,0.0,1.0
2000-08-17,662,77.5,79.31,77.44,78.38,43.0653,3938300.0,0.0,1.0
2000-08-18,663,78.5,78.81,76.5,76.5,42.0323,3436800.0,0.0,1.0
2000-08-21,664,77.13,78.31,77.0,77.19,42.4115,2229200.0,0.0,1.0
2000-08-22,665,77.0,78.13,76.09,76.09,41.8071,2962200.0,0.0,1.0
2000-08-23,666,76.0,77.25,75.88,77.19,42.4115,2591100.0,0.0,1.0
2000-08-24,667,77.13,77.19,75.5,75.63,41.5543,2356100.0,0.0,1.0
2000-08-25,668,75.88,76.13,75.25,75.56,41.5159,1762000.0,0.0,1.0
2000-08-28,669,75.0,75.75,74.5,74.5,40.9335,3117200.0,0.0,1.0
2000-08-29,670,74.31,74.88,73.38,74.0,40.6587,2406800.0,0.0,1.0
2000-08-30,671,73.75,74.69,73.44,74.25,40.7961,2790700.0,0.0,1.0
2000-08-31,672,73.81,74.0,73.0,73.02,40.1203,2633200.0,0.0,1.0
2000-09-01,673,74.25,74.25,72.56,72.69,39.939,1791800.0,0.0,1.0
2000-09-05,674,71.0,72.0,68.88,69.75,38.3236,7079900.0,0.0,1.0
2000-09-06,675,69.88,69.94,66.63,67.38,37.0214,5695100.0,0.0,1.0
2000-09-07,676,67.0,69.63,66.88,69.0,37.9115,4834600.0,0.0,1.0
2000-09-08,677,69.0,70.0,69.0,69.34,38.0983,2968400.0,0.0,1.0
2000-09-11,678,70.44,70.56,69.88,70.25,38.5983,2803400.0,0.0,1.0
2000-09-12,679,70.56,72.38,70.0,71.63,39.3566,3026500.0,0.0,1.0
2000-09-13,680,72.0,75.0,71.75,74.44,40.9005,3955600.0,0.0,1.0
2000-09-14,681,74.38,74.63,72.81,73.75,40.5214,2499300.0,0.0,1.0
2000-09-15,682,74.56,74.81,72.38,72.94,40.0763,2843200.0,0.0,1.0
2000-09-18,683,73.94,75.56,73.44,74.44,40.9005,2083700.0,0.0,1.0
2000-09-19,684,75.25,76.0,73.56,75.88,41.6917,2372900.0,0.0,1.0
2000-09-20,685,75.88,77.38,74.13,74.13,40.7302,2166900.0,0.0,1.0
2000-09-21,686,77.25,78.06,76.81,78.06,42.8895,2941300.0,0.0,1.0
2000-09-22,687,79.0,82.0,78.88,81.5,44.7796,5038900.0,0.0,1.0
2000-09-25,688,82.31,83.19,81.81,82.86,45.5268,2634700.0,0.0,1.0
2000-09-26,689,82.13,82.94,80.81,82.63,45.4004,2650600.0,0.0,1.0
2000-09-27,690,82.06,82.5,80.63,81.69,44.8839,2237900.0,0.0,1.0
2000-09-28,691,80.69,83.0,80.69,82.38,45.2631,1983200.0,0.0,1.0
2000-09-29,692,82.0,82.81,80.31,81.13,44.5763,1728100.0,0.0,1.0
2000-10-02,693,81.25,82.56,80.31,80.88,44.4389,1773400.0,0.0,1.0
2000-10-03,694,79.75,82.94,79.56,81.75,44.9169,2200400.0,0.0,1.0
2000-10-04,695,81.94,83.69,81.75,82.5,45.32899999999999,1898000.0,0.0,1.0
2000-10-05,696,82.0,84.94,81.25,84.56,46.4608,3134200.0,0.0,1.0
2000-10-06,697,83.44,83.88,81.31,82.94,45.5708,1833100.0,0.0,1.0
2000-10-09,698,83.0,83.63,81.88,82.69,45.4334,875700.0,0.0,1.0
2000-10-10,699,82.5,84.94,82.06,84.5,46.4279,1674500.0,0.0,1.0
2000-10-11,700,84.94,88.13,83.56,87.44,48.0432,3373500.0,0.0,1.0
2000-10-12,701,87.0,88.63,86.19,87.5,48.0762,3611400.0,0.0,1.0
2000-10-13,702,87.0,87.56,86.0,87.0,47.8015,4154400.0,0.0,1.0
2000-10-16,703,86.63,89.81,86.56,89.81,49.3454,3248800.0,0.0,1.0
2000-10-17,704,88.38,89.94,88.06,89.13,48.9718,2128600.0,0.0,1.0
2000-10-18,705,87.19,90.25,87.19,89.25,49.0377,3193100.0,0.0,1.0
2000-10-19,706,85.0,89.0,83.13,88.5,48.6257,8349800.0,0.0,1.0
2000-10-20,707,87.31,87.44,85.44,86.38,47.4608,3050400.0,0.0,1.0
2000-10-23,708,86.94,89.69,86.69,88.94,48.8674,2708000.0,0.0,1.0
2000-10-24,709,88.0,89.31,86.75,87.69,48.1806,2407100.0,0.0,1.0
2000-10-25,710,88.0,90.06,87.31,88.81,48.79600000000001,3161000.0,0.0,1.0
2000-10-26,711,88.56,90.5,87.13,87.5,48.0762,3024900.0,0.0,1.0
2000-10-27,712,87.5,88.94,85.81,87.5,48.0762,2629300.0,0.0,1.0
2000-10-30,713,87.0,88.63,87.0,88.0,48.3509,2264500.0,0.0,1.0
2000-10-31,714,87.75,89.69,86.5,89.38,49.1092,3815700.0,0.0,1.0
2000-11-01,715,89.44,91.25,89.44,91.0,49.9993,3751400.0,0.0,1.0
2000-11-02,716,89.81,90.19,87.63,88.5,48.6257,4330100.0,0.0,1.0
2000-11-03,717,87.25,88.88,86.69,88.06,48.3839,2351500.0,0.0,1.0
2000-11-06,718,86.81,90.19,86.56,89.56,49.2081,3049400.0,0.0,1.0
2000-11-07,719,89.81,91.19,86.88,87.25,47.9388,2767300.0,0.0,1.0
2000-11-08,720,89.0,91.81,88.75,90.44,49.6916,4827500.0,0.0,1.0
2000-11-09,721,90.88,91.0,87.13,89.69,49.2795,2876300.0,0.0,1.0
2000-11-10,722,89.81,92.0,89.5,90.5,49.7245,1905700.0,0.0,1.0
2000-11-13,723,90.13,90.94,85.0,86.13,47.4663,3413700.0,0.26,1.0
2000-11-14,724,85.19,88.81,84.0,87.88,48.4308,3197400.0,0.0,1.0
2000-11-15,725,87.5,88.5,86.13,87.69,48.326,2131700.0,0.0,1.0
2000-11-16,726,86.0,88.13,85.81,86.56,47.7033,1614000.0,0.0,1.0
2000-11-17,727,87.13,89.69,86.63,89.44,49.2905,2648600.0,0.0,1.0
2000-11-20,728,89.5,90.75,87.75,87.75,48.3591,2513000.0,0.0,1.0
2000-11-21,729,88.0,90.69,87.88,89.88,49.533,2394200.0,0.0,1.0
2000-11-22,730,87.88,89.5,86.81,86.81,47.8411,2577800.0,0.0,1.0
2000-11-24,731,87.25,87.38,84.69,84.81,46.7389,911500.0,0.0,1.0
2000-11-27,732,85.13,89.69,85.06,88.69,48.8771,2508600.0,0.0,1.0
2000-11-28,733,89.94,92.81,89.81,91.75,50.5635,4416600.0,0.0,1.0
2000-11-29,734,92.25,95.38,92.25,94.5,52.07899999999999,4234800.0,0.0,1.0
2000-11-30,735,95.13,97.13,93.63,93.69,51.6327,5878000.0,0.0,1.0
2000-12-01,736,93.0,93.19,89.56,90.06,49.6322,6102200.0,0.0,1.0
2000-12-04,737,88.88,92.31,88.88,90.44,49.8416,4109700.0,0.0,1.0
2000-12-05,738,90.5,91.44,89.25,90.38,49.8085,3461800.0,0.0,1.0
2000-12-06,739,91.31,91.63,89.69,90.38,49.8085,3597000.0,0.0,1.0
2000-12-07,740,90.75,93.38,90.75,92.13,50.7729,2369400.0,0.0,1.0
2000-12-08,741,91.13,93.5,90.06,92.56,51.0099,2988400.0,0.0,1.0
2000-12-11,742,91.5,94.63,91.25,92.88,51.1863,2303200.0,0.0,1.0
2000-12-12,743,92.0,93.94,91.13,92.31,50.8721,2400200.0,0.0,1.0
2000-12-13,744,92.38,93.31,90.63,91.0,50.1502,3001000.0,0.0,1.0
2000-12-14,745,89.56,91.38,89.56,89.75,49.4613,1928600.0,0.0,1.0
2000-12-15,746,87.81,89.94,87.81,89.25,49.1858,4781700.0,0.0,1.0
2000-12-18,747,88.75,89.5,87.31,88.5,48.7724,1941600.0,0.0,1.0
2000-12-19,748,88.38,90.44,88.25,89.0,49.048,2234500.0,0.0,1.0
2000-12-20,749,88.94,91.5,88.19,90.94,50.1171,2701500.0,0.0,1.0
2000-12-21,750,90.19,92.0,89.69,90.75,50.0124,2600700.0,0.0,1.0
2000-12-22,751,90.69,90.69,86.5,87.69,48.326,3041700.0,0.0,1.0
2000-12-26,752,87.44,91.44,87.44,89.94,49.566,1579700.0,0.0,1.0
2000-12-27,753,89.5,92.19,88.94,89.13,49.1196,1769300.0,0.0,1.0
2000-12-28,754,90.25,92.5,89.63,91.63,50.4974,1332700.0,0.0,1.0
2000-12-29,755,92.63,94.0,91.69,93.06,51.2855,1992900.0,0.0,1.0
2001-01-02,756,93.0,95.0,90.5,91.5,50.4257,4073500.0,0.0,1.0
2001-01-03,757,90.44,91.0,85.38,86.31,47.5655,6617800.0,0.0,1.0
2001-01-04,758,84.06,84.81,79.31,81.13,44.7108,12352700.0,0.0,1.0
2001-01-05,759,81.0,82.38,79.56,80.69,44.4683,5873900.0,0.0,1.0
2001-01-08,760,81.0,81.88,79.5,80.75,44.5014,3408300.0,0.0,1.0
2001-01-09,761,81.44,84.75,81.0,84.5,46.56800000000001,4146600.0,0.0,1.0
2001-01-10,762,84.5,85.25,82.38,83.38,45.9508,3208100.0,0.0,1.0
2001-01-11,763,83.94,83.94,81.44,81.63,44.9864,3134600.0,0.0,1.0
2001-01-12,764,81.88,83.19,80.0,80.0,44.0881,3464100.0,0.0,1.0
2001-01-16,765,80.13,84.38,79.25,83.25,45.8792,2910900.0,0.0,1.0
2001-01-17,766,82.5,82.75,81.0,81.56,44.9478,2578100.0,0.0,1.0
2001-01-18,767,82.63,83.63,81.63,81.75,45.0525,2934700.0,0.0,1.0
2001-01-19,768,81.75,82.63,80.44,80.75,44.5014,3170600.0,0.0,1.0
2001-01-22,769,81.38,82.44,80.88,81.75,45.0525,2305400.0,0.0,1.0
2001-01-23,770,81.81,83.5,80.69,83.13,45.813,2380600.0,0.0,1.0
2001-01-24,771,82.13,83.31,81.38,82.75,45.6036,1752800.0,0.0,1.0
2001-01-25,772,81.0,83.81,80.69,83.06,45.7744,3537600.0,0.0,1.0
2001-01-26,773,83.94,84.44,82.25,82.5,45.4658,2890900.0,0.0,1.0
2001-01-29,774,82.5,83.7,81.0,81.1,44.6943,3284700.0,0.0,1.0
2001-01-30,775,80.32,81.49,79.02,79.81,43.9834,3200400.0,0.0,1.0
2001-01-31,776,79.83,79.83,78.01,78.8,43.4268,5361700.0,0.0,1.0
2001-02-01,777,78.8,80.83,78.8,80.15,44.1707,3037300.0,0.0,1.0
2001-02-02,778,81.2,82.14,81.01,81.9,45.1352,2955800.0,0.0,1.0
2001-02-05,779,82.48,83.7,79.75,79.9,44.033,4123600.0,0.0,1.0
2001-02-06,780,77.0,78.79,77.0,77.5,42.7103,8141300.0,0.0,1.0
2001-02-07,781,77.5,79.41,77.06,78.95,43.5094,5436800.0,0.0,1.0
2001-02-08,782,80.0,81.5,79.55,80.99,44.6337,2905400.0,0.0,1.0
2001-02-09,783,81.49,81.99,79.3,80.75,44.5014,4412700.0,0.0,1.0
2001-02-12,784,81.5,81.73,79.71,80.4,44.3085,4179900.0,0.0,1.0
2001-02-13,785,81.0,81.0,79.41,79.99,44.2369,2631000.0,0.28,1.0
2001-02-14,786,79.5,79.99,76.87,77.08,42.6276,4589500.0,0.0,1.0
2001-02-15,787,77.28,77.4,74.8,75.25,41.6155,5449200.0,0.0,1.0
2001-02-16,788,74.55,74.99,72.98,73.0,40.3712,4468900.0,0.0,1.0
2001-02-20,789,74.0,74.7,73.25,73.68,40.7473,6502200.0,0.0,1.0
2001-02-21,790,74.48,74.65,73.75,73.76,40.7915,3659000.0,0.0,1.0
2001-02-22,791,74.86,75.0,72.91,74.24,41.057,4232600.0,0.0,1.0
2001-02-23,792,74.48,76.2,72.75,75.95,42.0026,3665500.0,0.0,1.0
2001-02-26,793,76.0,77.49,74.75,77.39,42.799,2991400.0,0.0,1.0
2001-02-27,794,76.9,78.36,76.55,78.0,43.1363,2881600.0,0.0,1.0
2001-02-28,795,78.75,79.99,78.53,79.46,43.9438,3058500.0,0.0,1.0
2001-03-01,796,78.21,80.1,78.21,78.98,43.6783,3441300.0,0.0,1.0
2001-03-02,797,78.98,80.39,78.54,79.33,43.8719,2579100.0,0.0,1.0
2001-03-05,798,78.25,80.19,77.5,79.46,43.9438,2800800.0,0.0,1.0
2001-03-06,799,79.36,79.36,77.52,77.96,43.1142,3526700.0,0.0,1.0
2001-03-07,800,79.2,79.24,75.75,76.77,42.4561,4664800.0,0.0,1.0
2001-03-08,801,75.76,77.5,75.36,77.4,42.8045,4257600.0,0.0,1.0
2001-03-09,802,77.7,79.28,77.61,79.0,43.6894,3216500.0,0.0,1.0
2001-03-12,803,78.0,79.39,78.0,78.5,43.4129,3151300.0,0.0,1.0
2001-03-13,804,78.0,78.47,77.01,78.3,43.3023,3140000.0,0.0,1.0
2001-03-14,805,77.3,78.68,76.23,76.94,42.5501,2545400.0,0.0,1.0
2001-03-15,806,76.69,76.9,74.98,75.74,41.8865,3545200.0,0.0,1.0
2001-03-16,807,75.2,75.91,73.42,74.44,41.1676,5966700.0,0.0,1.0
2001-03-19,808,73.91,76.75,73.75,76.0,42.0303,3512800.0,0.0,1.0
2001-03-20,809,76.01,77.19,75.5,76.5,42.3068,3280100.0,0.0,1.0
2001-03-21,810,76.5,76.6,73.63,74.22,41.0459,3763300.0,0.0,1.0
2001-03-22,811,74.0,74.01,70.01,73.35,40.5648,7194300.0,0.0,1.0
2001-03-23,812,73.1,73.1,70.8,72.59,40.1445,5570500.0,0.0,1.0
2001-03-26,813,73.1,74.8,72.6,74.39,41.1399,2991800.0,0.0,1.0
2001-03-27,814,74.39,76.22,74.18,76.22,42.152,2840100.0,0.0,1.0
2001-03-28,815,75.1,77.5,74.55,77.36,42.7824,4162100.0,0.0,1.0
2001-03-29,816,76.6,77.2,74.65,75.7,41.8644,3791900.0,0.0,1.0
2001-03-30,817,75.7,77.01,74.7,76.66,42.3953,4271400.0,0.0,1.0
2001-04-02,818,76.91,76.94,74.62,75.46,41.7316,3137100.0,0.0,1.0
2001-04-03,819,75.0,77.48,74.91,75.01,41.4828,3167000.0,0.0,1.0
2001-04-04,820,74.4,76.99,74.01,76.21,42.1464,3059500.0,0.0,1.0
2001-04-05,821,75.6,77.12,75.48,77.12,42.6497,4545500.0,0.0,1.0
2001-04-06,822,76.8,78.85,76.1,77.5,42.8598,4226500.0,0.0,1.0
2001-04-09,823,76.75,78.39,76.75,77.92,43.0921,2989100.0,0.0,1.0
2001-04-10,824,78.5,78.89,77.1,78.36,43.3354,3230300.0,0.0,1.0
2001-04-11,825,77.5,77.51,75.85,76.92,42.5391,4072100.0,0.0,1.0
2001-04-12,826,77.1,78.09,77.0,77.44,42.8266,3079200.0,0.0,1.0
2001-04-16,827,78.0,79.73,78.0,79.0,43.6894,3628800.0,0.0,1.0
2001-04-17,828,79.15,80.89,78.6,80.89,44.7346,2552700.0,0.0,1.0
2001-04-18,829,79.99,80.95,79.06,79.88,44.176,5013000.0,0.0,1.0
2001-04-19,830,80.0,80.35,78.6,79.79,44.1263,2632500.0,0.0,1.0
2001-04-20,831,79.54,80.64,78.51,80.1,44.2977,3986900.0,0.0,1.0
2001-04-23,832,80.1,81.49,79.75,80.39,44.4581,2795900.0,0.0,1.0
2001-04-24,833,80.39,81.34,78.87,79.06,43.7226,2581800.0,0.0,1.0
2001-04-25,834,79.76,82.1,79.58,81.34,44.9835,2845300.0,0.0,1.0
2001-04-26,835,81.59,81.84,80.02,81.39,45.0111,2745000.0,0.0,1.0
2001-04-27,836,81.4,82.88,80.0,82.8,45.7909,2567700.0,0.0,1.0
2001-04-30,837,83.67,85.19,83.58,85.0,47.0076,4032600.0,0.0,1.0
2001-05-01,838,84.9,86.0,84.22,85.63,47.356,3096500.0,0.0,1.0
2001-05-02,839,85.13,86.88,84.6,86.4,47.7818,3082100.0,0.0,1.0
2001-05-03,840,86.1,86.78,84.35,85.32,47.1845,2353500.0,0.0,1.0
2001-05-04,841,85.33,86.85,84.07,86.04,47.5827,2144800.0,0.0,1.0
2001-05-07,842,85.0,87.0,84.75,86.78,47.9919,1549700.0,0.0,1.0
2001-05-08,843,85.8,86.12,84.2,86.04,47.5827,2842700.0,0.0,1.0
2001-05-09,844,86.2,86.65,84.55,85.51,47.2896,2795900.0,0.0,1.0
2001-05-10,845,85.99,85.99,84.79,85.01,47.0131,2912500.0,0.0,1.0
2001-05-11,846,84.74,85.25,83.7,83.9,46.5541,2027500.0,0.28,1.0
2001-05-14,847,83.9,84.77,83.7,84.44,46.8537,1633300.0,0.0,1.0
2001-05-15,848,84.69,85.26,83.9,84.8,47.0535,2504400.0,0.0,1.0
2001-05-16,849,85.5,86.99,85.2,86.26,47.8636,2892900.0,0.0,1.0
2001-05-17,850,86.3,88.65,86.27,87.73,48.6792,2782300.0,0.0,1.0
2001-05-18,851,87.85,88.0,85.01,85.49,47.4363,3105600.0,0.0,1.0
2001-05-21,852,85.49,85.97,85.08,85.85,47.6361,2402800.0,0.0,1.0
2001-05-22,853,84.6,86.4,84.31,85.56,47.4752,1546700.0,0.0,1.0
2001-05-23,854,86.3,86.8,84.09,84.5,46.887,2933600.0,0.0,1.0
2001-05-24,855,84.3,84.9,84.01,84.9,47.1089,2646200.0,0.0,1.0
2001-05-25,856,84.25,84.6,83.67,84.02,46.6207,2082900.0,0.0,1.0
2001-05-29,857,84.0,86.34,84.0,85.9,47.6638,2214700.0,0.0,1.0
2001-05-30,858,85.9,86.15,84.54,84.7,46.99800000000001,2622900.0,0.0,1.0
2001-05-31,859,84.0,84.7,83.01,84.7,46.99800000000001,2614000.0,0.0,1.0
2001-06-01,860,84.9,86.61,83.9,86.43,47.9579,1985600.0,0.0,1.0
2001-06-04,861,86.0,87.37,85.85,87.0,48.2742,1887700.0,0.0,1.0
2001-06-05,862,87.0,88.47,86.28,88.1,48.8845,2272300.0,0.0,1.0
2001-06-06,863,88.1,88.47,86.58,86.99,48.2686,2091800.0,0.0,1.0
2001-06-07,864,86.5,87.24,86.42,87.04,48.2964,2090500.0,0.0,1.0
2001-06-08,865,86.6,87.4,86.52,87.04,48.2964,1514300.0,0.0,1.0
2001-06-11,866,87.0,87.26,86.39,87.0,48.2742,1986400.0,0.0,1.0
2001-06-12,867,87.0,87.61,86.01,86.5,47.9967,2190100.0,0.0,1.0
2001-06-13,868,83.3,84.1,82.86,83.7,46.4431,5633800.0,0.0,1.0
2001-06-14,869,83.5,83.64,83.0,83.5,46.3321,2933900.0,0.0,1.0
2001-06-15,870,82.73,82.85,80.88,81.4,45.1669,4660100.0,0.0,1.0
2001-06-18,871,80.6,81.74,80.34,80.88,44.8783,3056700.0,0.0,1.0
2001-06-19,872,80.2,80.3,78.06,78.71,43.6743,4023300.0,0.0,1.0
2001-06-20,873,78.65,79.97,78.65,79.52,44.1237,3007800.0,0.0,1.0
2001-06-21,874,79.7,79.98,78.42,78.5,43.5577,3323200.0,0.0,1.0
2001-06-22,875,77.4,77.41,75.51,76.4,42.3925,5402400.0,0.0,1.0
2001-06-25,876,76.5,76.75,75.2,75.52,41.9042,2413100.0,0.0,1.0
2001-06-26,877,75.53,76.5,75.2,75.73,42.0207,2597100.0,0.0,1.0
2001-06-27,878,75.8,75.8,74.0,74.02,41.0719,3075100.0,0.0,1.0
2001-06-28,879,74.0,74.0,73.28,73.68,40.8832,4894000.0,0.0,1.0
2001-06-29,880,74.0,75.24,73.7,74.0,41.0608,5187900.0,0.0,1.0
2001-07-02,881,74.5,76.9,74.5,75.75,42.0318,2761800.0,0.0,1.0
2001-07-03,882,76.0,76.46,74.97,76.35,42.3648,1949300.0,0.0,1.0
2001-07-05,883,76.0,76.41,74.59,75.6,41.9486,2000000.0,0.0,1.0
2001-07-06,884,75.0,75.55,74.51,75.11,41.6767,2013200.0,0.0,1.0
2001-07-09,885,75.11,76.4,74.6,76.4,42.3925,2160200.0,0.0,1.0
2001-07-10,886,76.1,76.36,74.48,74.7,41.4492,3042500.0,0.0,1.0
2001-07-11,887,74.7,77.18,74.43,75.8,42.0596,5403900.0,0.0,1.0
2001-07-12,888,75.2,75.35,74.0,74.55,41.36600000000001,4092500.0,0.0,1.0
2001-07-13,889,74.5,76.2,74.49,75.78,42.0485,2219900.0,0.0,1.0
2001-07-16,890,75.1,75.78,74.72,75.1,41.6712,1939200.0,0.0,1.0
2001-07-17,891,74.25,75.7,74.25,75.05,41.6434,2134200.0,0.0,1.0
2001-07-18,892,74.6,76.95,74.6,76.75,42.5867,4052600.0,0.0,1.0
2001-07-19,893,77.85,78.49,76.51,77.46,42.9807,4416800.0,0.0,1.0
2001-07-20,894,77.21,77.84,76.15,77.4,42.9474,2600700.0,0.0,1.0
2001-07-23,895,78.2,78.2,76.3,76.55,42.4757,2194600.0,0.0,1.0
2001-07-24,896,76.65,76.7,75.9,76.11,42.2316,2197200.0,0.0,1.0
2001-07-25,897,76.95,77.15,75.82,76.3,42.337,2340700.0,0.0,1.0
2001-07-26,898,76.5,78.68,76.35,78.12,43.3469,2595500.0,0.0,1.0
2001-07-27,899,77.45,80.0,77.45,78.38,43.4912,2895700.0,0.0,1.0
2001-07-30,900,79.1,79.64,78.3,79.09,43.8851,2317200.0,0.0,1.0
2001-07-31,901,78.6,80.48,78.57,79.28,43.9905,2700900.0,0.0,1.0
2001-08-01,902,79.0,79.4,78.24,78.9,43.7797,3592000.0,0.0,1.0
2001-08-02,903,79.0,80.27,78.8,79.55,44.1404,2046600.0,0.0,1.0
2001-08-03,904,78.5,79.5,78.36,79.2,43.9462,1845100.0,0.0,1.0
2001-08-06,905,79.4,79.43,78.61,79.05,43.8629,1734300.0,0.0,1.0
2001-08-07,906,78.3,78.66,78.11,78.35,43.4745,1994500.0,0.0,1.0
2001-08-08,907,77.65,78.34,77.25,77.63,43.075,1744200.0,0.0,1.0
2001-08-09,908,77.19,77.75,76.97,77.24,42.8586,1992900.0,0.0,1.0
2001-08-10,909,76.7,78.41,76.7,78.1,43.3358,1436300.0,0.0,1.0
2001-08-13,910,77.2,78.67,77.19,78.46,43.6909,1311500.0,0.28,1.0
2001-08-14,911,78.71,79.41,78.03,78.39,43.6519,1573000.0,0.0,1.0
2001-08-15,912,79.09,79.85,78.81,79.1,44.0473,1771200.0,0.0,1.0
2001-08-16,913,78.4,80.1,78.35,80.04,44.5707,2507000.0,0.0,1.0
2001-08-17,914,79.55,80.03,79.1,79.8,44.4371,1815200.0,0.0,1.0
2001-08-20,915,79.5,81.35,79.49,81.09,45.1554,2874500.0,0.0,1.0
2001-08-21,916,81.99,82.2,80.39,80.77,44.9772,2470800.0,0.0,1.0
2001-08-22,917,80.2,82.04,79.71,81.8,45.5508,2050000.0,0.0,1.0
2001-08-23,918,81.36,82.64,81.18,82.44,45.9072,2270100.0,0.0,1.0
2001-08-24,919,82.25,83.76,82.02,83.67,46.5921,2520000.0,0.0,1.0
2001-08-27,920,82.78,82.89,82.02,82.25,45.8014,3229200.0,0.0,1.0
2001-08-28,921,81.95,82.1,79.77,79.95,44.5206,4125500.0,0.0,1.0
2001-08-29,922,80.0,80.13,79.01,79.04,44.0139,2821000.0,0.0,1.0
2001-08-30,923,79.1,79.85,78.81,79.32,44.1698,3449300.0,0.0,1.0
2001-08-31,924,78.85,79.7,77.17,77.63,43.2287,2176300.0,0.0,1.0
2001-09-04,925,78.2,79.7,78.05,78.72,43.8357,2657600.0,0.0,1.0
2001-09-05,926,78.11,80.1,78.02,79.8,44.4371,3441900.0,0.0,1.0
2001-09-06,927,78.75,79.3,78.01,78.5,43.7132,2775900.0,0.0,1.0
2001-09-07,928,78.02,78.5,76.7,76.7,42.7108,4078400.0,0.0,1.0
2001-09-10,929,76.7,77.87,75.89,77.2,42.9893,3121200.0,0.0,1.0
2001-09-17,930,77.45,79.3,75.5,77.61,43.2176,5318800.0,0.0,1.0
2001-09-18,931,77.56,78.86,77.02,77.96,43.4125,3268700.0,0.0,1.0
2001-09-19,932,77.49,77.49,73.72,75.5,42.0426,4535600.0,0.0,1.0
2001-09-20,933,75.35,75.35,73.8,73.91,41.1572,3766800.0,0.0,1.0
2001-09-21,934,75.3,75.3,71.81,73.99,41.2018,7174700.0,0.0,1.0
2001-09-24,935,76.16,77.25,74.99,76.9,42.8222,4808300.0,0.0,1.0
2001-09-25,936,76.0,77.6,76.0,77.2,42.9893,3656100.0,0.0,1.0
2001-09-26,937,77.79,79.6,77.62,78.55,43.74100000000001,4510600.0,0.0,1.0
2001-09-27,938,78.4,80.49,78.15,80.1,44.6042,3518500.0,0.0,1.0
2001-09-28,939,80.1,81.34,79.42,80.7,44.9383,3770200.0,0.0,1.0
2001-10-01,940,80.58,82.0,80.1,81.66,45.4729,3443700.0,0.0,1.0
2001-10-02,941,81.66,82.99,81.03,82.87,46.1466,2853600.0,0.0,1.0
2001-10-03,942,79.27,79.27,77.7,79.25,44.1308,12183400.0,0.0,1.0
2001-10-04,943,79.2,79.2,78.6,78.97,43.9749,6393800.0,0.0,1.0
2001-10-05,944,79.84,79.84,78.72,79.69,44.3758,2532400.0,0.0,1.0
2001-10-08,945,79.85,79.85,79.11,79.65,44.3536,2159600.0,0.0,1.0
2001-10-09,946,79.54,79.54,78.28,78.7,43.8246,2756900.0,0.0,1.0
2001-10-10,947,78.6,80.0,78.55,79.75,44.4093,2967200.0,0.0,1.0
2001-10-11,948,79.4,79.6,78.52,78.99,43.986,4644500.0,0.0,1.0
2001-10-12,949,78.6,79.65,78.5,78.89,43.9304,4555700.0,0.0,1.0
2001-10-15,950,78.75,78.9,77.76,78.06,43.4682,5562000.0,0.0,1.0
2001-10-16,951,78.1,79.49,77.5,79.0,43.9916,5172000.0,0.0,1.0
2001-10-17,952,74.1,75.6,73.5,75.0,41.7642,18131800.0,0.0,1.0
2001-10-18,953,74.26,76.44,74.26,76.1,42.3767,5714800.0,0.0,1.0
2001-10-19,954,76.3,76.9,75.25,75.96,42.2988,3491000.0,0.0,1.0
2001-10-22,955,75.96,77.59,75.5,77.51,43.1619,3208900.0,0.0,1.0
2001-10-23,956,77.51,77.77,76.73,77.56,43.1897,3590400.0,0.0,1.0
2001-10-24,957,79.8,79.8,77.5,78.2,43.5461,8380900.0,0.0,1.0
2001-10-25,958,77.65,79.16,77.16,79.0,43.9916,3822600.0,0.0,1.0
2001-10-26,959,78.2,80.05,78.06,79.7,44.3814,4269000.0,0.0,1.0
2001-10-29,960,80.15,81.55,79.29,79.37,44.1977,5524800.0,0.0,1.0
2001-10-30,961,80.0,80.0,77.0,77.27,43.0283,4287300.0,0.0,1.0
2001-10-31,962,77.74,77.74,76.09,76.5,42.5995,4701200.0,0.0,1.0
2001-11-01,963,76.5,77.41,75.92,76.95,42.8501,3083900.0,0.0,1.0
2001-11-02,964,76.9,78.4,76.54,77.89,43.3735,2560400.0,0.0,1.0
2001-11-05,965,78.89,79.55,78.04,78.5,43.7132,2969800.0,0.0,1.0
2001-11-06,966,78.15,79.7,78.1,79.6,44.3257,2611600.0,0.0,1.0
2001-11-07,967,80.84,80.84,79.71,80.15,44.632,3457700.0,0.0,1.0
2001-11-08,968,79.7,80.2,78.8,79.36,44.1921,3203900.0,0.0,1.0
2001-11-09,969,79.2,79.7,78.45,78.47,43.6965,2177500.0,0.0,1.0
2001-11-12,970,77.92,78.78,77.0,78.5,43.7132,1967700.0,0.0,1.0
2001-11-13,971,78.28,78.99,78.19,78.97,44.1308,2072800.0,0.28,1.0
2001-11-14,972,78.97,78.98,78.1,78.24,43.7229,2752600.0,0.0,1.0
2001-11-15,973,78.69,79.22,77.74,78.37,43.7955,2026900.0,0.0,1.0
2001-11-16,974,78.9,79.38,78.69,79.02,44.1588,1921600.0,0.0,1.0
2001-11-19,975,78.5,80.05,78.46,79.99,44.7008,3438900.0,0.0,1.0
2001-11-20,976,80.24,81.68,80.01,81.14,45.3435,2975500.0,0.0,1.0
2001-11-21,977,83.79,83.79,81.85,83.33,46.5673,5765100.0,0.0,1.0
2001-11-23,978,82.78,82.78,82.16,82.42,46.0588,2059300.0,0.0,1.0
2001-11-26,979,82.0,83.27,81.55,82.64,46.1817,3582800.0,0.0,1.0
2001-11-27,980,82.4,82.95,81.71,82.23,45.9526,3350700.0,0.0,1.0
2001-11-28,981,82.64,82.64,81.16,81.45,45.5167,1888900.0,0.0,1.0
2001-11-29,982,81.36,82.72,81.16,82.55,46.1314,2862700.0,0.0,1.0
2001-11-30,983,82.6,83.0,82.16,82.67,46.1985,1853100.0,0.0,1.0
2001-12-03,984,84.04,84.04,82.44,83.6,46.7182,2586400.0,0.0,1.0
2001-12-04,985,83.35,83.35,82.44,82.79,46.2656,2366600.0,0.0,1.0
2001-12-05,986,82.48,82.7,81.66,82.45,46.0756,3741500.0,0.0,1.0
2001-12-06,987,82.8,82.8,81.35,81.77,45.6956,2150400.0,0.0,1.0
2001-12-07,988,82.6,82.6,81.7,82.32,46.0029,1823800.0,0.0,1.0
2001-12-10,989,81.8,81.99,80.8,81.54,45.567,2500100.0,0.0,1.0
2001-12-11,990,80.9,82.9,80.03,80.4,44.93,3902700.0,0.0,1.0
2001-12-12,991,80.75,81.79,78.53,79.01,44.1532,5742700.0,0.0,1.0
2001-12-13,992,79.1,81.22,79.0,80.47,44.9691,4080400.0,0.0,1.0
2001-12-14,993,80.0,82.54,79.5,81.81,45.7179,3124000.0,0.0,1.0
2001-12-17,994,82.64,84.3,82.2,82.8,46.2711,2978700.0,0.0,1.0
2001-12-18,995,82.0,82.89,81.7,82.64,46.1817,3011600.0,0.0,1.0
2001-12-19,996,81.5,82.1,80.76,81.6,45.6006,5015900.0,0.0,1.0
2001-12-20,997,80.8,81.3,79.8,80.03,44.7232,5982200.0,0.0,1.0
2001-12-21,998,79.25,79.85,76.69,78.4,43.8123,11155400.0,0.0,1.0
2001-12-24,999,78.6,79.81,78.5,79.74,44.5611,1827600.0,0.0,1.0
2001-12-26,1000,79.8,80.11,79.3,79.3,44.3152,1307600.0,0.0,1.0
2001-12-27,1001,78.81,79.36,78.32,79.24,44.2817,2124500.0,0.0,1.0
2001-12-28,1002,79.59,79.99,79.38,79.84,44.617,1718900.0,0.0,1.0
2001-12-31,1003,79.21,79.35,78.46,78.54,43.8905,1996300.0,0.0,1.0
2002-01-02,1004,78.5,78.85,77.02,78.5,43.8682,2471600.0,0.0,1.0
2002-01-03,1005,77.92,77.92,77.01,77.66,43.3988,2505000.0,0.0,1.0
2002-01-04,1006,78.14,78.14,77.26,77.7,43.4211,2637400.0,0.0,1.0
2002-01-07,1007,77.16,77.29,76.4,76.85,42.9461,2623900.0,0.0,1.0
2002-01-08,1008,76.5,77.3,75.35,75.65,42.2755,4097700.0,0.0,1.0
2002-01-09,1009,75.6,76.35,75.2,75.32,42.0911,4292600.0,0.0,1.0
2002-01-10,1010,75.57,77.15,75.45,76.8,42.9182,3317900.0,0.0,1.0
2002-01-11,1011,77.55,78.0,76.4,76.4,42.6946,3160300.0,0.0,1.0
2002-01-14,1012,76.4,77.74,75.76,77.0,43.0299,2931500.0,0.0,1.0
2002-01-15,1013,77.59,78.04,76.86,77.05,43.0579,3549300.0,0.0,1.0
2002-01-16,1014,77.0,77.59,76.06,76.06,42.5046,2646900.0,0.0,1.0
2002-01-17,1015,76.2,76.28,75.01,75.43,42.1526,2304400.0,0.0,1.0
2002-01-18,1016,75.05,75.75,74.26,74.59,41.6832,3904500.0,0.0,1.0
2002-01-22,1017,74.41,75.85,74.41,75.85,42.3873,3622700.0,0.0,1.0
2002-01-23,1018,76.69,76.69,75.45,75.77,42.3426,2752800.0,0.0,1.0
2002-01-24,1019,75.0,75.01,73.1,74.1,41.4093,5630500.0,0.0,1.0
2002-01-25,1020,74.2,75.59,74.0,75.11,41.9737,3654100.0,0.0,1.0
2002-01-28,1021,75.15,75.15,74.02,74.29,41.5155,2568700.0,0.0,1.0
2002-01-29,1022,74.45,74.85,72.91,73.4,41.0181,2812400.0,0.0,1.0
2002-01-30,1023,73.1,74.4,73.0,74.04,41.3758,3451100.0,0.0,1.0
2002-01-31,1024,74.1,75.1,73.2,75.1,41.9682,3081300.0,0.0,1.0
2002-02-01,1025,75.2,75.2,74.28,74.79,41.7949,1941700.0,0.0,1.0
2002-02-04,1026,74.79,75.23,72.89,73.3,40.9623,1887200.0,0.0,1.0
2002-02-05,1027,73.05,74.55,73.05,73.94,41.3199,2251800.0,0.0,1.0
2002-02-06,1028,73.78,74.75,73.25,73.36,40.9958,2384500.0,0.0,1.0
2002-02-07,1029,73.8,73.89,72.25,72.86,40.7164,2471000.0,0.0,1.0
2002-02-08,1030,72.41,73.71,72.15,73.67,41.169,2211800.0,0.0,1.0
2002-02-11,1031,72.96,75.47,72.9,74.86,41.834,2185100.0,0.0,1.0
2002-02-12,1032,74.87,76.22,74.67,75.75,42.3314,2318200.0,0.0,1.0
2002-02-13,1033,76.09,76.36,75.25,76.12,42.7114,1908700.0,0.31,1.0
2002-02-14,1034,76.12,77.29,75.65,76.42,42.8797,2835700.0,0.0,1.0
2002-02-15,1035,77.05,77.05,76.0,76.39,42.8629,1925500.0,0.0,1.0
2002-02-19,1036,76.39,76.39,75.44,75.68,42.4645,1636300.0,0.0,1.0
2002-02-20,1037,76.99,76.99,75.27,76.83,43.1098,2887700.0,0.0,1.0
2002-02-21,1038,76.83,77.49,76.6,76.6,42.9807,3269300.0,0.0,1.0
2002-02-22,1039,76.15,77.44,76.15,77.08,43.2501,2616200.0,0.0,1.0
2002-02-25,1040,77.08,77.99,76.39,76.65,43.0088,2775400.0,0.0,1.0
2002-02-26,1041,75.83,76.56,75.25,75.92,42.5992,3213300.0,0.0,1.0
2002-02-27,1042,76.5,77.71,76.2,77.44,43.4521,2543100.0,0.0,1.0
2002-02-28,1043,77.44,77.9,75.73,75.73,42.4926,2669500.0,0.0,1.0
2002-03-01,1044,75.65,77.65,74.55,77.5,43.4857,2902700.0,0.0,1.0
2002-03-04,1045,77.0,78.5,76.25,78.5,44.0468,4752900.0,0.0,1.0
2002-03-05,1046,78.3,78.3,76.85,77.25,43.3454,2718400.0,0.0,1.0
2002-03-06,1047,76.76,78.51,76.76,78.2,43.8785,2358900.0,0.0,1.0
2002-03-07,1048,78.38,78.6,77.8,78.48,44.0356,2529500.0,0.0,1.0
2002-03-08,1049,78.9,78.95,77.6,78.2,43.8785,2398800.0,0.0,1.0
2002-03-11,1050,78.2,78.99,78.05,78.88,44.2601,1835700.0,0.0,1.0
2002-03-12,1051,79.39,79.39,78.0,79.39,44.5462,2207100.0,0.0,1.0
2002-03-13,1052,79.39,79.8,77.75,79.49,44.6023,5374500.0,0.0,1.0
2002-03-14,1053,79.7,79.7,78.79,79.25,44.4677,2000200.0,0.0,1.0
2002-03-15,1054,79.99,79.99,79.05,79.85,44.8043,3452900.0,0.0,1.0
2002-03-18,1055,79.8,80.92,79.25,80.6,45.2252,3010500.0,0.0,1.0
2002-03-19,1056,80.6,81.09,80.27,80.69,45.2757,2194900.0,0.0,1.0
2002-03-20,1057,80.69,80.69,79.0,79.23,44.4564,4518700.0,0.0,1.0
2002-03-21,1058,79.7,79.7,78.65,79.1,44.3835,2124000.0,0.0,1.0
2002-03-22,1059,78.6,79.1,78.52,78.74,44.1815,1702300.0,0.0,1.0
2002-03-25,1060,78.53,78.75,77.36,77.36,43.4072,2127900.0,0.0,1.0
2002-03-26,1061,77.0,77.5,76.56,77.0,43.2052,2823500.0,0.0,1.0
2002-03-27,1062,76.49,76.49,75.3,75.78,42.5206,3832900.0,0.0,1.0
2002-03-28,1063,75.41,76.4,75.34,76.2,42.7563,3554600.0,0.0,1.0
2002-04-01,1064,78.0,78.0,75.96,77.72,43.6092,2639800.0,0.0,1.0
2002-04-02,1065,77.6,78.9,77.2,78.74,44.1815,3265100.0,0.0,1.0
2002-04-03,1066,78.74,78.76,76.5,77.64,43.5643,3115800.0,0.0,1.0
2002-04-04,1067,76.0,76.6,75.35,76.2,42.7563,3972400.0,0.0,1.0
2002-04-05,1068,76.89,76.89,74.8,75.35,42.2793,4300300.0,0.0,1.0
2002-04-08,1069,75.35,75.9,73.8,74.5,41.8024,4091800.0,0.0,1.0
2002-04-09,1070,74.8,75.1,74.4,74.57,41.8417,2831700.0,0.0,1.0
2002-04-10,1071,74.58,75.37,74.1,75.05,42.111,2926200.0,0.0,1.0
2002-04-11,1072,75.1,75.56,74.1,74.41,41.7519,3317600.0,0.0,1.0
2002-04-12,1073,74.45,74.47,73.0,73.42,41.1964,4245000.0,0.0,1.0
2002-04-15,1074,75.0,76.98,74.23,75.2,42.1952,4965500.0,0.0,1.0
2002-04-16,1075,74.35,75.0,73.5,74.11,41.5836,5494500.0,0.0,1.0
2002-04-17,1076,73.8,74.2,72.32,73.29,41.1235,3512200.0,0.0,1.0
2002-04-18,1077,73.85,74.31,72.1,74.16,41.6116,3518600.0,0.0,1.0
2002-04-19,1078,74.16,74.16,73.52,73.84,41.4321,2997400.0,0.0,1.0
2002-04-22,1079,74.0,74.0,72.65,73.41,41.1908,2856100.0,0.0,1.0
2002-04-23,1080,73.5,73.55,71.48,71.9,40.3435,2865100.0,0.0,1.0
2002-04-24,1081,71.63,72.25,69.85,69.89,39.2157,4395000.0,0.0,1.0
2002-04-25,1082,69.9,71.44,69.42,70.4,39.5019,4120300.0,0.0,1.0
2002-04-26,1083,70.4,70.8,69.5,70.02,39.2887,2710000.0,0.0,1.0
2002-04-29,1084,69.77,69.78,67.56,68.3,38.3235,2811000.0,0.0,1.0
2002-04-30,1085,63.61,66.34,62.99,66.05,37.0611,13382900.0,0.0,1.0
2002-05-01,1086,67.0,67.65,66.6,67.2,37.7063,5900200.0,0.0,1.0
2002-05-02,1087,67.0,68.27,66.55,68.0,38.1552,3973100.0,0.0,1.0
2002-05-03,1088,67.25,67.6,66.53,66.9,37.538,4061700.0,0.0,1.0
2002-05-06,1089,67.0,67.0,65.53,65.57,36.7917,2375600.0,0.0,1.0
2002-05-07,1090,66.0,66.57,64.5,64.85,36.3877,3714100.0,0.0,1.0
2002-05-08,1091,65.4,67.85,65.02,67.37,37.8017,2369200.0,0.0,1.0
2002-05-09,1092,66.9,66.95,64.85,65.01,36.4775,8069900.0,0.0,1.0
2002-05-10,1093,65.01,65.01,64.41,64.41,36.1408,3238500.0,0.0,1.0
2002-05-13,1094,64.3,64.7,64.12,64.58,36.4102,2232600.0,0.31,1.0
2002-05-14,1095,64.77,65.85,64.77,65.7,37.0416,3265500.0,0.0,1.0
2002-05-15,1096,65.1,65.29,63.1,63.51,35.8069,4390600.0,0.0,1.0
2002-05-16,1097,63.51,63.74,62.79,63.41,35.7505,3969500.0,0.0,1.0
2002-05-17,1098,63.3,65.21,63.15,65.0,36.647,2818900.0,0.0,1.0
2002-05-20,1099,65.0,65.48,63.75,64.0,36.0832,2532300.0,0.0,1.0
2002-05-21,1100,64.01,64.98,63.7,64.0,36.0832,3058700.0,0.0,1.0
2002-05-22,1101,64.4,64.81,63.81,64.16,36.1734,2693100.0,0.0,1.0
2002-05-23,1102,64.45,64.9,63.3,64.85,36.5624,3762600.0,0.0,1.0
2002-05-24,1103,64.85,65.09,63.74,63.81,35.9761,1724100.0,0.0,1.0
2002-05-28,1104,64.15,64.5,63.8,63.97,36.0663,2090800.0,0.0,1.0
2002-05-29,1105,63.85,64.84,63.85,64.3,36.2523,1950700.0,0.0,1.0
2002-05-30,1106,63.9,64.68,63.61,64.35,36.2805,2211100.0,0.0,1.0
2002-05-31,1107,65.14,65.49,64.4,64.7,36.4778,2925500.0,0.0,1.0
2002-06-03,1108,64.7,65.0,63.7,63.95,36.055,2813500.0,0.0,1.0
2002-06-04,1109,63.16,63.16,60.88,62.06,34.9894,4420300.0,0.0,1.0
2002-06-05,1110,62.2,62.66,61.75,62.66,35.3277,2992800.0,0.0,1.0
2002-06-06,1111,62.8,62.83,61.31,61.38,34.606,3013400.0,0.0,1.0
2002-06-07,1112,61.37,61.8,60.16,61.3,34.5609,4047700.0,0.0,1.0
2002-06-10,1113,61.0,61.99,60.5,61.31,34.5666,2460400.0,0.0,1.0
2002-06-11,1114,61.06,61.61,59.57,59.75,33.687,5305100.0,0.0,1.0
2002-06-12,1115,59.75,60.33,58.1,58.5,32.9823,3679500.0,0.0,1.0
2002-06-13,1116,58.1,60.6,57.65,59.87,33.7547,4928100.0,0.0,1.0
2002-06-14,1117,59.99,61.0,58.8,60.45,34.0817,2459500.0,0.0,1.0
2002-06-17,1118,60.35,62.95,60.32,62.4,35.1811,3185500.0,0.0,1.0
2002-06-18,1119,62.02,62.99,61.55,62.64,35.3164,2339700.0,0.0,1.0
2002-06-19,1120,62.0,62.5,60.05,60.68,34.2114,2382100.0,0.0,1.0
2002-06-20,1121,60.4,61.2,60.01,60.15,33.9125,1793700.0,0.0,1.0
2002-06-21,1122,59.15,59.57,58.26,58.39,32.9203,3627100.0,0.0,1.0
2002-06-24,1123,58.4,58.95,56.41,57.93,32.6609,3747900.0,0.0,1.0
2002-06-25,1124,57.94,59.3,57.0,57.23,32.2663,2356500.0,0.0,1.0
2002-06-26,1125,56.9,58.87,55.79,58.11,32.7624,2949200.0,0.0,1.0
2002-06-27,1126,58.3,59.83,57.55,59.83,33.7321,2323900.0,0.0,1.0
2002-06-28,1127,59.15,59.8,56.2,56.4,31.7983,7075400.0,0.0,1.0
2002-07-01,1128,56.4,56.5,52.58,53.76,30.3099,6463700.0,0.0,1.0
2002-07-02,1129,53.76,54.29,51.65,52.12,29.3852,4883100.0,0.0,1.0
2002-07-03,1130,51.8,52.1,49.89,50.49,28.4662,6556000.0,0.0,1.0
2002-07-05,1131,50.49,52.25,50.4,52.25,29.4585,2290900.0,0.0,1.0
2002-07-08,1132,51.9,52.4,51.1,52.09,29.3683,2838800.0,0.0,1.0
2002-07-09,1133,51.5,51.73,49.85,49.98,28.1787,5156100.0,0.0,1.0
2002-07-10,1134,49.0,50.2,47.36,48.18,27.1639,5983300.0,0.0,1.0
2002-07-11,1135,48.0,49.98,47.1,49.7,28.0208,6714100.0,0.0,1.0
2002-07-12,1136,49.0,50.64,48.15,50.26,28.3366,3746700.0,0.0,1.0
2002-07-15,1137,50.27,51.95,48.15,51.61,29.0977,7169900.0,0.0,1.0
2002-07-16,1138,50.77,53.3,50.72,52.35,29.5149,6474800.0,0.0,1.0
2002-07-17,1139,52.6,52.8,50.68,50.9,28.6974,6311300.0,0.0,1.0
2002-07-18,1140,50.9,50.9,43.75,48.54,27.3668,17962300.0,0.0,1.0
2002-07-19,1141,47.5,48.4,46.65,48.15,27.147,7225400.0,0.0,1.0
2002-07-22,1142,47.9,51.0,47.51,48.68,27.4458,7048600.0,0.0,1.0
2002-07-23,1143,48.95,49.85,48.03,48.68,27.4458,5840000.0,0.0,1.0
2002-07-24,1144,47.55,50.24,47.02,49.45,27.8799,6392100.0,0.0,1.0
2002-07-25,1145,49.65,53.0,48.6,51.81,29.2105,6485200.0,0.0,1.0
2002-07-26,1146,51.81,53.9,51.4,53.7,30.276,4603700.0,0.0,1.0
2002-07-29,1147,55.3,57.25,55.15,57.15,32.2211,5610100.0,0.0,1.0
2002-07-30,1148,56.3,59.24,56.17,58.25,32.8413,5077100.0,0.0,1.0
2002-07-31,1149,56.8,58.97,56.16,58.42,32.9372,5907400.0,0.0,1.0
2002-08-01,1150,58.42,58.42,55.0,55.0,31.009,5219600.0,0.0,1.0
2002-08-02,1151,55.3,56.37,52.6,53.89,30.3832,6883800.0,0.0,1.0
2002-08-05,1152,53.4,53.75,51.35,51.8,29.2048,3581500.0,0.0,1.0
2002-08-06,1153,52.45,54.7,52.0,52.64,29.6784,3587900.0,0.0,1.0
2002-08-07,1154,53.2,55.74,53.16,55.52,31.3022,3402200.0,0.0,1.0
2002-08-08,1155,56.0,57.95,55.76,56.81,32.0295,3956300.0,0.0,1.0
2002-08-09,1156,56.8,57.99,56.2,57.22,32.2606,2784400.0,0.0,1.0
2002-08-12,1157,57.22,58.14,56.41,58.0,32.7004,2643400.0,0.0,1.0
2002-08-13,1158,57.5,58.21,56.0,56.0,31.7476,2955100.0,0.31,1.0
2002-08-14,1159,55.46,59.75,54.5,58.24,33.0175,5402200.0,0.0,1.0
2002-08-15,1160,58.24,58.92,57.05,57.83,32.785,3034300.0,0.0,1.0
2002-08-16,1161,57.83,58.24,56.77,57.1,32.3712,2993100.0,0.0,1.0
2002-08-19,1162,56.65,58.3,56.63,57.78,32.7567,2435400.0,0.0,1.0
2002-08-20,1163,56.57,57.75,56.52,57.04,32.3372,2479500.0,0.0,1.0
2002-08-21,1164,56.95,58.12,56.7,58.12,32.9494,2631900.0,0.0,1.0
2002-08-22,1165,58.2,62.2,58.0,62.15,35.2341,5901900.0,0.0,1.0
2002-08-23,1166,62.0,62.0,59.5,59.57,33.7715,3678100.0,0.0,1.0
2002-08-26,1167,60.2,60.2,57.76,59.65,33.8168,3127700.0,0.0,1.0
2002-08-27,1168,59.79,60.15,58.16,58.49,33.1592,3343400.0,0.0,1.0
2002-08-28,1169,58.2,58.8,57.45,58.0,32.8814,2025900.0,0.0,1.0
2002-08-29,1170,57.3,58.15,56.53,57.01,32.3201,2599600.0,0.0,1.0
2002-08-30,1171,56.76,58.55,56.3,58.05,32.9097,2688700.0,0.0,1.0
2002-09-03,1172,57.7,57.8,55.75,55.82,31.6455,3459300.0,0.0,1.0
2002-09-04,1173,56.0,57.8,55.55,57.62,32.666,3033200.0,0.0,1.0
2002-09-05,1174,57.0,57.0,55.75,56.2,31.8609,4027500.0,0.0,1.0
2002-09-06,1175,56.8,57.1,55.8,56.02,31.7589,2875500.0,0.0,1.0
2002-09-09,1176,56.09,57.98,55.8,57.57,32.6376,3202400.0,0.0,1.0
2002-09-10,1177,57.45,58.15,56.9,57.81,32.7737,1799800.0,0.0,1.0
2002-09-11,1178,57.81,58.91,57.72,58.04,32.9041,1839800.0,0.0,1.0
2002-09-12,1179,58.35,58.35,57.5,57.94,32.8474,2591200.0,0.0,1.0
2002-09-13,1180,57.8,58.19,57.05,58.07,32.9211,2641600.0,0.0,1.0
2002-09-16,1181,57.9,59.3,57.21,58.75,33.3066,2542100.0,0.0,1.0
2002-09-17,1182,59.65,60.0,57.28,57.58,32.6433,3314700.0,0.0,1.0
2002-09-18,1183,57.58,57.58,55.86,57.07,32.3542,3107800.0,0.0,1.0
2002-09-19,1184,56.11,56.66,55.2,55.32,31.362,2733100.0,0.0,1.0
2002-09-20,1185,55.57,56.85,55.45,56.33,31.9346,4413500.0,0.0,1.0
2002-09-23,1186,55.9,55.94,54.73,55.1,31.2373,3104100.0,0.0,1.0
2002-09-24,1187,54.75,55.34,54.15,55.0,31.1806,4033000.0,0.0,1.0
2002-09-25,1188,56.2,56.97,55.23,56.97,32.2975,4472100.0,0.0,1.0
2002-09-26,1189,57.8,58.0,56.9,57.99,32.8757,3366700.0,0.0,1.0
2002-09-27,1190,56.5,57.1,55.17,55.64,31.5435,3063200.0,0.0,1.0
2002-09-30,1191,54.81,56.45,54.51,55.34,31.3734,3708100.0,0.0,1.0
2002-10-01,1192,55.25,57.57,55.05,57.5,32.5979,3562900.0,0.0,1.0
2002-10-02,1193,57.6,59.0,56.94,57.84,32.7907,5104600.0,0.0,1.0
2002-10-03,1194,57.29,58.95,56.9,57.35,32.5129,4624100.0,0.0,1.0
2002-10-04,1195,57.36,57.36,54.84,55.42,31.4187,4562800.0,0.0,1.0
2002-10-07,1196,56.2,57.55,55.93,56.82,32.2124,3684500.0,0.0,1.0
2002-10-08,1197,59.0,60.7,58.14,59.6,33.7885,7612200.0,0.0,1.0
2002-10-09,1198,59.01,60.07,58.97,59.8,33.9019,5294300.0,0.0,1.0
2002-10-10,1199,60.4,61.5,59.85,60.9,34.5255,5708200.0,0.0,1.0
2002-10-11,1200,61.05,62.0,60.67,62.0,35.1491,4519900.0,0.0,1.0
2002-10-14,1201,62.01,63.16,60.99,61.99,35.1434,4685400.0,0.0,1.0
2002-10-15,1202,62.5,64.01,61.8,64.01,36.2886,4798300.0,0.0,1.0
2002-10-16,1203,64.01,65.0,63.08,63.66,36.0902,3744800.0,0.0,1.0
2002-10-17,1204,64.0,64.3,62.74,63.0,35.716,3731700.0,0.0,1.0
2002-10-18,1205,62.9,63.85,62.55,62.94,35.68199999999999,3387500.0,0.0,1.0
2002-10-21,1206,61.95,63.37,61.15,63.2,35.8294,3763500.0,0.0,1.0
2002-10-22,1207,63.22,63.22,61.6,63.0,35.716,4670400.0,0.0,1.0
2002-10-23,1208,58.8,59.99,56.85,58.09,32.9324,11524800.0,0.0,1.0
2002-10-24,1209,58.04,58.05,55.21,55.71,31.5831,7216900.0,0.0,1.0
2002-10-25,1210,55.71,57.4,55.71,56.95,32.2861,3980000.0,0.0,1.0
2002-10-28,1211,57.2,58.5,56.52,56.77,32.1841,2691000.0,0.0,1.0
2002-10-29,1212,57.0,57.24,55.5,56.38,31.963,2870800.0,0.0,1.0
2002-10-30,1213,56.55,56.99,56.0,56.67,32.1274,3231300.0,0.0,1.0
2002-10-31,1214,56.5,57.7,55.2,55.5,31.4641,2908900.0,0.0,1.0
2002-11-01,1215,55.37,57.36,55.0,56.74,32.1671,2769000.0,0.0,1.0
2002-11-04,1216,57.5,59.18,56.71,58.0,32.8814,3443800.0,0.0,1.0
2002-11-05,1217,58.0,58.62,57.55,57.94,32.8474,3310300.0,0.0,1.0
2002-11-06,1218,58.9,60.81,58.89,60.48,34.2874,6710200.0,0.0,1.0
2002-11-07,1219,59.5,60.49,58.38,58.96,33.4256,4272900.0,0.0,1.0
2002-11-08,1220,58.97,62.9,58.97,62.24,35.2851,5588400.0,0.0,1.0
2002-11-11,1221,62.5,63.0,61.95,62.15,35.2341,4615000.0,0.0,1.0
2002-11-12,1222,62.79,62.79,60.56,61.39,34.8033,4013500.0,0.0,1.0
2002-11-13,1223,61.08,61.65,59.32,60.29,34.3554,4020900.0,0.31,1.0
2002-11-14,1224,61.46,62.0,61.07,61.95,35.3013,2717500.0,0.0,1.0
2002-11-15,1225,61.95,61.95,60.54,61.3,34.9309,4267500.0,0.0,1.0
2002-11-18,1226,61.31,61.31,60.1,60.38,34.4067,3195800.0,0.0,1.0
2002-11-19,1227,60.39,62.38,60.39,61.55,35.0734,4004700.0,0.0,1.0
2002-11-20,1228,61.56,63.29,60.91,63.29,36.0649,3840700.0,0.0,1.0
2002-11-21,1229,63.5,64.87,63.42,64.73,36.8855,4525900.0,0.0,1.0
2002-11-22,1230,64.74,66.04,64.65,65.73,37.4553,4266500.0,0.0,1.0
2002-11-25,1231,66.15,68.29,65.5,68.06,38.783,5462000.0,0.0,1.0
2002-11-26,1232,68.07,68.07,63.97,64.0,36.4695,9535900.0,0.0,1.0
2002-11-27,1233,68.0,69.17,66.1,69.0,39.3187,8015900.0,0.0,1.0
2002-11-29,1234,68.35,69.2,68.05,68.3,38.9198,1973800.0,0.0,1.0
2002-12-02,1235,69.15,69.7,68.55,68.75,39.1762,4622500.0,0.0,1.0
2002-12-03,1236,68.04,68.5,66.0,67.16,38.2702,5249000.0,0.0,1.0
2002-12-04,1237,67.23,67.95,66.16,67.49,38.4582,2549500.0,0.0,1.0
2002-12-05,1238,67.49,68.5,66.66,67.07,38.2189,3573900.0,0.0,1.0
2002-12-06,1239,66.31,66.85,64.94,65.44,37.29,4156800.0,0.0,1.0
2002-12-09,1240,65.28,67.5,65.18,65.36,37.2445,3515200.0,0.0,1.0
2002-12-10,1241,65.37,66.24,65.37,66.1,37.6661,2157600.0,0.0,1.0
2002-12-11,1242,66.4,66.47,65.27,65.85,37.5237,1765800.0,0.0,1.0
2002-12-12,1243,65.85,65.85,63.88,64.1,36.5265,3033500.0,0.0,1.0
2002-12-13,1244,63.5,65.0,63.5,64.47,36.7373,2329700.0,0.0,1.0
2002-12-16,1245,64.07,65.43,63.77,64.85,36.9538,3853400.0,0.0,1.0
2002-12-17,1246,64.85,64.99,63.56,63.96,36.4467,4082700.0,0.0,1.0
2002-12-18,1247,63.52,63.75,62.15,62.64,35.6945,2535100.0,0.0,1.0
2002-12-19,1248,62.2,63.66,62.18,62.5,35.6147,2978700.0,0.0,1.0
2002-12-20,1249,63.39,63.93,63.03,63.25,36.0421,4226700.0,0.0,1.0
2002-12-23,1250,63.8,65.4,63.61,64.45,36.7259,2379700.0,0.0,1.0
2002-12-24,1251,64.25,64.8,64.23,64.43,36.7145,964900.0,0.0,1.0
2002-12-26,1252,64.6,64.78,63.38,63.9,36.4125,1900400.0,0.0,1.0
2002-12-27,1253,63.0,63.24,62.55,62.84,35.8085,1902600.0,0.0,1.0
2002-12-30,1254,62.84,64.06,62.81,63.9,36.4125,1893200.0,0.0,1.0
2002-12-31,1255,63.25,64.0,63.1,63.5,36.1846,1794300.0,0.0,1.0
2003-01-02,1256,64.85,66.26,64.46,66.24,37.7459,3625200.0,0.0,1.0
2003-01-03,1257,66.24,67.19,66.2,66.99,38.1733,2885300.0,0.0,1.0
2003-01-06,1258,66.99,68.1,66.5,67.98,38.7374,2559900.0,0.0,1.0
2003-01-07,1259,67.17,68.8,66.46,66.62,37.9624,3282100.0,0.0,1.0
2003-01-08,1260,67.05,67.78,66.59,67.1,38.236,2416300.0,0.0,1.0
2003-01-09,1261,67.1,68.0,66.35,67.23,38.31,2982400.0,0.0,1.0
2003-01-10,1262,67.24,67.95,66.55,67.26,38.3271,2365500.0,0.0,1.0
2003-01-13,1263,67.9,67.99,66.25,66.5,37.8941,2798200.0,0.0,1.0
2003-01-14,1264,66.5,67.66,66.07,67.2,38.293,3116400.0,0.0,1.0
2003-01-15,1265,67.4,67.42,66.72,67.28,38.3385,2654800.0,0.0,1.0
2003-01-16,1266,67.3,68.3,67.3,67.61,38.5266,2474100.0,0.0,1.0
2003-01-17,1267,67.3,67.9,65.61,65.8,37.4952,2912900.0,0.0,1.0
2003-01-21,1268,66.15,66.3,65.07,65.41,37.2729,2435600.0,0.0,1.0
2003-01-22,1269,65.7,66.75,64.87,64.95,37.0108,2829300.0,0.0,1.0
2003-01-23,1270,63.0,63.8,62.24,63.55,36.2131,7051200.0,0.0,1.0
2003-01-24,1271,63.56,63.56,61.0,61.58,35.0905,4533200.0,0.0,1.0
2003-01-27,1272,61.0,61.0,59.75,60.22,34.3155,3972900.0,0.0,1.0
2003-01-28,1273,60.49,60.95,59.55,60.94,34.7258,3546400.0,0.0,1.0
2003-01-29,1274,60.49,60.95,59.55,60.94,34.7258,3384600.0,0.0,1.0
2003-01-30,1275,61.2,61.4,59.2,59.37,33.8311,2713300.0,0.0,1.0
2003-01-31,1276,58.7,60.6,58.7,60.24,34.3269,3583400.0,0.0,1.0
2003-02-03,1277,61.1,62.76,61.05,61.68,35.1475,3676900.0,0.0,1.0
2003-02-04,1278,60.9,61.2,60.02,61.16,34.8511,2957900.0,0.0,1.0
2003-02-05,1279,61.17,62.47,60.31,60.51,34.4808,2352800.0,0.0,1.0
2003-02-06,1280,60.55,61.71,60.2,61.21,34.8796,2284800.0,0.0,1.0
2003-02-07,1281,60.6,60.75,59.35,59.76,34.0534,2930300.0,0.0,1.0
2003-02-10,1282,60.0,60.4,58.9,60.13,34.2642,2417600.0,0.0,1.0
2003-02-11,1283,60.13,60.78,59.85,60.04,34.2129,2547400.0,0.0,1.0
2003-02-12,1284,60.03,60.2,58.6,58.89,33.7485,2719800.0,0.335,1.0
2003-02-13,1285,58.37,58.6,56.22,57.29,32.8316,4895700.0,0.0,1.0
2003-02-14,1286,57.31,57.99,56.26,56.73,32.5107,3484000.0,0.0,1.0
2003-02-18,1287,57.5,58.2,57.5,57.82,33.1353,3677900.0,0.0,1.0
2003-02-19,1288,58.05,58.59,57.61,58.15,33.3244,2993400.0,0.0,1.0
2003-02-20,1289,58.75,58.75,56.85,56.85,32.5794,2431300.0,0.0,1.0
2003-02-21,1290,57.45,57.7,56.0,57.48,32.9405,3813500.0,0.0,1.0
2003-02-24,1291,57.49,57.49,56.48,56.67,32.4763,2504900.0,0.0,1.0
2003-02-25,1292,56.0,56.2,55.09,55.96,32.0694,3290500.0,0.0,1.0
2003-02-26,1293,56.1,57.32,55.5,55.58,31.8516,3261200.0,0.0,1.0
2003-02-27,1294,56.0,57.23,55.7,56.51,32.3846,3206000.0,0.0,1.0
2003-02-28,1295,56.9,57.44,56.26,56.56,32.4132,2928300.0,0.0,1.0
2003-03-03,1296,56.75,57.49,56.35,56.6,32.4362,2812700.0,0.0,1.0
2003-03-04,1297,56.52,56.94,56.02,56.2,32.2069,2290800.0,0.0,1.0
2003-03-05,1298,56.05,57.3,56.03,57.0,32.6654,2788900.0,0.0,1.0
2003-03-06,1299,56.5,56.99,55.95,55.95,32.0637,2895000.0,0.0,1.0
2003-03-07,1300,55.3,57.19,55.2,56.98,32.6539,3016400.0,0.0,1.0
2003-03-10,1301,56.84,56.84,55.79,56.0,32.0923,2027200.0,0.0,1.0
2003-03-11,1302,56.0,56.0,53.5,53.7,30.7742,4850100.0,0.0,1.0
2003-03-12,1303,53.71,54.05,52.77,54.04,30.9691,3296800.0,0.0,1.0
2003-03-13,1304,54.3,55.31,53.42,55.24,31.6568,3561100.0,0.0,1.0
2003-03-14,1305,55.04,55.24,53.69,53.98,30.9347,3665300.0,0.0,1.0
2003-03-17,1306,53.4,55.4,52.81,55.3,31.6912,5390500.0,0.0,1.0
2003-03-18,1307,55.3,56.4,55.14,55.98,32.0809,2710200.0,0.0,1.0
2003-03-19,1308,56.25,57.0,55.71,56.8,32.5508,2603500.0,0.0,1.0
2003-03-20,1309,56.81,56.99,55.71,56.63,32.4534,2946800.0,0.0,1.0
2003-03-21,1310,57.5,58.4,56.85,58.2,33.3531,3696700.0,0.0,1.0
2003-03-24,1311,58.2,58.2,56.57,56.7,32.4935,2195600.0,0.0,1.0
2003-03-25,1312,56.35,58.95,56.35,58.14,33.3187,2803900.0,0.0,1.0
2003-03-26,1313,58.35,58.45,57.46,57.56,32.9863,2122700.0,0.0,1.0
2003-03-27,1314,56.9,58.6,56.85,58.21,33.3588,2387300.0,0.0,1.0
2003-03-28,1315,57.68,58.4,57.25,58.36,33.4448,2481600.0,0.0,1.0
2003-03-31,1316,57.8,58.15,56.78,57.15,32.7514,2181700.0,0.0,1.0
2003-04-01,1317,57.55,58.4,56.72,58.33,33.4276,2461000.0,0.0,1.0
2003-04-02,1318,58.7,60.0,58.65,59.61,34.1611,2683900.0,0.0,1.0
2003-04-03,1319,59.94,60.84,59.62,60.5,34.6712,2925100.0,0.0,1.0
2003-04-04,1320,60.7,61.44,60.6,61.25,35.101,2826500.0,0.0,1.0
2003-04-07,1321,61.74,62.808,59.68,59.81,34.2757,3809400.0,0.0,1.0
2003-04-08,1322,60.1,60.55,59.5,59.8,34.27,2188100.0,0.0,1.0
2003-04-09,1323,58.85,60.99,58.85,59.26,33.9606,2487100.0,0.0,1.0
2003-04-10,1324,59.45,59.85,58.9,59.67,34.1955,2027400.0,0.0,1.0
2003-04-11,1325,59.67,59.8,57.96,58.36,33.4448,3535500.0,0.0,1.0
2003-04-14,1326,58.15,59.7,58.12,59.5,34.0981,2514000.0,0.0,1.0
2003-04-15,1327,59.59,59.75,58.5,59.07,33.8517,2477100.0,0.0,1.0
2003-04-16,1328,59.57,59.65,58.0,58.24,33.376,2679900.0,0.0,1.0
2003-04-17,1329,58.15,58.7,58.06,58.38,33.4562,2527400.0,0.0,1.0
2003-04-21,1330,58.0,59.83,57.99,59.47,34.0809,3703800.0,0.0,1.0
2003-04-22,1331,59.47,61.5,59.47,61.29,35.1239,3968900.0,0.0,1.0
2003-04-23,1332,61.9,62.84,61.74,62.5,35.8173,3746300.0,0.0,1.0
2003-04-24,1333,62.54,64.58,62.3,64.05,36.7056,4713400.0,0.0,1.0
2003-04-25,1334,64.2,64.53,62.8,63.28,36.2643,3809000.0,0.0,1.0
2003-04-28,1335,63.1,64.43,62.76,64.04,36.6999,2514100.0,0.0,1.0
2003-04-29,1336,64.05,64.94,64.05,64.5,36.9635,2523800.0,0.0,1.0
2003-04-30,1337,64.5,64.6,63.7,63.82,36.5738,4712700.0,0.0,1.0
2003-05-01,1338,63.82,64.32,62.77,64.12,36.7457,2455200.0,0.0,1.0
2003-05-02,1339,64.12,64.5,63.1,64.24,36.8145,2919200.0,0.0,1.0
2003-05-05,1340,64.27,64.9,63.44,63.95,36.6483,3100300.0,0.0,1.0
2003-05-06,1341,63.9,64.4,63.45,63.99,36.6712,2743900.0,0.0,1.0
2003-05-07,1342,63.99,64.39,63.53,64.36,36.8832,3394800.0,0.0,1.0
2003-05-08,1343,64.37,64.37,63.32,63.91,36.6254,3063900.0,0.0,1.0
2003-05-09,1344,63.91,64.65,63.91,64.15,36.7629,3225500.0,0.0,1.0
2003-05-12,1345,63.8,64.41,63.55,64.37,36.889,3024500.0,0.0,1.0
2003-05-13,1346,64.0,64.24,63.25,63.8,36.7543,2394400.0,0.335,1.0
2003-05-14,1347,64.1,64.2,62.9,63.74,36.7197,2337700.0,0.0,1.0
2003-05-15,1348,64.0,64.15,63.32,64.15,36.9559,2718800.0,0.0,1.0
2003-05-16,1349,63.95,64.08,63.3,63.53,36.5988,2579500.0,0.0,1.0
2003-05-19,1350,61.02,63.19,59.938,60.75,34.9972,6812000.0,0.0,1.0
2003-05-20,1351,60.11,60.2,57.74,58.35,33.6146,8256000.0,0.0,1.0
2003-05-21,1352,58.35,59.25,57.61,58.3,33.5858,6659300.0,0.0,1.0
2003-05-22,1353,58.3,58.3,57.24,57.73,33.2575,5739200.0,0.0,1.0
2003-05-23,1354,57.34,58.26,56.51,58.1,33.4706,5477200.0,0.0,1.0
2003-05-27,1355,57.75,59.31,56.7,59.3,34.1619,6932300.0,0.0,1.0
2003-05-28,1356,59.11,59.9,58.6,58.7,33.8163,3933900.0,0.0,1.0
2003-05-29,1357,58.7,59.48,58.02,58.22,33.5397,3114300.0,0.0,1.0
2003-05-30,1358,58.7,59.79,58.39,59.77,34.4327,3808300.0,0.0,1.0
2003-06-02,1359,60.58,60.6,57.97,58.15,33.4994,4941900.0,0.0,1.0
2003-06-03,1360,58.15,59.68,58.15,59.6,34.3347,5199500.0,0.0,1.0
2003-06-04,1361,59.32,60.6,59.05,60.18,34.6689,2987200.0,0.0,1.0
2003-06-05,1362,59.8,61.8,58.98,61.72,35.556,4059400.0,0.0,1.0
2003-06-06,1363,62.0,63.1,60.91,61.18,35.245,4110700.0,0.0,1.0
2003-06-09,1364,61.14,61.3,59.76,59.97,34.5479,2367600.0,0.0,1.0
2003-06-10,1365,60.0,60.3,59.22,60.23,34.6977,2394600.0,0.0,1.0
2003-06-11,1366,61.75,63.4,61.68,63.19,36.4029,7569500.0,0.0,1.0
2003-06-12,1367,63.4,64.48,63.04,64.06,36.9041,5642400.0,0.0,1.0
2003-06-13,1368,64.28,65.5,63.63,65.21,37.5666,5241000.0,0.0,1.0
2003-06-16,1369,65.95,68.02,65.72,67.85,39.0875,5823000.0,0.0,1.0
2003-06-17,1370,68.5,71.4,68.5,69.83,40.2281,9348900.0,0.0,1.0
2003-06-18,1371,69.8,70.58,68.56,69.0,39.75,6257000.0,0.0,1.0
2003-06-19,1372,69.0,69.01,67.28,67.4,38.8282,3929800.0,0.0,1.0
2003-06-20,1373,67.8,68.95,67.4,68.53,39.4792,5004300.0,0.0,1.0
2003-06-23,1374,68.38,68.38,66.32,67.07,38.6381,3777200.0,0.0,1.0
2003-06-24,1375,67.62,69.25,67.471,68.66,39.5541,4713800.0,0.0,1.0
2003-06-25,1376,68.6,69.92,67.4,67.75,39.0298,3241400.0,0.0,1.0
2003-06-26,1377,67.95,69.53,67.26,69.53,40.0553,3761900.0,0.0,1.0
2003-06-27,1378,67.5,68.4,67.38,68.12,39.243,5997200.0,0.0,1.0
2003-06-30,1379,68.15,69.56,68.15,68.97,39.7327,4733300.0,0.0,1.0
2003-07-01,1380,68.9,69.89,68.02,69.78,40.1993,3947700.0,0.0,1.0
2003-07-02,1381,69.78,69.99,69.2,69.61,40.1014,2743100.0,0.0,1.0
2003-07-03,1382,69.61,69.961,69.02,69.27,39.9055,1805100.0,0.0,1.0
2003-07-07,1383,69.5,70.44,69.5,70.33,40.5161,2964200.0,0.0,1.0
2003-07-08,1384,69.345,69.42,68.52,69.17,39.8479,2982200.0,0.0,1.0
2003-07-09,1385,68.8,68.98,67.6,67.91,39.122,4263000.0,0.0,1.0
2003-07-10,1386,67.6,67.65,66.62,67.08,38.6439,2906000.0,0.0,1.0
2003-07-11,1387,67.03,67.8,66.6,67.45,38.857,2593600.0,0.0,1.0
2003-07-14,1388,68.4,68.46,67.04,67.35,38.7994,2253200.0,0.0,1.0
2003-07-15,1389,67.48,67.62,65.71,65.83,37.9238,3966800.0,0.0,1.0
2003-07-16,1390,66.26,66.5,65.32,66.23,38.1542,2275000.0,0.0,1.0
2003-07-17,1391,66.48,68.0,66.27,66.81,38.4883,4447100.0,0.0,1.0
2003-07-18,1392,66.81,67.3,65.7,67.18,38.7015,2765700.0,0.0,1.0
2003-07-21,1393,67.18,67.18,65.41,66.14,38.1023,2192300.0,0.0,1.0
2003-07-22,1394,66.2,66.55,65.06,65.89,37.9583,2635700.0,0.0,1.0
2003-07-23,1395,66.07,66.55,65.08,66.07,38.062,2230900.0,0.0,1.0
2003-07-24,1396,67.1,68.25,66.75,66.82,38.4941,4310100.0,0.0,1.0
2003-07-25,1397,66.82,67.4,61.87,67.35,38.7994,2085100.0,0.0,1.0
2003-07-28,1398,67.2,67.57,66.27,66.62,38.3789,2389000.0,0.0,1.0
2003-07-29,1399,66.57,66.75,64.81,64.88,37.3765,3574200.0,0.0,1.0
2003-07-30,1400,65.15,66.6,65.03,66.55,38.3385,3535500.0,0.0,1.0
2003-07-31,1401,66.95,67.31,65.35,65.84,37.9295,3260200.0,0.0,1.0
2003-08-01,1402,65.1,65.17,63.42,64.0,36.8695,3763900.0,0.0,1.0
2003-08-04,1403,64.0,64.8,62.95,64.62,37.2267,2536100.0,0.0,1.0
2003-08-05,1404,64.5,65.38,63.7,63.81,36.7601,2570200.0,0.0,1.0
2003-08-06,1405,63.8,63.93,62.82,62.94,36.2589,3196700.0,0.0,1.0
2003-08-07,1406,63.25,64.0,63.08,63.85,36.7831,2517300.0,0.0,1.0
2003-08-08,1407,63.98,64.05,62.6,62.93,36.2531,2286800.0,0.0,1.0
2003-08-11,1408,62.7,63.28,62.53,63.07,36.3338,2133500.0,0.0,1.0
2003-08-12,1409,63.25,63.27,62.51,62.88,36.2243,2256300.0,0.0,1.0
2003-08-13,1410,62.55,62.97,61.98,62.2,36.0256,2134100.0,0.335,1.0
2003-08-14,1411,62.0,62.15,61.3,61.4,35.5622,2829200.0,0.0,1.0
2003-08-15,1412,61.6,61.9,60.81,61.63,35.6954,1726800.0,0.0,1.0
2003-08-18,1413,61.5,61.93,61.31,61.66,35.7128,2068000.0,0.0,1.0
2003-08-19,1414,61.7,61.8,61.0,61.25,35.4753,2652900.0,0.0,1.0
2003-08-20,1415,61.25,61.89,61.18,61.62,35.6896,3211000.0,0.0,1.0
2003-08-21,1416,63.48,64.44,62.99,63.56,36.8133,11239400.0,0.0,1.0
2003-08-22,1417,62.68,63.8,62.25,62.8,36.3731,4847300.0,0.0,1.0
2003-08-25,1418,62.8,63.67,62.76,63.58,36.8248,3302500.0,0.0,1.0
2003-08-26,1419,63.4,64.68,63.4,64.56,37.3924,4173200.0,0.0,1.0
2003-08-27,1420,64.31,65.48,64.31,65.22,37.7747,2752100.0,0.0,1.0
2003-08-28,1421,65.5,65.99,64.73,65.87,38.1512,2978100.0,0.0,1.0
2003-08-29,1422,65.8,66.6,65.5,66.53,38.5334,2460000.0,0.0,1.0
2003-09-02,1423,66.6,67.02,65.55,66.8,38.6898,3385300.0,0.0,1.0
2003-09-03,1424,63.04,64.0,61.79,62.1,35.9676,12242000.0,0.0,1.0
2003-09-04,1425,61.25,61.47,60.25,61.04,35.3537,8720400.0,0.0,1.0
2003-09-05,1426,61.86,62.25,60.86,61.0,35.3305,8230700.0,0.0,1.0
2003-09-08,1427,61.38,62.3,61.35,61.75,35.7649,3950700.0,0.0,1.0
2003-09-09,1428,61.6,62.14,61.39,61.44,35.5854,2781000.0,0.0,1.0
2003-09-10,1429,61.45,62.3,61.45,62.03,35.9271,3367300.0,0.0,1.0
2003-09-11,1430,62.45,62.58,60.81,60.98,35.3189,3307200.0,0.0,1.0
2003-09-12,1431,61.4,61.65,61.05,61.49,35.6143,3223200.0,0.0,1.0
2003-09-15,1432,61.9,61.9,60.9,60.9,35.2726,2525300.0,0.0,1.0
2003-09-16,1433,61.01,61.2,59.95,61.0,35.3305,3281500.0,0.0,1.0
2003-09-17,1434,60.07,61.55,60.07,60.74,35.1799,2916700.0,0.0,1.0
2003-09-18,1435,60.88,61.82,60.8,61.04,35.3537,2792800.0,0.0,1.0
2003-09-19,1436,61.04,61.669,60.12,60.21,34.873000000000005,3506200.0,0.0,1.0
2003-09-22,1437,60.21,60.21,59.02,59.25,34.3169,3418000.0,0.0,1.0
2003-09-23,1438,60.0,60.24,59.58,59.83,34.6529,2567900.0,0.0,1.0
2003-09-24,1439,59.6,60.11,58.9,59.25,34.3169,3726800.0,0.0,1.0
2003-09-25,1440,59.6,59.68,58.72,58.72,34.01,2534700.0,0.0,1.0
2003-09-26,1441,58.73,58.74,57.91,57.99,33.5872,3926700.0,0.0,1.0
2003-09-29,1442,58.09,58.49,57.901,58.2,33.7088,2956600.0,0.0,1.0
2003-09-30,1443,58.5,59.7,58.18,59.4,34.4038,4809000.0,0.0,1.0
2003-10-01,1444,62.0,63.2,61.55,63.01,36.4947,10990300.0,0.0,1.0
2003-10-02,1445,62.9,63.65,62.52,63.51,36.7843,4068900.0,0.0,1.0
2003-10-03,1446,64.25,64.3,63.3,63.4,36.7206,3751100.0,0.0,1.0
2003-10-06,1447,63.5,63.87,63.24,63.43,36.738,2370700.0,0.0,1.0
2003-10-07,1448,63.43,63.55,62.26,63.0,36.4889,3047200.0,0.0,1.0
2003-10-08,1449,63.2,63.29,62.09,62.28,36.0719,2379700.0,0.0,1.0
2003-10-09,1450,63.0,63.3,62.01,62.17,36.0082,2749100.0,0.0,1.0
2003-10-10,1451,62.55,62.77,61.94,62.31,36.0893,1767100.0,0.0,1.0
2003-10-13,1452,62.31,62.59,61.96,62.04,35.9329,1405200.0,0.0,1.0
2003-10-14,1453,61.54,62.42,61.36,62.38,36.1298,3056200.0,0.0,1.0
2003-10-15,1454,62.38,62.839,61.29,61.66,35.7128,2537600.0,0.0,1.0
2003-10-16,1455,61.27,62.11,61.27,61.92,35.8634,2662000.0,0.0,1.0
2003-10-17,1456,61.99,62.22,61.02,61.16,35.4232,2780600.0,0.0,1.0
2003-10-20,1457,61.32,61.55,60.63,61.55,35.6491,2418000.0,0.0,1.0
2003-10-21,1458,61.55,62.75,61.55,62.5,36.1993,2429300.0,0.0,1.0
2003-10-22,1459,61.8,61.81,60.34,60.78,35.2031,3805300.0,0.0,1.0
2003-10-23,1460,63.48,65.6,61.92,65.1,37.7052,8187400.0,0.0,1.0
2003-10-24,1461,65.1,66.29,64.62,66.29,38.3944,6062500.0,0.0,1.0
2003-10-27,1462,66.29,67.29,66.0,66.65,38.6029,4009700.0,0.0,1.0
2003-10-28,1463,66.72,67.35,66.33,67.35,39.0084,3029700.0,0.0,1.0
2003-10-29,1464,67.25,67.25,66.01,66.13,38.3018,3044500.0,0.0,1.0
2003-10-30,1465,67.1,67.9,66.28,66.64,38.5972,4629400.0,0.0,1.0
2003-10-31,1466,66.89,67.7,66.55,66.62,38.5856,3641500.0,0.0,1.0
2003-11-03,1467,66.63,66.95,66.29,66.75,38.6609,2029100.0,0.0,1.0
2003-11-04,1468,65.87,66.19,64.9,65.25,37.7921,2871100.0,0.0,1.0
2003-11-05,1469,65.13,66.04,65.0,66.04,38.2496,2782600.0,0.0,1.0
2003-11-06,1470,65.9,66.6,65.55,66.38,38.4466,2449200.0,0.0,1.0
2003-11-07,1471,66.46,66.95,65.5,65.85,38.1396,2677100.0,0.0,1.0
2003-11-10,1472,65.58,65.9,65.27,65.53,37.9543,1875000.0,0.0,1.0
2003-11-11,1473,65.11,65.58,64.9,65.03,37.6647,1921200.0,0.0,1.0
2003-11-12,1474,65.0,66.72,64.541,66.19,38.5305,3678700.0,0.335,1.0
2003-11-13,1475,66.2,69.6,66.0,69.05,40.1954,7427200.0,0.0,1.0
2003-11-14,1476,69.2,71.98,69.2,71.28,41.4935,9593800.0,0.0,1.0
2003-11-17,1477,69.5,71.47,69.5,70.7,41.1559,4567300.0,0.0,1.0
2003-11-18,1478,70.7,71.87,70.6,70.94,41.2956,3218800.0,0.0,1.0
2003-11-19,1479,71.1,72.8,70.8,72.54,42.227,4464700.0,0.0,1.0
2003-11-20,1480,72.01,72.55,71.43,71.53,41.6391,3328200.0,0.0,1.0
2003-11-21,1481,71.53,71.89,69.41,69.61,40.5214,6539700.0,0.0,1.0
2003-11-24,1482,70.12,70.95,70.05,70.5,41.0395,3582400.0,0.0,1.0
2003-11-25,1483,70.6,70.98,70.16,70.67,41.1384,3415400.0,0.0,1.0
2003-11-26,1484,69.95,69.95,68.39,69.3,40.3409,6350000.0,0.0,1.0
2003-11-28,1485,69.3,69.31,68.35,68.8,40.0499,2356000.0,0.0,1.0
2003-12-01,1486,68.56,70.5,68.5,70.3,40.9231,4229800.0,0.0,1.0
2003-12-02,1487,69.55,70.69,69.33,69.5,40.4574,4045700.0,0.0,1.0
2003-12-03,1488,69.6,70.18,68.98,68.98,40.1547,3171300.0,0.0,1.0
2003-12-04,1489,69.3,69.7,68.32,69.01,40.1721,2454500.0,0.0,1.0
2003-12-05,1490,68.56,68.99,68.25,68.8,40.0499,2214300.0,0.0,1.0
2003-12-08,1491,68.8,70.1,68.45,70.03,40.7659,3243700.0,0.0,1.0
2003-12-09,1492,70.13,70.55,69.58,70.55,41.0686,3456000.0,0.0,1.0
2003-12-10,1493,70.55,70.84,70.0,70.4,40.9813,3572800.0,0.0,1.0
2003-12-11,1494,70.9,72.1,70.56,71.8,41.7962,3655600.0,0.0,1.0
2003-12-12,1495,71.7,72.19,70.98,72.19,42.0233,2997600.0,0.0,1.0
2003-12-15,1496,72.68,72.79,71.68,71.69,41.7322,2500500.0,0.0,1.0
2003-12-16,1497,71.69,73.29,71.68,73.29,42.6636,3616400.0,0.0,1.0
2003-12-17,1498,73.01,73.13,72.19,72.48,42.1921,2746100.0,0.0,1.0
2003-12-18,1499,72.48,73.26,72.35,73.12,42.5646,2779100.0,0.0,1.0
2003-12-19,1500,73.35,73.89,72.77,73.89,43.0129,3762300.0,0.0,1.0
2003-12-22,1501,73.52,73.52,71.8,72.2,42.0291,3727600.0,0.0,1.0
2003-12-23,1502,71.63,72.19,69.99,70.52,41.0511,4794600.0,0.0,1.0
2003-12-24,1503,70.52,70.79,70.45,70.5,41.0395,1446100.0,0.0,1.0
2003-12-26,1504,70.65,71.08,70.5,70.62,41.1093,494400.0,0.0,1.0
2003-12-29,1505,71.3,71.62,70.62,71.62,41.6915,2661500.0,0.0,1.0
2003-12-30,1506,71.65,71.75,70.65,70.93,41.2898,3109600.0,0.0,1.0
2003-12-31,1507,70.9,70.94,70.04,70.33,40.9405,3583800.0,0.0,1.0
2004-01-02,1508,70.85,72.15,70.7,71.24,41.4703,3780500.0,0.0,1.0
2004-01-05,1509,70.4,71.2,69.9,70.19,40.859,6774200.0,0.0,1.0
2004-01-06,1510,70.0,70.24,69.5,70.13,40.8241,5398600.0,0.0,1.0
2004-01-07,1511,69.56,69.88,69.26,69.82,40.6436,4336100.0,0.0,1.0
2004-01-08,1512,69.57,69.685,67.92,68.1,39.6424,5579100.0,0.0,1.0
2004-01-09,1513,67.9,68.18,67.48,67.58,39.3397,4468400.0,0.0,1.0
2004-01-12,1514,67.95,69.09,67.8,68.83,40.0673,4530300.0,0.0,1.0
2004-01-13,1515,68.71,68.91,68.2,68.6,39.9335,3662100.0,0.0,1.0
2004-01-14,1516,68.35,69.44,68.0,69.2,40.2827,3862000.0,0.0,1.0
2004-01-15,1517,69.31,69.52,68.76,69.51,40.4632,3355400.0,0.0,1.0
2004-01-16,1518,69.8,70.17,69.65,70.06,40.7834,4237600.0,0.0,1.0
2004-01-20,1519,70.1,70.195,69.61,69.75,40.6029,3605500.0,0.0,1.0
2004-01-21,1520,69.76,70.8,69.1,70.8,41.2141,3874500.0,0.0,1.0
2004-01-22,1521,70.55,71.03,70.25,70.95,41.3014,3444000.0,0.0,1.0
2004-01-23,1522,70.98,71.0,69.08,69.46,40.4341,3936800.0,0.0,1.0
2004-01-26,1523,69.01,69.39,68.65,68.89,40.1023,4528300.0,0.0,1.0
2004-01-27,1524,68.89,69.37,68.35,68.45,39.8461,3744300.0,0.0,1.0
2004-01-28,1525,68.6,68.73,66.7,66.92,38.9555,5062800.0,0.0,1.0
2004-01-29,1526,66.75,68.59,66.55,68.4,39.817,4522100.0,0.0,1.0
2004-01-30,1527,68.55,68.55,67.21,68.04,39.6075,3057800.0,0.0,1.0
2004-02-02,1528,67.78,69.91,67.52,69.05,40.1954,3619100.0,0.0,1.0
2004-02-03,1529,69.05,69.67,68.52,69.4,40.3992,2781200.0,0.0,1.0
2004-02-04,1530,69.4,70.63,69.05,70.5,41.0395,4762700.0,0.0,1.0
2004-02-05,1531,70.99,71.51,70.51,71.45,41.5925,3950900.0,0.0,1.0
2004-02-06,1532,71.45,72.89,71.27,72.85,42.4075,4447700.0,0.0,1.0
2004-02-09,1533,72.9,73.49,72.26,73.22,42.6229,3696200.0,0.0,1.0
2004-02-10,1534,73.22,74.71,72.96,74.54,43.3913,5371900.0,0.0,1.0
2004-02-11,1535,74.16,74.7,73.76,74.7,43.691,4473800.0,0.355,1.0
2004-02-12,1536,74.7,74.7,73.35,73.58,43.036,5780500.0,0.0,1.0
2004-02-13,1537,73.59,73.65,72.74,73.5,42.9892,2437600.0,0.0,1.0
2004-02-17,1538,73.51,73.57,72.64,72.96,42.6733,2370200.0,0.0,1.0
2004-02-18,1539,72.85,72.98,72.04,72.46,42.3809,2502900.0,0.0,1.0
2004-02-19,1540,72.71,73.54,72.4,72.65,42.492,3383400.0,0.0,1.0
2004-02-20,1541,72.69,73.25,72.16,72.47,42.3867,2167700.0,0.0,1.0
2004-02-23,1542,72.48,72.65,71.76,72.02,42.1235,1825300.0,0.0,1.0
2004-02-24,1543,71.96,72.5,71.43,72.37,42.3283,2661300.0,0.0,1.0
2004-02-25,1544,72.62,72.86,72.39,72.79,42.5739,2678600.0,0.0,1.0
2004-02-26,1545,73.05,73.631,72.96,73.6,43.0477,2452700.0,0.0,1.0
2004-02-27,1546,73.46,74.46,70.0,73.94,43.2465,3223500.0,0.0,1.0
2004-03-01,1547,73.85,73.85,72.95,73.44,42.9541,3299300.0,0.0,1.0
2004-03-02,1548,73.3,73.8,72.23,72.63,42.4803,1881600.0,0.0,1.0
2004-03-03,1549,72.6,73.18,71.79,73.08,42.7435,1630500.0,0.0,1.0
2004-03-04,1550,73.15,73.17,72.18,73.12,42.7669,2070700.0,0.0,1.0
2004-03-05,1551,73.0,73.83,72.73,73.46,42.9658,2249500.0,0.0,1.0
2004-03-08,1552,73.6,73.98,72.71,72.8,42.5798,1997000.0,0.0,1.0
2004-03-09,1553,72.87,73.1,70.78,71.85,42.0241,4915200.0,0.0,1.0
2004-03-10,1554,71.9,71.98,70.34,70.49,41.2287,3915300.0,0.0,1.0
2004-03-11,1555,70.48,70.7,69.0,69.17,40.4566,3918700.0,0.0,1.0
2004-03-12,1556,69.6,70.93,69.34,70.93,41.486,3059000.0,0.0,1.0
2004-03-15,1557,70.34,70.51,69.4,69.68,40.7549,3090500.0,0.0,1.0
2004-03-16,1558,70.0,70.97,70.0,70.67,41.334,3043600.0,0.0,1.0
2004-03-17,1559,70.55,70.57,69.35,69.83,40.8426,3435900.0,0.0,1.0
2004-03-18,1560,69.3,70.17,69.02,69.82,40.8368,2888300.0,0.0,1.0
2004-03-19,1561,69.42,69.66,68.54,68.63,40.1408,3000700.0,0.0,1.0
2004-03-22,1562,68.63,69.23,67.74,67.96,39.7489,3264000.0,0.0,1.0
2004-03-23,1563,68.24,68.75,67.51,67.55,39.5091,3193600.0,0.0,1.0
2004-03-24,1564,67.65,67.77,66.04,66.49,38.8891,4967000.0,0.0,1.0
2004-03-25,1565,66.49,66.49,64.51,65.5,38.3101,6332700.0,0.0,1.0
2004-03-26,1566,65.4,65.68,64.65,65.0,38.0176,5019500.0,0.0,1.0
2004-03-29,1567,65.25,66.07,65.17,65.6,38.3686,4241400.0,0.0,1.0
2004-03-30,1568,66.0,66.18,65.39,65.8,38.4856,3444300.0,0.0,1.0
2004-03-31,1569,67.5,68.36,66.8,66.9,39.1289,5951000.0,0.0,1.0
2004-04-01,1570,67.4,67.93,67.01,67.6,39.5383,5346400.0,0.0,1.0
2004-04-02,1571,68.8,69.4,68.45,68.7,40.1817,4923500.0,0.0,1.0
2004-04-05,1572,68.95,69.17,68.32,69.15,40.4449,3705400.0,0.0,1.0
2004-04-06,1573,68.65,68.99,68.12,68.78,40.2285,2050500.0,0.0,1.0
2004-04-07,1574,68.75,69.89,68.47,69.4,40.5911,3914400.0,0.0,1.0
2004-04-08,1575,69.9,70.15,68.21,68.88,40.287,3592400.0,0.0,1.0
2004-04-12,1576,69.48,69.48,68.77,69.21,40.48,1516100.0,0.0,1.0
2004-04-13,1577,69.7,69.82,69.1,69.34,40.5561,3434100.0,0.0,1.0
2004-04-14,1578,69.02,70.41,69.02,70.41,41.1819,3321900.0,0.0,1.0
2004-04-15,1579,70.98,72.9,70.81,72.9,42.6382,6059600.0,0.0,1.0
2004-04-16,1580,72.98,73.35,72.02,72.45,42.375,4938300.0,0.0,1.0
2004-04-19,1581,72.5,73.74,72.5,73.4,42.9307,4933400.0,0.0,1.0
2004-04-20,1582,73.4,73.82,72.25,72.25,42.2581,3665700.0,0.0,1.0
2004-04-21,1583,72.25,73.85,71.73,73.41,42.9365,3355900.0,0.0,1.0
2004-04-22,1584,73.41,74.76,73.02,74.02,43.2933,3648000.0,0.0,1.0
2004-04-23,1585,73.77,74.12,72.89,73.15,42.7845,2891700.0,0.0,1.0
2004-04-26,1586,73.31,73.93,72.8,73.35,42.9014,2140300.0,0.0,1.0
2004-04-27,1587,73.7,74.88,73.42,73.78,43.1529,2968000.0,0.0,1.0
2004-04-28,1588,73.65,73.85,73.08,73.65,43.0769,2685700.0,0.0,1.0
2004-04-29,1589,73.73,74.67,72.76,73.4,42.9307,2793700.0,0.0,1.0
2004-04-30,1590,73.68,74.72,73.43,73.81,43.1705,3089200.0,0.0,1.0
2004-05-03,1591,73.82,74.99,73.81,74.64,43.65600000000001,3010000.0,0.0,1.0
2004-05-04,1592,74.69,75.97,74.5,75.33,44.0595,3909600.0,0.0,1.0
2004-05-05,1593,75.08,75.84,75.0,75.33,44.0595,2844400.0,0.0,1.0
2004-05-06,1594,74.8,76.63,74.75,76.26,44.6035,3639800.0,0.0,1.0
2004-05-07,1595,76.5,76.95,75.51,75.55,44.1882,3479000.0,0.0,1.0
2004-05-10,1596,75.55,76.15,73.58,74.38,43.5039,5019800.0,0.0,1.0
2004-05-11,1597,73.95,74.69,73.59,73.85,43.1939,3235800.0,0.0,1.0
2004-05-12,1598,73.25,74.0,72.09,73.71,43.3196,3512400.0,0.355,1.0
2004-05-13,1599,73.55,73.95,73.07,73.26,43.0552,2206400.0,0.0,1.0
2004-05-14,1600,73.26,74.49,72.98,73.85,43.4019,1971400.0,0.0,1.0
2004-05-17,1601,72.84,73.35,72.35,72.93,42.8612,3885500.0,0.0,1.0
2004-05-18,1602,72.93,73.31,72.27,72.57,42.6497,2687000.0,0.0,1.0
2004-05-19,1603,72.7,73.0,71.7,71.88,42.2441,2757000.0,0.0,1.0
2004-05-20,1604,72.2,72.56,71.44,72.31,42.4969,2966200.0,0.0,1.0
2004-05-21,1605,72.4,72.69,71.5,71.98,42.3029,2124700.0,0.0,1.0
2004-05-24,1606,72.1,72.1,70.31,70.77,41.5918,3351600.0,0.0,1.0
2004-05-25,1607,70.78,72.24,70.5,72.07,42.3558,3059400.0,0.0,1.0
2004-05-26,1608,72.95,73.89,72.75,73.42,43.1492,4105800.0,0.0,1.0
2004-05-27,1609,73.95,74.48,73.61,73.96,43.4666,2397400.0,0.0,1.0
2004-05-28,1610,73.67,73.95,73.1,73.67,43.2961,2249400.0,0.0,1.0
2004-06-01,1611,73.85,74.75,73.67,74.74,43.925,2898100.0,0.0,1.0
2004-06-02,1612,74.95,74.99,74.09,74.5,43.7839,2447300.0,0.0,1.0
2004-06-03,1613,74.51,75.4,74.3,74.36,43.7016,2252400.0,0.0,1.0
2004-06-04,1614,74.6,75.83,74.5,75.0,44.0778,2801200.0,0.0,1.0
2004-06-07,1615,75.65,75.67,74.81,75.66,44.4657,2056700.0,0.0,1.0
2004-06-08,1616,75.2,75.65,74.85,75.38,44.3011,1872800.0,0.0,1.0
2004-06-09,1617,75.1,75.1,73.46,73.57,43.2374,3608900.0,0.0,1.0
2004-06-10,1618,74.0,74.15,73.31,73.64,43.2785,1700000.0,0.0,1.0
2004-06-14,1619,73.3,74.05,72.52,72.7,42.7261,2781700.0,0.0,1.0
2004-06-15,1620,73.2,73.3,72.4,72.62,42.679,2257300.0,0.0,1.0
2004-06-16,1621,72.8,73.91,72.6,73.2,43.0199,2072800.0,0.0,1.0
2004-06-17,1622,72.9,73.69,72.58,73.54,43.2197,1998000.0,0.0,1.0
2004-06-18,1623,73.0,74.07,73.0,73.58,43.2432,3512800.0,0.0,1.0
2004-06-21,1624,73.3,73.47,72.67,72.67,42.7084,1842500.0,0.0,1.0
2004-06-22,1625,72.67,73.2,72.41,72.93,42.8612,2621100.0,0.0,1.0
2004-06-23,1626,72.65,73.49,72.1,73.14,42.9847,2032300.0,0.0,1.0
2004-06-24,1627,72.65,73.14,72.52,72.73,42.7437,1435600.0,0.0,1.0
2004-06-25,1628,72.15,72.2,71.39,71.4,41.962,4148900.0,0.0,1.0
2004-06-28,1629,71.75,72.41,71.51,71.7,42.1384,3116100.0,0.0,1.0
2004-06-29,1630,71.6,72.13,69.82,70.25,41.2862,6256700.0,0.0,1.0
2004-06-30,1631,70.25,70.73,69.47,69.91,41.0864,5540100.0,0.0,1.0
2004-07-01,1632,69.91,70.3,68.23,68.93,40.5104,4751000.0,0.0,1.0
2004-07-02,1633,68.94,69.81,68.78,69.37,40.769,3236700.0,0.0,1.0
2004-07-06,1634,69.17,69.17,68.13,68.28,40.1284,2614600.0,0.0,1.0
2004-07-07,1635,67.78,68.48,67.06,67.53,39.6876,3196200.0,0.0,1.0
2004-07-08,1636,67.51,69.57,67.51,67.88,39.8933,3601600.0,0.0,1.0
2004-07-09,1637,68.0,68.23,66.8,67.0,39.3762,3123200.0,0.0,1.0
2004-07-12,1638,67.01,68.4,66.97,68.12,40.0344,2949900.0,0.0,1.0
2004-07-13,1639,68.12,68.53,68.03,68.43,40.2166,2939000.0,0.0,1.0
2004-07-14,1640,68.15,69.08,67.8,67.99,39.958,2172700.0,0.0,1.0
2004-07-15,1641,68.1,68.32,66.77,66.83,39.2762,3579500.0,0.0,1.0
2004-07-16,1642,66.84,67.2,65.64,66.3,38.9648,3919100.0,0.0,1.0
2004-07-19,1643,66.23,66.38,65.51,65.53,38.5122,3247200.0,0.0,1.0
2004-07-20,1644,65.3,65.64,64.14,64.67,38.0068,5220600.0,0.0,1.0
2004-07-21,1645,64.9,66.94,64.8,65.28,38.3653,4294600.0,0.0,1.0
2004-07-22,1646,64.1,66.0,64.05,64.74,38.0479,3993100.0,0.0,1.0
2004-07-23,1647,63.25,64.16,62.63,62.71,36.8549,5203400.0,0.0,1.0
2004-07-26,1648,63.1,63.11,61.64,62.14,36.5199,3893300.0,0.0,1.0
2004-07-27,1649,62.5,63.95,62.27,63.07,37.0665,5439800.0,0.0,1.0
2004-07-28,1650,62.86,63.84,62.01,63.69,37.4309,4209900.0,0.0,1.0
2004-07-29,1651,63.35,64.12,63.03,63.64,37.4015,2867400.0,0.0,1.0
2004-07-30,1652,63.4,64.37,63.26,63.72,37.4485,2162100.0,0.0,1.0
2004-08-02,1653,63.72,64.19,63.36,63.55,37.3486,1805100.0,0.0,1.0
2004-08-03,1654,63.6,64.09,63.18,63.22,37.1546,2581200.0,0.0,1.0
2004-08-04,1655,64.1,64.49,63.02,63.65,37.4073,3622100.0,0.0,1.0
2004-08-05,1656,63.7,63.7704,61.3,61.41,36.0909,3328800.0,0.0,1.0
2004-08-06,1657,61.02,61.2,60.25,61.0,35.8499,3792700.0,0.0,1.0
2004-08-09,1658,61.25,61.3,60.3,60.47,35.5384,2148600.0,0.0,1.0
2004-08-10,1659,60.65,61.1,59.78,61.06,35.8852,3483500.0,0.0,1.0
2004-08-11,1660,60.21,62.7,60.21,62.6,36.9989,3920000.0,0.355,1.0
2004-08-12,1661,62.41,62.84,61.6,62.06,36.6797,2507200.0,0.0,1.0
2004-08-13,1662,62.25,62.67,61.52,61.57,36.3901,3076200.0,0.0,1.0
2004-08-16,1663,61.97,63.2,61.77,63.09,37.2885,2859300.0,0.0,1.0
2004-08-17,1664,63.08,63.43,62.51,62.83,37.1348,2658500.0,0.0,1.0
2004-08-18,1665,62.98,64.68,62.55,64.56,38.1573,3489600.0,0.0,1.0
2004-08-19,1666,64.56,64.56,63.2,64.35,38.0332,3401400.0,0.0,1.0
2004-08-20,1667,64.35,64.74,64.21,64.5,38.1219,2296300.0,0.0,1.0
2004-08-23,1668,64.5,64.84,64.22,64.4,38.0628,2011200.0,0.0,1.0
2004-08-24,1669,64.65,64.92,64.31,64.7,38.2401,2186200.0,0.0,1.0
2004-08-25,1670,64.83,64.96,64.32,64.48,38.11,2287900.0,0.0,1.0
2004-08-26,1671,64.19,64.49,63.28,63.53,37.5486,3415500.0,0.0,1.0
2004-08-27,1672,63.85,64.56,63.7,64.32,38.0155,1566500.0,0.0,1.0
2004-08-30,1673,64.0,64.03,62.99,63.2,37.3535,2325000.0,0.0,1.0
2004-08-31,1674,63.35,63.77,62.8,63.45,37.5013,2014400.0,0.0,1.0
2004-09-01,1675,63.5,64.18,62.99,64.11,37.8914,3085700.0,0.0,1.0
2004-09-02,1676,64.11,65.0,64.0,64.78,38.2873,1945900.0,0.0,1.0
2004-09-03,1677,64.89,65.25,64.77,64.98,38.4056,1998900.0,0.0,1.0
2004-09-07,1678,65.3,66.5,65.3,66.0,39.0084,2948900.0,0.0,1.0
2004-09-08,1679,65.78,66.46,64.9,65.07,38.4587,2198100.0,0.0,1.0
2004-09-09,1680,65.32,65.95,65.15,65.73,38.8488,2713000.0,0.0,1.0
2004-09-10,1681,65.73,65.96,65.01,65.85,38.9198,1928000.0,0.0,1.0
2004-09-13,1682,65.98,66.0,65.45,65.45,38.6833,2860000.0,0.0,1.0
2004-09-14,1683,65.46,66.69,65.46,66.46,39.2803,3820800.0,0.0,1.0
2004-09-15,1684,66.65,67.3,66.59,67.04,39.6231,3205900.0,0.0,1.0
2004-09-16,1685,67.02,67.19,66.67,66.76,39.4576,2291500.0,0.0,1.0
2004-09-17,1686,66.98,66.98,66.26,66.39,39.2389,2637600.0,0.0,1.0
2004-09-20,1687,66.29,66.44,65.08,65.51,38.7188,2432600.0,0.0,1.0
2004-09-21,1688,65.5,65.51,64.85,65.16,38.5119,3256500.0,0.0,1.0
2004-09-22,1689,64.65,64.97,63.65,63.92,37.7791,2874800.0,0.0,1.0
2004-09-23,1690,64.25,64.45,63.48,63.5,37.5308,2254100.0,0.0,1.0
2004-09-24,1691,63.5,64.08,63.24,63.66,37.6254,1810700.0,0.0,1.0
2004-09-27,1692,63.67,63.85,62.75,62.9,37.1762,1893100.0,0.0,1.0
2004-09-28,1693,63.0,63.05,61.81,62.05,36.6738,4064100.0,0.0,1.0
2004-09-29,1694,62.0,62.2,61.2,61.85,36.5556,3178900.0,0.0,1.0
2004-09-30,1695,61.3,61.7,59.72,60.05,35.4917,7016600.0,0.0,1.0
2004-10-01,1696,60.25,61.83,60.23,61.4,36.2896,3458300.0,0.0,1.0
2004-10-04,1697,61.4,62.38,61.4,61.56,36.3842,3311200.0,0.0,1.0
2004-10-05,1698,61.71,62.32,61.5,62.01,36.6502,2190800.0,0.0,1.0
2004-10-06,1699,62.02,62.03,60.46,61.47,36.331,3824700.0,0.0,1.0
2004-10-07,1700,61.55,61.86,59.39,59.56,35.2021,5547800.0,0.0,1.0
2004-10-08,1701,59.5,60.39,59.01,59.08,34.9184,3905900.0,0.0,1.0
2004-10-11,1702,59.16,59.5,58.8,59.0,34.8712,2688200.0,0.0,1.0
2004-10-12,1703,57.3,58.1,57.07,57.15,33.7777,6097600.0,0.0,1.0
2004-10-13,1704,57.15,57.34,55.83,56.3,33.2754,5223000.0,0.0,1.0
2004-10-14,1705,56.38,56.99,56.03,56.03,33.1158,3904300.0,0.0,1.0
2004-10-15,1706,56.28,57.57,56.03,57.35,33.8959,6463700.0,0.0,1.0
2004-10-18,1707,57.0,57.79,57.0,57.4,33.9255,3307200.0,0.0,1.0
2004-10-19,1708,57.4,57.5,55.83,56.0,33.098,4170800.0,0.0,1.0
2004-10-20,1709,55.9,56.05,54.82,55.1,32.5661,6387200.0,0.0,1.0
2004-10-21,1710,54.26,54.88,52.28,52.64,31.1122,10637200.0,0.0,1.0
2004-10-22,1711,52.4,52.86,51.63,51.85,30.6452,9597700.0,0.0,1.0
2004-10-25,1712,51.85,52.0,50.34,50.44,29.8119,6367300.0,0.0,1.0
2004-10-26,1713,50.35,52.52,50.35,52.45,30.9999,6071200.0,0.0,1.0
2004-10-27,1714,53.75,56.58,53.41,56.2,33.2163,9657400.0,0.0,1.0
2004-10-28,1715,56.05,56.3,55.32,56.04,33.1217,5004100.0,0.0,1.0
2004-10-29,1716,55.81,56.0,53.96,54.91,32.4538,6141600.0,0.0,1.0
2004-11-01,1717,54.91,55.55,54.56,55.15,32.5957,4770400.0,0.0,1.0
2004-11-02,1718,54.75,56.23,54.73,55.12,32.5779,5324400.0,0.0,1.0
2004-11-03,1719,57.7,58.79,56.0,56.63,33.4704,9225500.0,0.0,1.0
2004-11-04,1720,56.88,57.44,56.01,57.32,33.8782,5210900.0,0.0,1.0
2004-11-05,1721,57.46,58.2,57.15,57.6,34.0437,4160500.0,0.0,1.0
2004-11-08,1722,57.2,57.65,56.5,56.95,33.6595,3422400.0,0.0,1.0
2004-11-09,1723,56.95,57.34,56.36,56.53,33.4113,2734800.0,0.0,1.0
2004-11-10,1724,56.45,56.47,55.45,55.62,33.0833,3495700.0,0.355,1.0
2004-11-11,1725,55.6,56.72,55.2048,55.99,33.3034,2785000.0,0.0,1.0
2004-11-12,1726,56.1,56.29,55.07,56.21,33.4342,2678900.0,0.0,1.0
2004-11-15,1727,56.15,57.18,56.0,57.18,34.0112,3313900.0,0.0,1.0
2004-11-16,1728,57.18,57.44,56.7,56.81,33.7911,4602300.0,0.0,1.0
2004-11-17,1729,57.44,57.5,55.78,55.86,33.226,3409200.0,0.0,1.0
2004-11-18,1730,56.3,56.5,56.03,56.4,33.5472,2699600.0,0.0,1.0
2004-11-19,1731,56.65,56.65,55.1,55.22,32.8453,3332900.0,0.0,1.0
2004-11-22,1732,55.24,56.2,54.7,56.13,33.3866,4176100.0,0.0,1.0
2004-11-23,1733,55.92,56.13,53.83,54.63,32.4944,4773700.0,0.0,1.0
2004-11-24,1734,54.95,55.25,54.39,54.79,32.5896,2881300.0,0.0,1.0
2004-11-26,1735,54.61,55.39,54.54,54.75,32.5658,1044600.0,0.0,1.0
2004-11-29,1736,55.25,55.25,53.45,54.32,32.31,5651100.0,0.0,1.0
2004-11-30,1737,54.0,54.42,53.31,53.33,31.7212,3590000.0,0.0,1.0
2004-12-01,1738,53.85,54.47,53.7,54.47,32.3992,3534200.0,0.0,1.0
2004-12-02,1739,54.47,55.57,54.2,54.79,32.5896,3260200.0,0.0,1.0
2004-12-03,1740,54.9,55.35,54.21,54.5,32.4171,2690900.0,0.0,1.0
2004-12-06,1741,54.5,54.85,53.87,54.6,32.4766,2665700.0,0.0,1.0
2004-12-07,1742,54.61,55.01,53.64,53.66,31.9174,2683000.0,0.0,1.0
2004-12-08,1743,54.35,54.56,53.68,54.34,32.3219,3757200.0,0.0,1.0
2004-12-09,1744,53.7,54.76,53.42,54.68,32.5242,4457800.0,0.0,1.0
2004-12-10,1745,54.77,55.2,54.62,55.04,32.7383,4138500.0,0.0,1.0
2004-12-13,1746,55.45,56.14,55.44,56.05,33.339,4242900.0,0.0,1.0
2004-12-14,1747,56.05,57.34,56.05,57.0,33.9041,4593900.0,0.0,1.0
2004-12-15,1748,57.2,57.44,56.44,56.72,33.7376,3699900.0,0.0,1.0
2004-12-16,1749,56.8,57.82,56.62,57.4,34.142,4659500.0,0.0,1.0
2004-12-17,1750,55.4,56.15,53.36,56.02,33.3212,13640700.0,0.0,1.0
2004-12-20,1751,56.06,56.49,55.01,55.3,32.8929,5305200.0,0.0,1.0
2004-12-21,1752,55.31,55.81,55.1,55.81,33.1963,4070300.0,0.0,1.0
2004-12-22,1753,55.45,56.8,55.45,56.62,33.6781,4181300.0,0.0,1.0
2004-12-23,1754,56.47,57.78,56.41,57.26,34.0588,3152300.0,0.0,1.0
2004-12-27,1755,57.37,58.01,57.18,57.18,34.0112,2406300.0,0.0,1.0
2004-12-28,1756,57.04,57.67,57.01,57.43,34.1599,1916200.0,0.0,1.0
2004-12-29,1757,57.12,57.25,56.73,57.25,34.0528,2743200.0,0.0,1.0
2004-12-30,1758,57.45,57.75,57.26,57.5,34.2015,2532200.0,0.0,1.0
2004-12-31,1759,56.75,57.14,56.7,56.75,33.7554,4178300.0,0.0,1.0
2005-01-03,1760,56.77,57.04,56.2,56.25,33.458,3157300.0,0.0,1.0
2005-01-04,1761,56.6,56.84,55.45,55.5,33.0119,4277600.0,0.0,1.0
2005-01-05,1762,55.73,56.19,55.5,56.08,33.3569,3393900.0,0.0,1.0
2005-01-06,1763,56.0,56.79,55.89,56.53,33.6245,2940100.0,0.0,1.0
2005-01-07,1764,56.53,56.7,56.17,56.26,33.4639,2948600.0,0.0,1.0
2005-01-10,1765,56.1,57.09,55.9,56.94,33.8684,2908000.0,0.0,1.0
2005-01-11,1766,56.94,57.12,56.4,57.03,33.922,3392100.0,0.0,1.0
2005-01-12,1767,57.07,57.83,56.89,57.78,34.3681,4472700.0,0.0,1.0
2005-01-13,1768,57.53,57.75,56.41,56.42,33.5591,3659900.0,0.0,1.0
2005-01-14,1769,56.35,57.3,56.28,57.25,34.0528,3207400.0,0.0,1.0
2005-01-18,1770,57.25,57.68,56.61,57.54,34.2253,3080100.0,0.0,1.0
2005-01-19,1771,57.43,57.68,56.96,57.0,33.9041,2463400.0,0.0,1.0
2005-01-20,1772,57.0,57.35,56.11,56.43,33.5651,3297300.0,0.0,1.0
2005-01-21,1773,56.2,56.32,55.28,55.32,32.9048,3470600.0,0.0,1.0
2005-01-24,1774,55.55,55.68,54.84,54.84,32.6193,3075500.0,0.0,1.0
2005-01-25,1775,55.35,55.7,54.78,54.85,32.6253,3015800.0,0.0,1.0
2005-01-26,1776,56.25,57.17,55.39,55.5,33.0119,6320300.0,0.0,1.0
2005-01-27,1777,55.25,55.82,55.05,55.57,33.0535,3915200.0,0.0,1.0
2005-01-28,1778,55.35,55.35,52.86,53.58,31.8699,5922500.0,0.0,1.0
2005-01-31,1779,53.74,54.7,53.65,54.24,32.2624,4901300.0,0.0,1.0
2005-02-01,1780,54.25,54.77,53.85,54.76,32.5717,2690100.0,0.0,1.0
2005-02-02,1781,54.62,55.49,54.42,55.14,32.7978,2721700.0,0.0,1.0
2005-02-03,1782,55.14,55.2,54.61,54.87,32.6372,3401500.0,0.0,1.0
2005-02-04,1783,54.71,55.35,54.5,55.03,32.7323,2220300.0,0.0,1.0
2005-02-07,1784,55.28,56.16,55.15,55.74,33.1546,2045600.0,0.0,1.0
2005-02-08,1785,55.2,55.6,55.06,55.4,32.9524,2800300.0,0.0,1.0
2005-02-09,1786,55.7,56.12,54.58,54.65,32.5063,2539100.0,0.0,1.0
2005-02-10,1787,54.98,55.0,54.5,54.8,32.5955,1982000.0,0.0,1.0
2005-02-11,1788,54.64,56.69,54.6,55.5,33.2379,2713900.0,0.38,1.0
2005-02-14,1789,55.95,55.98,55.04,55.4,33.178000000000004,2105300.0,0.0,1.0
2005-02-15,1790,55.25,55.9,54.95,55.77,33.3996,3362100.0,0.0,1.0
2005-02-16,1791,55.52,55.84,55.04,55.43,33.196,2534800.0,0.0,1.0
2005-02-17,1792,55.29,55.69,55.01,55.13,33.0163,2760300.0,0.0,1.0
2005-02-18,1793,55.23,55.23,54.35,54.6,32.6989,4445700.0,0.0,1.0
2005-02-22,1794,54.67,55.1,54.5,54.56,32.675,3842100.0,0.0,1.0
2005-02-23,1795,54.7,55.04,54.56,54.83,32.8367,2189200.0,0.0,1.0
2005-02-24,1796,54.93,55.19,54.57,55.12,33.0103,2534600.0,0.0,1.0
2005-02-25,1797,55.03,55.88,54.94,55.83,33.4356,2425400.0,0.0,1.0
2005-02-28,1798,55.86,56.3,55.26,56.0,33.5374,3016200.0,0.0,1.0
2005-03-01,1799,56.2,56.64,55.97,56.49,33.8308,2692100.0,0.0,1.0
2005-03-02,1800,56.08,57.0,55.87,56.35,33.747,2889100.0,0.0,1.0
2005-03-03,1801,56.6,56.6,55.56,56.15,33.6272,1933300.0,0.0,1.0
2005-03-04,1802,56.65,56.9,56.02,56.76,33.9925,3032000.0,0.0,1.0
2005-03-07,1803,56.99,57.41,56.82,57.32,34.3279,2819500.0,0.0,1.0
2005-03-08,1804,57.28,57.42,56.52,56.74,33.9805,2699900.0,0.0,1.0
2005-03-09,1805,56.25,56.37,55.3,55.6,33.2978,4725200.0,0.0,1.0
2005-03-10,1806,55.6,55.9,55.17,55.56,33.2739,3238700.0,0.0,1.0
2005-03-11,1807,55.72,55.75,54.7,54.85,32.8486,3217300.0,0.0,1.0
2005-03-14,1808,54.89,55.0,53.53,53.7,32.1599,5856400.0,0.0,1.0
2005-03-15,1809,53.95,54.0,52.65,52.7,31.5611,4783900.0,0.0,1.0
2005-03-16,1810,52.74,52.97,51.82,52.12,31.2137,4564800.0,0.0,1.0
2005-03-17,1811,52.29,52.7,51.83,52.23,31.2796,3998600.0,0.0,1.0
2005-03-18,1812,52.23,52.65,51.65,52.52,31.4533,5215200.0,0.0,1.0
2005-03-21,1813,52.52,52.65,51.97,51.98,31.1299,2254100.0,0.0,1.0
2005-03-22,1814,51.99,52.48,51.8,51.84,31.046,3315600.0,0.0,1.0
2005-03-23,1815,51.8,53.71,51.65,52.78,31.609,5705600.0,0.0,1.0
2005-03-24,1816,52.81,53.47,52.76,52.9,31.6808,3108000.0,0.0,1.0
2005-03-28,1817,52.91,52.92,52.06,52.75,31.591,3254800.0,0.0,1.0
2005-03-29,1818,52.55,52.6,51.32,51.73,30.9801,5910700.0,0.0,1.0
2005-03-30,1819,52.45,52.83,52.02,52.77,31.603,3819200.0,0.0,1.0
2005-03-31,1820,52.77,52.77,52.05,52.1,31.2017,2884400.0,0.0,1.0
2005-04-01,1821,52.3,52.55,51.09,51.19,30.6567,4281900.0,0.0,1.0
2005-04-04,1822,51.52,51.75,51.08,51.33,30.7406,4251800.0,0.0,1.0
2005-04-05,1823,51.62,53.3,51.62,53.21,31.8665,4651600.0,0.0,1.0
2005-04-06,1824,53.35,53.75,52.81,53.56,32.0761,4341400.0,0.0,1.0
2005-04-07,1825,53.24,54.44,53.1,54.0,32.3396,4335400.0,0.0,1.0
2005-04-08,1826,54.15,54.67,54.01,54.31,32.5253,4089100.0,0.0,1.0
2005-04-11,1827,54.31,54.68,54.01,54.37,32.5612,2860200.0,0.0,1.0
2005-04-12,1828,54.05,54.1,52.9,53.82,32.2318,5428200.0,0.0,1.0
2005-04-13,1829,53.8,57.9,53.44,57.12,34.2081,17838600.0,0.0,1.0
2005-04-14,1830,56.88,57.09,55.15,55.16,33.0343,15798400.0,0.0,1.0
2005-04-15,1831,59.0,59.89,57.43,58.07,34.777,33421300.0,0.0,1.0
2005-04-18,1832,58.15,59.22,57.76,59.0,35.334,12307300.0,0.0,1.0
2005-04-19,1833,59.0,59.68,59.0,59.45,35.6035,5896200.0,0.0,1.0
2005-04-20,1834,59.25,59.7,58.01,58.02,34.7471,7336300.0,0.0,1.0
2005-04-21,1835,58.97,58.99,58.03,58.51,35.0406,5615400.0,0.0,1.0
2005-04-22,1836,58.25,58.74,58.02,58.4,34.9747,3968900.0,0.0,1.0
2005-04-25,1837,58.53,59.19,58.4,58.77,35.1963,4128300.0,0.0,1.0
2005-04-26,1838,58.25,58.99,58.13,58.4,34.9747,3592800.0,0.0,1.0
2005-04-27,1839,58.2,58.29,57.21,58.23,34.8729,3413800.0,0.0,1.0
2005-04-28,1840,58.23,58.5,57.25,58.0,34.7351,3765300.0,0.0,1.0
2005-04-29,1841,58.14,58.47,57.7,58.47,35.0166,4391200.0,0.0,1.0
2005-05-02,1842,58.7,59.1,57.93,58.91,35.2801,3552400.0,0.0,1.0
2005-05-03,1843,59.0,59.98,58.92,59.75,35.7832,5701800.0,0.0,1.0
2005-05-04,1844,59.98,60.47,59.51,60.26,36.0886,5656500.0,0.0,1.0
2005-05-05,1845,60.1,60.64,59.78,60.44,36.1964,3436200.0,0.0,1.0
2005-05-06,1846,60.57,60.98,60.15,60.18,36.0407,4744800.0,0.0,1.0
2005-05-09,1847,60.08,60.08,59.44,59.76,35.7892,3696600.0,0.0,1.0
2005-05-10,1848,59.41,59.64,59.08,59.13,35.4119,3303900.0,0.0,1.0
2005-05-11,1849,58.41,58.98,58.23,58.75,35.4119,2655700.0,0.38,1.0
2005-05-12,1850,59.37,59.7,58.8,59.19,35.6771,2666700.0,0.0,1.0
2005-05-13,1851,58.63,59.22,58.21,58.76,35.4179,3003400.0,0.0,1.0
2005-05-16,1852,58.93,59.7,58.8,59.4,35.8037,2011500.0,0.0,1.0
2005-05-17,1853,59.43,59.62,58.89,59.56,35.9001,1858300.0,0.0,1.0
2005-05-18,1854,60.0,60.74,59.92,60.36,36.3823,5411500.0,0.0,1.0
2005-05-19,1855,60.61,60.83,59.6,59.94,36.1291,3866200.0,0.0,1.0
2005-05-20,1856,59.9,59.9,58.61,58.9,35.5023,5058200.0,0.0,1.0
2005-05-23,1857,58.69,59.48,58.35,58.72,35.3938,2943400.0,0.0,1.0
2005-05-24,1858,58.05,59.29,58.05,58.62,35.3335,2715500.0,0.0,1.0
2005-05-25,1859,58.75,59.05,58.3102,58.7,35.3817,2958400.0,0.0,1.0
2005-05-26,1860,58.78,59.46,58.725,59.1,35.6228,2621000.0,0.0,1.0
2005-05-27,1861,58.98,59.26,58.55,59.05,35.5927,2330900.0,0.0,1.0
2005-05-31,1862,59.06,59.22,58.27,58.3,35.1406,3970200.0,0.0,1.0
2005-06-01,1863,58.3,58.77,58.0,58.45,35.231,3177700.0,0.0,1.0
2005-06-02,1864,58.21,58.34,58.0,58.19,35.0743,1737200.0,0.0,1.0
2005-06-03,1865,58.13,58.34,57.65,57.65,34.7488,3358800.0,0.0,1.0
2005-06-06,1866,57.75,58.23,57.47,57.69,34.7729,2193900.0,0.0,1.0
2005-06-07,1867,58.13,58.93,57.65,57.65,34.7488,3272500.0,0.0,1.0
2005-06-08,1868,58.0,58.04,57.1,57.37,34.5801,3352200.0,0.0,1.0
2005-06-09,1869,57.48,57.75,56.95,57.07,34.3992,3242300.0,0.0,1.0
2005-06-10,1870,57.38,57.6,56.74,56.99,34.351,2319500.0,0.0,1.0
2005-06-13,1871,57.01,57.63,56.5,57.3,34.5379,2349900.0,0.0,1.0
2005-06-14,1872,57.22,57.99,57.11,57.65,34.7488,2494900.0,0.0,1.0
2005-06-15,1873,57.92,57.95,56.82,57.36,34.574,2178400.0,0.0,1.0
2005-06-16,1874,57.78,58.56,57.59,58.36,35.1768,3382800.0,0.0,1.0
2005-06-17,1875,58.51,58.98,58.21,58.52,35.2732,3758100.0,0.0,1.0
2005-06-20,1876,58.2,58.55,57.77,58.05,34.9899,3087500.0,0.0,1.0
2005-06-21,1877,58.05,58.54,57.97,58.12,35.0321,2350100.0,0.0,1.0
2005-06-22,1878,58.2,58.51,57.85,58.32,35.1527,2413400.0,0.0,1.0
2005-06-23,1879,58.2,58.45,57.52,57.52,34.6705,2511500.0,0.0,1.0
2005-06-24,1880,57.4,57.43,56.9,56.91,34.3028,2574400.0,0.0,1.0
2005-06-27,1881,56.6,56.97,56.28,56.44,34.0195,2571400.0,0.0,1.0
2005-06-28,1882,56.8,56.9,56.09,56.66,34.1521,3142600.0,0.0,1.0
2005-06-29,1883,56.82,56.83,56.27,56.3,33.9351,2747900.0,0.0,1.0
2005-06-30,1884,56.47,56.49,55.52,55.71,33.5795,4200600.0,0.0,1.0
2005-07-01,1885,55.72,55.98,55.21,55.42,33.4047,2667600.0,0.0,1.0
2005-07-05,1886,55.14,55.86,55.01,55.72,33.5855,2325900.0,0.0,1.0
2005-07-06,1887,55.75,56.14,55.13,55.63,33.5313,2907600.0,0.0,1.0
2005-07-07,1888,54.75,55.39,54.75,55.21,33.2781,3977200.0,0.0,1.0
2005-07-08,1889,55.42,56.39,55.19,56.25,33.905,3461600.0,0.0,1.0
2005-07-11,1890,56.7,56.73,56.26,56.62,34.128,2572200.0,0.0,1.0
2005-07-12,1891,56.61,56.83,56.06,56.45,34.0255,3740900.0,0.0,1.0
2005-07-13,1892,56.26,56.5,56.07,56.38,33.9833,2534700.0,0.0,1.0
2005-07-14,1893,56.37,57.0,56.284,56.94,34.3209,2977700.0,0.0,1.0
2005-07-15,1894,56.6,57.13,56.42,56.66,34.1521,4452000.0,0.0,1.0
2005-07-18,1895,56.63,56.88,56.24,56.8,34.2365,1961400.0,0.0,1.0
2005-07-19,1896,57.15,57.3,56.62,56.72,34.1883,2879100.0,0.0,1.0
2005-07-20,1897,56.83,57.4,56.66,57.26,34.5138,2964600.0,0.0,1.0
2005-07-21,1898,56.26,56.82,56.0,56.25,33.905,6380400.0,0.0,1.0
2005-07-22,1899,55.75,55.99,54.79,55.0,33.1515,6476600.0,0.0,1.0
2005-07-25,1900,55.15,55.28,54.51,54.75,33.0008,3821500.0,0.0,1.0
2005-07-26,1901,54.93,55.0,54.35,54.36,32.7658,2549400.0,0.0,1.0
2005-07-27,1902,54.4,55.14,54.37,54.91,33.0973,3047000.0,0.0,1.0
2005-07-28,1903,55.35,55.78,54.98,55.44,33.4167,2903400.0,0.0,1.0
2005-07-29,1904,55.97,56.51,55.9,56.32,33.9472,5133200.0,0.0,1.0
2005-08-01,1905,56.33,57.0,56.3,56.69,34.1702,4310100.0,0.0,1.0
2005-08-02,1906,56.2,56.28,55.7,56.01,33.7603,7288000.0,0.0,1.0
2005-08-03,1907,55.55,55.75,54.56,54.94,33.1154,6182200.0,0.0,1.0
2005-08-04,1908,54.75,54.94,53.76,53.9,32.4885,5871800.0,0.0,1.0
2005-08-05,1909,53.94,53.98,53.0,53.45,32.2173,5420700.0,0.0,1.0
2005-08-08,1910,53.46,53.59,52.84,53.1,32.0063,3809100.0,0.0,1.0
2005-08-09,1911,53.25,54.08,53.16,53.84,32.4523,3490500.0,0.0,1.0
2005-08-10,1912,54.02,54.41,53.68,53.9,32.4885,3459200.0,0.0,1.0
2005-08-11,1913,53.87,53.87,53.5,53.64,32.5608,3211800.0,0.38,1.0
2005-08-12,1914,53.36,53.67,53.21,53.41,32.4212,2238900.0,0.0,1.0
2005-08-15,1915,53.45,53.54,53.0,53.05,32.2027,2237600.0,0.0,1.0
2005-08-16,1916,53.13,53.23,52.63,52.73,32.0084,3796600.0,0.0,1.0
2005-08-17,1917,52.65,53.22,52.35,52.78,32.0388,3847000.0,0.0,1.0
2005-08-18,1918,52.56,52.65,51.98,52.52,31.881,3944500.0,0.0,1.0
2005-08-19,1919,53.1,53.12,52.45,52.57,31.9113,3906700.0,0.0,1.0
2005-08-22,1920,52.8,53.19,52.32,52.71,31.9963,3117400.0,0.0,1.0
2005-08-23,1921,53.5,54.13,53.2,53.72,32.6094,8028400.0,0.0,1.0
2005-08-24,1922,53.82,54.05,53.2,53.39,32.4091,4620200.0,0.0,1.0
2005-08-25,1923,53.21,53.62,53.06,53.5,32.4758,3425200.0,0.0,1.0
2005-08-26,1924,53.5,53.66,52.8,53.41,32.4212,4038700.0,0.0,1.0
2005-08-29,1925,53.42,54.18,53.22,54.04,32.8036,3023100.0,0.0,1.0
2005-08-30,1926,53.9,54.1,53.55,54.07,32.8219,3803600.0,0.0,1.0
2005-08-31,1927,54.07,55.07,54.0,55.02,33.3985,5710800.0,0.0,1.0
2005-09-01,1928,54.74,54.97,54.18,54.51,33.0889,3396800.0,0.0,1.0
2005-09-02,1929,54.8,54.98,54.45,54.75,33.2346,2571200.0,0.0,1.0
2005-09-06,1930,55.0,55.63,54.94,55.63,33.7688,2755300.0,0.0,1.0
2005-09-07,1931,55.64,56.36,55.53,56.36,34.2119,3631400.0,0.0,1.0
2005-09-08,1932,56.0,56.64,55.87,56.45,34.2666,3879100.0,0.0,1.0
2005-09-09,1933,56.59,56.94,56.27,56.72,34.4305,2114500.0,0.0,1.0
2005-09-12,1934,56.58,57.09,56.53,56.95,34.5701,2292400.0,0.0,1.0
2005-09-13,1935,56.65,56.65,55.43,55.52,33.702,3936500.0,0.0,1.0
2005-09-14,1936,55.6,55.96,55.15,55.45,33.6595,2627600.0,0.0,1.0
2005-09-15,1937,55.45,55.5318,54.74,54.91,33.3318,2753200.0,0.0,1.0
2005-09-16,1938,55.08,55.25,54.9,55.2,33.5078,6656400.0,0.0,1.0
2005-09-19,1939,54.95,55.0,54.46,54.76,33.2407,3310100.0,0.0,1.0
2005-09-20,1940,54.72,54.87,54.09,54.1,32.8401,4745800.0,0.0,1.0
2005-09-21,1941,53.7,54.16,53.58,53.69,32.5912,3911400.0,0.0,1.0
2005-09-22,1942,53.68,54.25,53.67,53.95,32.749,3572700.0,0.0,1.0
2005-09-23,1943,54.0,54.21,53.65,53.79,32.6519,2082100.0,0.0,1.0
2005-09-26,1944,54.0,54.4,52.62,53.29,32.3484,4467400.0,0.0,1.0
2005-09-27,1945,53.29,53.79,52.98,53.57,32.5183,3196700.0,0.0,1.0
2005-09-28,1946,53.45,53.97,53.18,53.47,32.4576,3780500.0,0.0,1.0
2005-09-29,1947,53.5,54.35,53.25,54.29,32.9554,3882200.0,0.0,1.0
2005-09-30,1948,53.93,54.0,53.4,53.52,32.488,4593000.0,0.0,1.0
2005-10-03,1949,53.4,53.9,52.85,52.93,32.1298,3111300.0,0.0,1.0
2005-10-04,1950,52.88,53.9,52.85,53.61,32.5426,4017500.0,0.0,1.0
2005-10-05,1951,53.61,54.25,53.54,53.75,32.6276,4561000.0,0.0,1.0
2005-10-06,1952,53.73,54.4,53.54,54.01,32.7854,6577400.0,0.0,1.0
2005-10-07,1953,54.0,54.1,53.32,53.41,32.4212,4114400.0,0.0,1.0
2005-10-10,1954,53.15,53.27,52.47,52.92,32.1238,3601800.0,0.0,1.0
2005-10-11,1955,52.73,52.95,52.1,52.12,31.6382,4292000.0,0.0,1.0
2005-10-12,1956,52.34,52.74,51.9391,52.18,31.6746,4044200.0,0.0,1.0
2005-10-13,1957,51.6,52.84,51.52,52.54,31.8931,4638400.0,0.0,1.0
2005-10-14,1958,52.4,53.22,52.0,52.62,31.9417,3397700.0,0.0,1.0
2005-10-17,1959,52.3,52.36,51.35,51.53,31.28,8623700.0,0.0,1.0
2005-10-18,1960,51.0,52.05,51.0,51.63,31.3407,6137400.0,0.0,1.0
2005-10-19,1961,51.25,51.64,51.09,51.6,31.3225,6039500.0,0.0,1.0
2005-10-20,1962,51.5,51.85,50.95,51.25,31.11,7670700.0,0.0,1.0
2005-10-21,1963,51.68,51.7,50.48,50.7,30.7762,6064300.0,0.0,1.0
2005-10-24,1964,50.7,51.07,50.5,50.78,30.8247,7370500.0,0.0,1.0
2005-10-25,1965,50.77,50.78,49.8775,50.31,30.5394,7503000.0,0.0,1.0
2005-10-26,1966,50.55,50.74,50.35,50.4,30.5941,4830000.0,0.0,1.0
2005-10-27,1967,50.5,50.56,49.97,50.0,30.3513,2975600.0,0.0,1.0
2005-10-28,1968,50.3,50.51,49.84,49.99,30.3452,5316100.0,0.0,1.0
2005-10-31,1969,50.22,50.26,49.7,49.79,30.2238,6899700.0,0.0,1.0
2005-11-01,1970,49.89,50.18,49.75,49.76,30.2056,5187000.0,0.0,1.0
2005-11-02,1971,49.8,50.04,49.7,49.9,30.2906,3032500.0,0.0,1.0
2005-11-03,1972,50.1,50.57,49.85,50.16,30.4484,3443200.0,0.0,1.0
2005-11-04,1973,50.37,50.94,50.21,50.83,30.8551,3484400.0,0.0,1.0
2005-11-07,1974,50.99,51.32,50.76,51.1,31.019,3678600.0,0.0,1.0
2005-11-08,1975,51.12,51.95,50.99,51.68,31.3711,5466300.0,0.0,1.0
2005-11-09,1976,51.81,52.2,51.5,52.03,31.5835,4241400.0,0.0,1.0
2005-11-10,1977,51.75,51.9,51.12,51.4,31.4318,3910000.0,0.38,1.0
2005-11-11,1978,51.4,51.63,50.6,50.98,31.1749,3137100.0,0.0,1.0
2005-11-14,1979,52.0,52.0,50.139,50.21,30.7041,3185000.0,0.0,1.0
2005-11-15,1980,50.2,50.55,50.14,50.44,30.8447,2565200.0,0.0,1.0
2005-11-16,1981,50.36,50.4,49.73,49.8,30.4533,3817800.0,0.0,1.0
2005-11-17,1982,49.82,50.08,49.47,49.76,30.4289,4004900.0,0.0,1.0
2005-11-18,1983,50.74,50.75,49.65,50.34,30.7836,3984000.0,0.0,1.0
2005-11-21,1984,50.25,50.87,50.14,50.74,31.0282,2826900.0,0.0,1.0
2005-11-22,1985,50.4,50.73,50.15,50.62,30.9548,3187800.0,0.0,1.0
2005-11-23,1986,50.44,51.15,50.37,50.85,31.0954,2847900.0,0.0,1.0
2005-11-25,1987,50.94,51.0,50.5,50.54,30.9059,1234800.0,0.0,1.0
2005-11-28,1988,50.65,50.68,50.08,50.2,30.6979,3447700.0,0.0,1.0
2005-11-29,1989,50.4,50.67,50.01,50.05,30.6062,3316500.0,0.0,1.0
2005-11-30,1990,50.25,50.74,50.19,50.5,30.8814,4093700.0,0.0,1.0
2005-12-01,1991,50.8,51.94,50.75,51.5,31.4929,5703800.0,0.0,1.0
2005-12-02,1992,51.5,51.8299,51.2,51.57,31.5357,3676500.0,0.0,1.0
2005-12-05,1993,51.43,51.74,50.95,51.47,31.4746,3315100.0,0.0,1.0
2005-12-06,1994,51.52,52.25,51.44,52.19,31.9149,4333500.0,0.0,1.0
2005-12-07,1995,52.0,53.2,51.9,52.95,32.3796,5542000.0,0.0,1.0
2005-12-08,1996,52.95,52.95,51.75,52.21,31.9271,5048400.0,0.0,1.0
2005-12-09,1997,54.4,55.0,53.31,53.41,32.6609,10893900.0,0.0,1.0
2005-12-12,1998,53.9,54.64,53.72,54.47,33.3091,5061900.0,0.0,1.0
2005-12-13,1999,54.8,55.81,54.73,55.7,34.0613,5983600.0,0.0,1.0
2005-12-14,2000,55.55,56.29,55.5,55.96,34.2203,4802600.0,0.0,1.0
2005-12-15,2001,56.15,56.46,56.0,56.28,34.4159,4769200.0,0.0,1.0
2005-12-16,2002,56.65,56.9,56.6,56.66,34.6483,5681100.0,0.0,1.0
2005-12-19,2003,57.65,58.25,57.3,57.59,35.217,7515600.0,0.0,1.0
2005-12-20,2004,57.65,57.75,56.94,57.02,34.8685,4233800.0,0.0,1.0
2005-12-21,2005,57.5,57.74,57.0,57.0,34.8562,3537500.0,0.0,1.0
2005-12-22,2006,56.95,57.33,56.88,57.12,34.9296,2874400.0,0.0,1.0
2005-12-23,2007,56.9,57.85,56.79,57.7,35.2843,3199300.0,0.0,1.0
2005-12-27,2008,57.7,58.04,57.58,57.81,35.3516,3129300.0,0.0,1.0
2005-12-28,2009,57.8,57.97,57.39,57.75,35.3149,2672600.0,0.0,1.0
2005-12-29,2010,57.73,57.99,57.24,57.46,35.1375,2599400.0,0.0,1.0
2005-12-30,2011,56.96,57.0,56.51,56.59,34.6055,2958800.0,0.0,1.0
2006-01-03,2012,57.19,57.59,56.15,57.36,35.0764,3957400.0,0.0,1.0
2006-01-04,2013,57.48,57.75,56.88,57.08,34.9052,3960200.0,0.0,1.0
2006-01-05,2014,57.35,57.44,56.89,57.39,35.0947,3140600.0,0.0,1.0
2006-01-06,2015,57.7,58.12,57.09,57.82,35.3577,3119300.0,0.0,1.0
2006-01-09,2016,57.88,58.86,57.74,58.58,35.8224,2952400.0,0.0,1.0
2006-01-10,2017,58.45,59.0,57.58,58.18,35.5778,3468500.0,0.0,1.0
2006-01-11,2018,58.35,58.35,57.61,58.18,35.5778,1910500.0,0.0,1.0
2006-01-12,2019,58.28,58.69,57.57,57.95,35.4372,2706000.0,0.0,1.0
2006-01-13,2020,58.1,58.5,57.8,57.95,35.4372,3182900.0,0.0,1.0
2006-01-17,2021,57.55,57.95,57.11,57.27,35.0213,3369200.0,0.0,1.0
2006-01-18,2022,57.22,57.22,56.6,56.98,34.844,3160600.0,0.0,1.0
2006-01-19,2023,57.4,57.81,56.82,57.18,34.9663,3610600.0,0.0,1.0
2006-01-20,2024,57.15,57.36,56.71,56.9,34.7951,5040100.0,0.0,1.0
2006-01-23,2025,57.08,57.55,56.51,57.21,34.9847,3364600.0,0.0,1.0
2006-01-24,2026,57.52,57.9,56.73,57.11,34.9235,3718400.0,0.0,1.0
2006-01-25,2027,57.35,57.79,57.15,57.17,34.9602,4855800.0,0.0,1.0
2006-01-26,2028,57.5,57.65,56.9,56.93,34.8134,6852500.0,0.0,1.0
2006-01-27,2029,56.79,57.7,56.73,57.55,35.1926,6860800.0,0.0,1.0
2006-01-30,2030,57.66,57.83,57.21,57.37,35.0825,3114400.0,0.0,1.0
2006-01-31,2031,57.15,57.17,56.0,56.62,34.6239,6509300.0,0.0,1.0
2006-02-01,2032,56.34,57.0,56.02,56.89,34.789,4030600.0,0.0,1.0
2006-02-02,2033,56.8,57.13,56.12,56.3,34.4282,3407900.0,0.0,1.0
2006-02-03,2034,55.94,56.36,55.7,55.86,34.1591,4062200.0,0.0,1.0
2006-02-06,2035,55.75,55.85,55.09,55.42,33.89,2785700.0,0.0,1.0
2006-02-07,2036,55.25,55.565,54.6,54.98,33.621,3169500.0,0.0,1.0
2006-02-08,2037,54.84,55.88,54.84,55.7,34.0613,2623200.0,0.0,1.0
2006-02-09,2038,55.7,56.83,55.55,56.3,34.4282,5236500.0,0.0,1.0
2006-02-10,2039,56.44,56.6,55.75,55.78,34.1102,3018200.0,0.0,1.0
2006-02-13,2040,55.78,55.82,54.9,55.35,34.0918,2859100.0,0.4,1.0
2006-02-14,2041,55.53,55.8,54.82,55.48,34.1719,4020100.0,0.0,1.0
2006-02-15,2042,55.63,56.35,55.25,56.02,34.5045,2672600.0,0.0,1.0
2006-02-16,2043,56.03,56.44,55.43,56.36,34.7139,3050700.0,0.0,1.0
2006-02-17,2044,55.5,56.5,55.5,55.84,34.3937,2872700.0,0.0,1.0
2006-02-21,2045,55.68,56.1,55.45,55.5,34.1842,2678400.0,0.0,1.0
2006-02-22,2046,55.8,56.29,55.63,56.1,34.5538,2446800.0,0.0,1.0
2006-02-23,2047,55.89,55.97,55.45,55.93,34.4491,2612000.0,0.0,1.0
2006-02-24,2048,56.15,56.3,55.81,56.02,34.5045,2495400.0,0.0,1.0
2006-02-27,2049,56.21,57.07,55.91,56.73,34.9418,2480300.0,0.0,1.0
2006-02-28,2050,56.76,56.9,55.45,55.62,34.2581,4674700.0,0.0,1.0
2006-03-01,2051,55.37,55.94,54.85,55.89,34.4244,3502800.0,0.0,1.0
2006-03-02,2052,55.89,56.03,55.58,55.75,34.3382,2350000.0,0.0,1.0
2006-03-03,2053,55.5,56.37,55.4,55.71,34.3136,2319800.0,0.0,1.0
2006-03-06,2054,56.0,56.8,55.78,56.49,34.794000000000004,4022900.0,0.0,1.0
2006-03-07,2055,56.49,56.99,56.4,56.61,34.8679,3413200.0,0.0,1.0
2006-03-08,2056,56.5,57.51,56.47,57.36,35.3299,4251000.0,0.0,1.0
2006-03-09,2057,57.26,57.9,56.86,57.08,35.1574,3366400.0,0.0,1.0
2006-03-10,2058,57.46,57.6,56.9,57.25,35.2621,3524300.0,0.0,1.0
2006-03-13,2059,57.53,57.65,57.08,57.24,35.256,2406300.0,0.0,1.0
2006-03-14,2060,57.07,57.72,56.85,57.55,35.4469,3543700.0,0.0,1.0
2006-03-15,2061,57.3,57.4,56.45,56.97,35.0897,4035800.0,0.0,1.0
2006-03-16,2062,57.22,57.38,56.78,57.23,35.2498,2526400.0,0.0,1.0
2006-03-17,2063,57.52,57.55,56.9426,57.09,35.1636,3432600.0,0.0,1.0
2006-03-20,2064,57.79,57.9695,57.36,57.42,35.3668,3008100.0,0.0,1.0
2006-03-21,2065,57.7,57.85,57.26,57.31,35.2991,2847700.0,0.0,1.0
2006-03-22,2066,57.75,58.68,57.59,58.49,36.0259,3656800.0,0.0,1.0
2006-03-23,2067,58.28,58.37,57.6,58.04,35.7487,2720900.0,0.0,1.0
2006-03-24,2068,58.45,59.24,58.32,58.86,36.2538,4281800.0,0.0,1.0
2006-03-27,2069,58.86,58.97,58.21,58.67,36.1367,3190700.0,0.0,1.0
2006-03-28,2070,57.19,57.7,56.0,56.38,34.7263,7624500.0,0.0,1.0
2006-03-29,2071,56.08,56.32,55.25,56.32,34.6893,6317400.0,0.0,1.0
2006-03-30,2072,56.1,56.7,55.64,56.05,34.523,3525300.0,0.0,1.0
2006-03-31,2073,56.02,56.265,55.2,55.3,34.061,5139100.0,0.0,1.0
2006-04-03,2074,55.31,55.9,55.06,55.24,34.0241,3928500.0,0.0,1.0
2006-04-04,2075,55.0,55.42,54.64,55.16,33.9748,5302500.0,0.0,1.0
2006-04-05,2076,55.41,55.63,54.66,54.87,33.7962,4407100.0,0.0,1.0
2006-04-06,2077,55.0,55.2,54.27,54.48,33.556,3791500.0,0.0,1.0
2006-04-07,2078,54.25,54.41,53.36,53.54,32.977,4515400.0,0.0,1.0
2006-04-10,2079,53.6,53.73,53.06,53.37,32.8723,2486700.0,0.0,1.0
2006-04-11,2080,53.49,53.5,52.65,53.1,32.706,4454100.0,0.0,1.0
2006-04-12,2081,52.78,53.61,52.5,53.42,32.9031,3200100.0,0.0,1.0
2006-04-13,2082,53.25,53.35,52.88,53.27,32.8107,2174200.0,0.0,1.0
2006-04-17,2083,53.32,53.32,52.43,53.01,32.6506,3131500.0,0.0,1.0
2006-04-18,2084,54.75,54.8,53.95,54.5,33.5683,7040700.0,0.0,1.0
2006-04-19,2085,54.79,54.79,54.3,54.65,33.6607,4099900.0,0.0,1.0
2006-04-20,2086,54.65,54.75,53.0,53.62,33.0263,6309600.0,0.0,1.0
2006-04-21,2087,53.7,53.7,52.64,52.93,32.6013,5496700.0,0.0,1.0
2006-04-24,2088,52.83,53.23,52.06,52.56,32.3734,3766800.0,0.0,1.0
2006-04-25,2089,52.82,52.82,51.97,52.21,32.1578,2311600.0,0.0,1.0
2006-04-26,2090,52.48,52.66,52.05,52.24,32.1763,2697800.0,0.0,1.0
2006-04-27,2091,51.88,53.03,50.92,52.75,32.4904,3522100.0,0.0,1.0
2006-04-28,2092,52.65,53.2,52.39,52.92,32.5951,5074700.0,0.0,1.0
2006-05-01,2093,52.51,52.95,52.13,52.3,32.2133,3264700.0,0.0,1.0
2006-05-02,2094,52.2,52.35,51.88,51.93,31.9854,3541800.0,0.0,1.0
2006-05-03,2095,51.96,52.23,51.85,51.96,32.0038,3703600.0,0.0,1.0
2006-05-04,2096,52.28,52.3,51.03,52.02,32.0408,7296600.0,0.0,1.0
2006-05-05,2097,52.42,53.05,52.04,52.94,32.6074,3183900.0,0.0,1.0
2006-05-08,2098,52.65,53.32,52.51,52.91,32.589,5091300.0,0.0,1.0
2006-05-09,2099,52.75,52.84,51.96,52.19,32.1455,3852000.0,0.0,1.0
2006-05-10,2100,52.39,52.52,51.77,52.06,32.0654,5319400.0,0.0,1.0
2006-05-11,2101,51.46,51.99,51.05,51.12,31.7328,6208300.0,0.4,1.0
2006-05-12,2102,51.1,51.47,50.26,50.44,31.3107,5770400.0,0.0,1.0
2006-05-15,2103,50.5,51.81,50.45,51.77,32.1363,5137100.0,0.0,1.0
2006-05-16,2104,51.92,52.2,51.0,51.8,32.1549,2970400.0,0.0,1.0
2006-05-17,2105,51.45,52.0,50.65,51.0,31.6583,4560700.0,0.0,1.0
2006-05-18,2106,50.92,51.42,50.66,50.76,31.5094,2728900.0,0.0,1.0
2006-05-19,2107,51.05,51.1,50.52,51.01,31.6645,3808400.0,0.0,1.0
2006-05-22,2108,50.6,51.3,50.6,50.66,31.4473,3154000.0,0.0,1.0
2006-05-23,2109,50.51,50.69,50.19,50.41,31.2921,3252700.0,0.0,1.0
2006-05-24,2110,50.43,50.95,50.3,50.74,31.4969,4289700.0,0.0,1.0
2006-05-25,2111,50.88,51.72,50.74,51.62,32.0432,4321600.0,0.0,1.0
2006-05-26,2112,51.98,52.5,51.91,52.27,32.4467,2989000.0,0.0,1.0
2006-05-30,2113,52.2,52.5,51.29,51.44,31.9315,3169400.0,0.0,1.0
2006-05-31,2114,51.54,51.72,51.02,51.64,32.0556,3547100.0,0.0,1.0
2006-06-01,2115,51.62,52.06,51.18,51.99,32.2729,3185900.0,0.0,1.0
2006-06-02,2116,51.95,52.44,51.77,52.03,32.2977,3368000.0,0.0,1.0
2006-06-05,2117,51.9,51.98,51.25,51.35,31.8756,3717500.0,0.0,1.0
2006-06-06,2118,51.6,51.66,50.83,51.15,31.7514,3745700.0,0.0,1.0
2006-06-07,2119,51.16,51.93,51.05,51.71,32.0991,3955300.0,0.0,1.0
2006-06-08,2120,51.4,51.81,50.89,51.76,32.1301,5038800.0,0.0,1.0
2006-06-09,2121,51.75,52.09,51.45,51.94,32.2418,2365400.0,0.0,1.0
2006-06-12,2122,52.02,52.36,51.56,51.61,32.037,3112300.0,0.0,1.0
2006-06-13,2123,51.8,52.24,51.54,51.61,32.037,3847000.0,0.0,1.0
2006-06-14,2124,52.25,53.41,52.0,53.17,33.0054,6665000.0,0.0,1.0
2006-06-15,2125,53.53,54.14,53.33,54.05,33.5516,4846100.0,0.0,1.0
2006-06-16,2126,53.92,54.42100000000001,53.9,54.25,33.6758,4044700.0,0.0,1.0
2006-06-19,2127,54.48,54.57,54.25,54.49,33.8248,3272100.0,0.0,1.0
2006-06-20,2128,54.45,55.08,54.4,54.89,34.0731,3745100.0,0.0,1.0
2006-06-21,2129,54.7,54.99,54.52,54.73,33.9737,3382000.0,0.0,1.0
2006-06-22,2130,54.75,54.86,54.34,54.59,33.8868,2529600.0,0.0,1.0
2006-06-23,2131,54.35,54.435,53.8,54.3,33.7068,2652600.0,0.0,1.0
2006-06-26,2132,54.09,54.39,53.83,54.39,33.7627,1951900.0,0.0,1.0
2006-06-27,2133,54.24,54.24,53.22,53.47,33.1916,3313900.0,0.0,1.0
2006-06-28,2134,53.5,53.78,53.25,53.44,33.173,2317300.0,0.0,1.0
2006-06-29,2135,53.6,54.71,53.5,54.53,33.8496,3866900.0,0.0,1.0
2006-06-30,2136,54.54,55.66,54.4,55.27,34.3089,4833000.0,0.0,1.0
2006-07-03,2137,55.42,56.3,55.27,55.68,34.5635,1312600.0,0.0,1.0
2006-07-05,2138,56.0,56.672,56.0,56.22,34.8987,5506200.0,0.0,1.0
2006-07-06,2139,56.1,56.83,56.1,56.67,35.178000000000004,2662500.0,0.0,1.0
2006-07-07,2140,56.67,56.97,56.02,56.24,34.9111,2356100.0,0.0,1.0
2006-07-10,2141,56.36,56.55,55.97,56.27,34.9297,1547500.0,0.0,1.0
2006-07-11,2142,55.89,56.21,55.36,55.93,34.7186,2715500.0,0.0,1.0
2006-07-12,2143,56.14,56.3,55.5,55.62,34.5262,1804500.0,0.0,1.0
2006-07-13,2144,55.87,55.94,54.57,54.88,34.0669,3619300.0,0.0,1.0
2006-07-14,2145,54.62,55.26,54.31,54.56,33.8682,3346600.0,0.0,1.0
2006-07-17,2146,54.61,55.16,54.0,54.8,34.0172,2938700.0,0.0,1.0
2006-07-18,2147,54.63,55.2,54.33,54.97,34.1227,2287600.0,0.0,1.0
2006-07-19,2148,55.06,56.54,55.0,56.08,34.8118,4101700.0,0.0,1.0
2006-07-20,2149,56.3,56.88,56.2,56.26,34.9235,2591200.0,0.0,1.0
2006-07-21,2150,56.29,56.29,54.27,54.65,33.9241,8222200.0,0.0,1.0
2006-07-24,2151,54.69,56.44,54.51,56.01,34.7683,4400300.0,0.0,1.0
2006-07-25,2152,56.52,56.52,55.52,55.55,34.4828,5980900.0,0.0,1.0
2006-07-26,2153,55.25,55.73,55.0,55.52,34.4641,3714200.0,0.0,1.0
2006-07-27,2154,55.77,55.92,55.25,55.66,34.551,2258100.0,0.0,1.0
2006-07-28,2155,55.99,57.18,55.9,56.91,35.327,4038300.0,0.0,1.0
2006-07-31,2156,56.55,56.84,56.38,56.77,35.2401,2980400.0,0.0,1.0
2006-08-01,2157,56.4,56.68,55.91,56.29,34.9421,2742800.0,0.0,1.0
2006-08-02,2158,56.63,57.47,56.07,56.93,35.3394,3771900.0,0.0,1.0
2006-08-03,2159,56.81,57.44,56.5664,56.64,35.1594,2470100.0,0.0,1.0
2006-08-04,2160,56.7,57.49,55.94,56.27,34.9297,3157400.0,0.0,1.0
2006-08-07,2161,56.39,56.39,55.15,55.58,34.5014,3235300.0,0.0,1.0
2006-08-08,2162,55.8,55.82,55.01,55.15,34.2345,2725400.0,0.0,1.0
2006-08-09,2163,55.44,56.06,54.85,55.0,34.1413,3701100.0,0.0,1.0
2006-08-10,2164,55.08,55.51,54.75,54.89,34.0731,3845800.0,0.0,1.0
2006-08-11,2165,54.82,54.87,53.83,54.36,33.9924,2738300.0,0.4,1.0
2006-08-14,2166,54.56,54.89,54.31,54.42,34.0299,2694600.0,0.0,1.0
2006-08-15,2167,55.12,55.48,54.81,55.29,34.5739,2718200.0,0.0,1.0
2006-08-16,2168,55.73,55.87,55.44,55.56,34.7427,2322500.0,0.0,1.0
2006-08-17,2169,55.36,56.09,55.24,55.95,34.9866,2972600.0,0.0,1.0
2006-08-18,2170,55.1,55.16,53.93,55.03,34.4113,6831300.0,0.0,1.0
2006-08-21,2171,55.0,55.29,54.66,54.88,34.3175,2789800.0,0.0,1.0
2006-08-22,2172,54.75,54.98,54.4,54.98,34.3801,2566300.0,0.0,1.0
2006-08-23,2173,55.18,55.46,54.77,55.05,34.4238,2418500.0,0.0,1.0
2006-08-24,2174,55.4,55.52,54.95,55.24,34.5426,2289400.0,0.0,1.0
2006-08-25,2175,54.92,55.1,54.65,55.06,34.4301,2255000.0,0.0,1.0
2006-08-28,2176,54.99,56.25,54.99,55.84,34.9178,2783800.0,0.0,1.0
2006-08-29,2177,55.97,56.4,55.9,56.11,35.0867,3289200.0,0.0,1.0
2006-08-30,2178,56.11,56.31,55.79,56.06,35.0554,3539300.0,0.0,1.0
2006-08-31,2179,56.15,56.19,55.93,55.93,34.9741,2628600.0,0.0,1.0
2006-09-01,2180,56.0,56.19,55.58,56.0,35.0179,3722400.0,0.0,1.0
2006-09-05,2181,56.22,56.24,55.43,55.72,34.8428,2510300.0,0.0,1.0
2006-09-06,2182,55.5,55.53,54.96,55.38,34.6302,2813900.0,0.0,1.0
2006-09-07,2183,55.38,55.44,54.72,54.87,34.3113,2080100.0,0.0,1.0
2006-09-08,2184,55.07,55.52,54.65,55.26,34.5551,2339300.0,0.0,1.0
2006-09-11,2185,54.9,55.22,53.97,54.26,33.9298,7760100.0,0.0,1.0
2006-09-12,2186,54.85,55.56,54.71,55.15,34.4864,7589300.0,0.0,1.0
2006-09-13,2187,55.39,55.63,54.9,55.21,34.5239,4589700.0,0.0,1.0
2006-09-14,2188,54.8,55.18,54.8,54.99,34.3863,4584300.0,0.0,1.0
2006-09-15,2189,55.24,55.49,54.47,54.8,34.2675,18261400.0,0.0,1.0
2006-09-18,2190,54.78,55.36,54.78,55.15,34.4864,4754500.0,0.0,1.0
2006-09-19,2191,55.3,55.3,54.7,55.02,34.4051,3144800.0,0.0,1.0
2006-09-20,2192,55.4,56.05,55.08,55.75,34.8616,4909800.0,0.0,1.0
2006-09-21,2193,56.2,56.61,55.81,55.97,34.9991,4653100.0,0.0,1.0
2006-09-22,2194,55.7,55.99,55.4,55.93,34.9741,2513100.0,0.0,1.0
2006-09-25,2195,56.1,56.83,55.73,56.58,35.3806,4091400.0,0.0,1.0
2006-09-26,2196,56.7,57.06,56.2,56.85,35.5494,4049900.0,0.0,1.0
2006-09-27,2197,56.62,57.2,56.59,57.01,35.6495,3003700.0,0.0,1.0
2006-09-28,2198,57.31,57.35,56.73,57.32,35.8433,2709800.0,0.0,1.0
2006-09-29,2199,56.0,57.25,55.78,57.0,35.6432,6465300.0,0.0,1.0
2006-10-02,2200,56.81,57.14,56.51,56.79,35.5119,3143500.0,0.0,1.0
2006-10-03,2201,56.8,57.24,56.56,56.69,35.4494,2891200.0,0.0,1.0
2006-10-04,2202,56.5,57.94,56.5,57.6,36.0184,6750400.0,0.0,1.0
2006-10-05,2203,57.6,57.9,57.19,57.76,36.1184,3671800.0,0.0,1.0
2006-10-06,2204,57.46,57.68,57.08,57.56,35.9934,3339200.0,0.0,1.0
2006-10-09,2205,57.39,57.73,57.28,57.51,35.9621,1518000.0,0.0,1.0
2006-10-10,2206,57.39,57.56,56.82,57.25,35.7995,2821600.0,0.0,1.0
2006-10-11,2207,57.08,57.24,56.73,57.06,35.6807,3794300.0,0.0,1.0
2006-10-12,2208,57.06,57.75,57.0,57.55,35.9871,4319400.0,0.0,1.0
2006-10-13,2209,57.23,57.45,57.02,57.37,35.8746,2776600.0,0.0,1.0
2006-10-16,2210,57.37,57.83,57.25,57.66,36.0559,2493300.0,0.0,1.0
2006-10-17,2211,57.46,58.0,57.02,57.55,35.9871,3237000.0,0.0,1.0
2006-10-18,2212,57.74,58.48,57.68,58.25,36.4249,4699800.0,0.0,1.0
2006-10-19,2213,57.25,58.22,56.82,57.49,35.9496,6121600.0,0.0,1.0
2006-10-20,2214,57.46,57.52,56.52,57.24,35.7933,4776100.0,0.0,1.0
2006-10-23,2215,56.87,58.05,56.75,57.91,36.2122,3885100.0,0.0,1.0
2006-10-24,2216,57.55,57.83,57.38,57.78,36.131,3748200.0,0.0,1.0
2006-10-25,2217,57.74,57.9,57.27,57.49,35.9496,3309300.0,0.0,1.0
2006-10-26,2218,57.22,57.75,56.81,57.29,35.8245,3936400.0,0.0,1.0
2006-10-27,2219,56.9,57.35,56.59,57.03,35.662,4214000.0,0.0,1.0
2006-10-30,2220,56.91,57.12,56.3,56.32,35.218,3780700.0,0.0,1.0
2006-10-31,2221,56.59,56.6584,55.94,56.01,35.0241,3847000.0,0.0,1.0
2006-11-01,2222,55.95,56.34,55.64,55.99,35.0116,5348100.0,0.0,1.0
2006-11-02,2223,56.0,56.64,55.95,56.37,35.2493,5291100.0,0.0,1.0
2006-11-03,2224,56.2,56.44,55.95,56.08,35.0679,3159700.0,0.0,1.0
2006-11-06,2225,56.08,56.71,55.89,56.67,35.4368,3601000.0,0.0,1.0
2006-11-07,2226,56.75,57.48,56.52,56.98,35.6307,5023700.0,0.0,1.0
2006-11-08,2227,56.45,56.71,55.72,56.48,35.31800000000001,5708300.0,0.0,1.0
2006-11-09,2228,56.31,56.35,54.59,54.87,34.3113,11254400.0,0.0,1.0
2006-11-10,2229,54.87,55.09,53.94,54.14,33.8548,5895200.0,0.0,1.0
2006-11-13,2230,53.87,54.44,53.61,54.06,34.0549,5647000.0,0.4,1.0
2006-11-14,2231,54.23,54.23,53.36,53.85,33.9226,7396500.0,0.0,1.0
2006-11-15,2232,54.0,54.58,53.81,54.37,34.2502,6522900.0,0.0,1.0
2006-11-16,2233,53.7,54.8,53.7,54.56,34.3699,5852800.0,0.0,1.0
2006-11-17,2234,54.56,55.0,54.3,54.55,34.3636,6100500.0,0.0,1.0
2006-11-20,2235,54.25,54.59,53.93,54.38,34.2565,4203900.0,0.0,1.0
2006-11-21,2236,54.16,54.38,53.65,54.05,34.0486,5901500.0,0.0,1.0
2006-11-22,2237,53.85,54.25,53.8,54.03,34.036,3452500.0,0.0,1.0
2006-11-24,2238,53.9,54.29,53.78,53.9,33.9541,1668000.0,0.0,1.0
2006-11-27,2239,53.81,54.06,53.39,53.58,33.7525,4973300.0,0.0,1.0
2006-11-28,2240,53.38,54.27,53.38,53.72,33.8407,4695800.0,0.0,1.0
2006-11-29,2241,53.94,54.34,53.75,54.04,34.0423,3561100.0,0.0,1.0
2006-11-30,2242,53.94,54.21,53.45,53.59,33.7588,4946800.0,0.0,1.0
2006-12-01,2243,53.45,53.72,53.24,53.4,33.6391,4248000.0,0.0,1.0
2006-12-04,2244,53.59,54.06,53.3,54.03,34.036,4569700.0,0.0,1.0
2006-12-05,2245,54.23,54.79,53.69,54.7,34.4581,5445100.0,0.0,1.0
2006-12-06,2246,54.43,54.92,54.1,54.86,34.5588,4757900.0,0.0,1.0
2006-12-07,2247,54.1,54.6,53.83,53.99,34.0108,5768500.0,0.0,1.0
2006-12-08,2248,53.95,54.12,53.6,54.0,34.0171,4338200.0,0.0,1.0
2006-12-11,2249,53.9,54.16,53.75,53.98,34.0045,3309800.0,0.0,1.0
2006-12-12,2250,54.08,54.13,53.55,53.9,33.9541,3704000.0,0.0,1.0
2006-12-13,2251,54.19,54.2,53.48,53.69,33.8218,4259400.0,0.0,1.0
2006-12-14,2252,53.59,54.18,53.59,53.97,33.9982,3035200.0,0.0,1.0
2006-12-15,2253,54.15,54.57,53.76,54.52,34.3447,6476300.0,0.0,1.0
2006-12-18,2254,53.71,54.1,52.93,53.23,33.532,10482100.0,0.0,1.0
2006-12-19,2255,52.95,53.0,52.34,52.62,33.1478,8798300.0,0.0,1.0
2006-12-20,2256,52.5,52.86,52.28,52.4,33.0092,5643800.0,0.0,1.0
2006-12-21,2257,52.12,52.4,51.69,51.79,32.6249,7315800.0,0.0,1.0
2006-12-22,2258,51.89,51.9,51.13,51.35,32.3477,8505200.0,0.0,1.0
2006-12-26,2259,51.4,52.8,51.25,51.78,32.6186,12240000.0,0.0,1.0
2006-12-27,2260,51.85,52.3,51.4,52.0,32.7572,6117400.0,0.0,1.0
2006-12-28,2261,51.78,52.08,51.71,52.01,32.7635,3394100.0,0.0,1.0
2006-12-29,2262,51.73,52.22,51.71,52.1,32.8202,4311300.0,0.0,1.0
2007-01-03,2263,52.35,52.88,51.92,52.25,32.9147,10305500.0,0.0,1.0
2007-01-04,2264,51.99,52.51,51.9,52.36,32.984,6827100.0,0.0,1.0
2007-01-05,2265,52.52,52.58,51.87,52.04,32.7824,4114400.0,0.0,1.0
2007-01-08,2266,52.21,52.21,51.75,51.8,32.6312,3804200.0,0.0,1.0
2007-01-09,2267,52.04,52.1,51.75,51.83,32.6501,6272000.0,0.0,1.0
2007-01-10,2268,51.59,51.83,51.57,51.66,32.543,3400300.0,0.0,1.0
2007-01-11,2269,51.76,52.33,51.66,52.23,32.9021,4432200.0,0.0,1.0
2007-01-12,2270,52.4,52.92,52.27,52.6,33.1352,5533100.0,0.0,1.0
2007-01-16,2271,52.8,52.9,52.51,52.88,33.3116,4181300.0,0.0,1.0
2007-01-17,2272,52.88,53.17,52.54,52.85,33.2927,5018000.0,0.0,1.0
2007-01-18,2273,52.6,53.21,52.6,53.04,33.4123,3943000.0,0.0,1.0
2007-01-19,2274,53.3,53.45,52.83,52.96,33.361999999999995,3837200.0,0.0,1.0
2007-01-22,2275,52.57,53.12,52.52,52.73,33.2171,5872300.0,0.0,1.0
2007-01-23,2276,52.85,52.95,52.47,52.65,33.1667,4397700.0,0.0,1.0
2007-01-24,2277,52.74,53.4,52.68,53.33,33.595,3934000.0,0.0,1.0
2007-01-25,2278,53.2,53.3,52.85,53.13,33.469,5061100.0,0.0,1.0
2007-01-26,2279,53.05,53.45,52.6,52.79,33.2549,3966100.0,0.0,1.0
2007-01-29,2280,52.9,53.0,52.55,52.85,33.2927,3472700.0,0.0,1.0
2007-01-30,2281,52.87,53.0,52.6,52.73,33.2171,2671200.0,0.0,1.0
2007-01-31,2282,52.7,54.37,52.55,54.12,34.0927,10521200.0,0.0,1.0
2007-02-01,2283,54.65,55.04,54.5,54.77,34.5022,6648100.0,0.0,1.0
2007-02-02,2284,54.68,54.78,54.37,54.6,34.3951,4973400.0,0.0,1.0
2007-02-05,2285,54.43,54.7192,54.03,54.67,34.4392,5090500.0,0.0,1.0
2007-02-06,2286,54.6,54.82,54.39,54.64,34.4203,4486200.0,0.0,1.0
2007-02-07,2287,54.7,54.78,54.34,54.42,34.2817,4679100.0,0.0,1.0
2007-02-08,2288,54.05,54.72,54.05,54.21,34.1494,3124600.0,0.0,1.0
2007-02-09,2289,54.2,54.7,54.11,54.23,34.162,3591600.0,0.0,1.0
2007-02-12,2290,54.75,54.75,54.23,54.41,34.2754,3300400.0,0.0,1.0
2007-02-13,2291,54.39,54.5,54.05,54.28,34.4612,3356500.0,0.425,1.0
2007-02-14,2292,54.37,54.89,54.23,54.86,34.8294,3773400.0,0.0,1.0
2007-02-15,2293,54.85,55.11,54.75,54.96,34.8929,3092000.0,0.0,1.0
2007-02-16,2294,54.76,55.04,54.57,54.99,34.912,3680800.0,0.0,1.0
2007-02-20,2295,55.03,55.2,54.76,54.97,34.8993,3228800.0,0.0,1.0
2007-02-21,2296,54.65,54.8,54.37,54.52,34.6136,3370600.0,0.0,1.0
2007-02-22,2297,54.6,54.6,54.01,54.14,34.3723,3344100.0,0.0,1.0
2007-02-23,2298,54.0,54.36,53.75,54.21,34.4168,3380500.0,0.0,1.0
2007-02-26,2299,54.46,54.66,54.25,54.4,34.5374,3847900.0,0.0,1.0
2007-02-27,2300,53.71,54.52,52.58,53.0,33.6486,8073700.0,0.0,1.0
2007-02-28,2301,53.52,53.52,52.3,52.59,33.3883,7682500.0,0.0,1.0
2007-03-01,2302,52.0,52.52,51.9,52.25,33.1724,6262800.0,0.0,1.0
2007-03-02,2303,51.95,52.19,51.71,51.77,32.8677,6537200.0,0.0,1.0
2007-03-05,2304,51.27,52.1,51.21,51.63,32.7788,7562800.0,0.0,1.0
2007-03-06,2305,51.89,52.28,51.56,52.23,33.1597,5054300.0,0.0,1.0
2007-03-07,2306,52.07,52.44,51.65,51.86,32.9248,4844600.0,0.0,1.0
2007-03-08,2307,52.11,52.39,52.0,52.36,33.2422,3296500.0,0.0,1.0
2007-03-09,2308,52.55,52.92,52.38,52.59,33.3883,5052100.0,0.0,1.0
2007-03-12,2309,52.39,53.04,52.25,52.8,33.5216,3643200.0,0.0,1.0
2007-03-13,2310,52.37,52.88,52.0,52.07,33.0581,5432200.0,0.0,1.0
2007-03-14,2311,52.26,52.3,51.35,51.9,32.9502,5342900.0,0.0,1.0
2007-03-15,2312,51.75,52.09,51.53,52.05,33.0454,3769600.0,0.0,1.0
2007-03-16,2313,52.15,52.42,51.79,52.18,33.128,6181800.0,0.0,1.0
2007-03-19,2314,52.23,52.72,52.12,52.68,33.4454,3265300.0,0.0,1.0
2007-03-20,2315,52.6,52.88,52.38,52.77,33.5025,3532300.0,0.0,1.0
2007-03-21,2316,52.65,53.91,52.65,53.82,34.1692,6668200.0,0.0,1.0
2007-03-22,2317,53.82,54.28,53.0,54.17,34.3914,4229700.0,0.0,1.0
2007-03-23,2318,53.99,54.22,53.39,53.81,34.1628,3956100.0,0.0,1.0
2007-03-26,2319,53.49,53.96,53.2,53.71,34.0993,5206300.0,0.0,1.0
2007-03-27,2320,53.4,53.6,53.06,53.27,33.82,4548400.0,0.0,1.0
2007-03-28,2321,53.28,53.35,52.62,53.01,33.6549,5457700.0,0.0,1.0
2007-03-29,2322,53.2,53.54,52.73,53.41,33.9089,5333000.0,0.0,1.0
2007-03-30,2323,53.5,54.08,53.2,53.71,34.0993,3728100.0,0.0,1.0
2007-04-02,2324,53.96,54.49,53.9,54.39,34.531,6021300.0,0.0,1.0
2007-04-03,2325,54.15,54.92,54.11,54.75,34.7596,4308200.0,0.0,1.0
2007-04-04,2326,54.65,55.24,54.5,55.16,35.0199,4346000.0,0.0,1.0
2007-04-05,2327,55.15,55.62,55.06,55.48,35.2231,2997000.0,0.0,1.0
2007-04-09,2328,55.43,55.73,55.27,55.58,35.2865,2295500.0,0.0,1.0
2007-04-10,2329,55.42,55.73,55.34,55.68,35.35,2985200.0,0.0,1.0
2007-04-11,2330,55.72,55.74,55.29,55.59,35.2929,3776900.0,0.0,1.0
2007-04-12,2331,55.6,56.09,55.5,55.94,35.5151,4002300.0,0.0,1.0
2007-04-13,2332,56.25,57.0,56.2,56.88,36.1119,6485200.0,0.0,1.0
2007-04-16,2333,57.5,58.48,57.01,58.4,37.0769,10756500.0,0.0,1.0
2007-04-17,2334,58.4,59.09,58.34,58.87,37.3753,9278900.0,0.0,1.0
2007-04-18,2335,58.56,59.36,58.45,59.14,37.5467,6871500.0,0.0,1.0
2007-04-19,2336,59.1,60.28,58.65,60.02,38.1054,9921500.0,0.0,1.0
2007-04-20,2337,60.34,61.0,60.05,60.56,38.4482,9630000.0,0.0,1.0
2007-04-23,2338,60.21,60.28,59.27,59.63,37.8578,7704300.0,0.0,1.0
2007-04-24,2339,59.44,59.5,58.9,59.28,37.6356,5043500.0,0.0,1.0
2007-04-25,2340,59.6,59.63,59.11,59.51,37.7816,4655800.0,0.0,1.0
2007-04-26,2341,59.5,59.88,58.88,59.73,37.9213,6101200.0,0.0,1.0
2007-04-27,2342,59.01,59.7,58.99,59.61,37.8451,2967600.0,0.0,1.0
2007-04-30,2343,59.98,59.98,58.93,59.13,37.5404,5198200.0,0.0,1.0
2007-05-01,2344,59.1,59.39,58.76,58.89,37.38800000000001,7409300.0,0.0,1.0
2007-05-02,2345,59.0,59.49,58.77,59.16,37.5594,4561500.0,0.0,1.0
2007-05-03,2346,59.45,59.6,58.97,59.14,37.5467,4140300.0,0.0,1.0
2007-05-04,2347,59.09,59.74,58.92,59.54,37.8007,6180400.0,0.0,1.0
2007-05-07,2348,59.55,59.96,59.54,59.72,37.9149,4577200.0,0.0,1.0
2007-05-08,2349,59.9,59.97,59.45,59.83,37.9848,8457300.0,0.0,1.0
2007-05-09,2350,59.65,59.78,59.39,59.75,37.934,4803800.0,0.0,1.0
2007-05-10,2351,59.47,59.58,58.64,58.71,37.2737,6166400.0,0.0,1.0
2007-05-11,2352,58.71,58.71,57.9,58.43,37.3658,7569800.0,0.425,1.0
2007-05-14,2353,58.44,59.35,58.44,59.21,37.8646,4713200.0,0.0,1.0
2007-05-15,2354,59.17,59.6,59.08,59.24,37.8838,4076700.0,0.0,1.0
2007-05-16,2355,59.26,59.47,58.88,59.11,37.8006,3938700.0,0.0,1.0
2007-05-17,2356,58.7,59.17,58.67,59.02,37.7431,2789700.0,0.0,1.0
2007-05-18,2357,59.11,59.59,59.0,59.37,37.9669,3042100.0,0.0,1.0
2007-05-21,2358,59.4,59.89,59.19,59.62,38.1268,6823500.0,0.0,1.0
2007-05-22,2359,59.99,60.0,59.4,59.53,38.0692,3095700.0,0.0,1.0
2007-05-23,2360,59.52,59.75,59.29,59.4,37.9861,2914100.0,0.0,1.0
2007-05-24,2361,59.9,59.9,59.08,59.19,37.8518,3900900.0,0.0,1.0
2007-05-25,2362,58.6,59.5,58.6,59.36,37.9605,1821600.0,0.0,1.0
2007-05-29,2363,59.3,59.54,58.8,59.46,38.0245,3201700.0,0.0,1.0
2007-05-30,2364,59.01,59.27,58.52,59.24,37.8838,5105800.0,0.0,1.0
2007-05-31,2365,59.25,59.39,58.38,58.62,37.4873,5378500.0,0.0,1.0
2007-06-01,2366,58.73,58.96,58.42,58.94,37.6919,3851300.0,0.0,1.0
2007-06-04,2367,58.94,59.23,58.74,59.16,37.8326,4873700.0,0.0,1.0
2007-06-05,2368,59.18,59.21,58.73,59.0,37.7303,5278100.0,0.0,1.0
2007-06-06,2369,58.75,59.19,58.15,58.29,37.2762,5925400.0,0.0,1.0
2007-06-07,2370,58.09,58.16,56.71,56.93,36.4065,12166200.0,0.0,1.0
2007-06-08,2371,56.81,57.15,56.4,57.02,36.4641,6994900.0,0.0,1.0
2007-06-11,2372,57.07,57.68,56.79,57.31,36.6495,4952000.0,0.0,1.0
2007-06-12,2373,56.88,57.28,56.59,56.78,36.3106,4326900.0,0.0,1.0
2007-06-13,2374,56.94,57.32,56.38,56.94,36.4129,5704000.0,0.0,1.0
2007-06-14,2375,57.05,57.77,56.8,57.38,36.6943,4829700.0,0.0,1.0
2007-06-15,2376,58.0,58.27,57.51,57.72,36.9117,4939200.0,0.0,1.0
2007-06-18,2377,57.72,58.0,57.215,57.41,36.7135,3045200.0,0.0,1.0
2007-06-19,2378,57.51,57.9,57.4,57.75,36.9309,4120800.0,0.0,1.0
2007-06-20,2379,57.76,57.93,56.69,56.77,36.3042,4817200.0,0.0,1.0
2007-06-21,2380,56.94,56.94,56.1,56.81,36.3298,4107000.0,0.0,1.0
2007-06-22,2381,56.66,56.77,55.58,55.8,35.6839,5704300.0,0.0,1.0
2007-06-25,2382,55.89,56.35,55.3,55.48,35.4793,5931300.0,0.0,1.0
2007-06-26,2383,55.84,56.08,55.38,55.87,35.7287,4988000.0,0.0,1.0
2007-06-27,2384,55.41,56.4,55.4,56.32,36.0164,5067200.0,0.0,1.0
2007-06-28,2385,56.37,56.7,56.1,56.18,35.9269,3416800.0,0.0,1.0
2007-06-29,2386,56.02,56.41,55.52,55.88,35.7351,4410400.0,0.0,1.0
2007-07-02,2387,56.24,56.73,56.1,56.73,36.2786,3610900.0,0.0,1.0
2007-07-03,2388,56.97,57.0,56.55,56.79,36.317,1495700.0,0.0,1.0
2007-07-05,2389,56.82,56.96,56.41,56.56,36.1699,2675700.0,0.0,1.0
2007-07-06,2390,56.66,56.76,56.2,56.64,36.2211,3312100.0,0.0,1.0
2007-07-09,2391,56.78,56.88,55.99,56.04,35.8374,5284200.0,0.0,1.0
2007-07-10,2392,55.7,56.05,55.42,55.44,35.4537,4202000.0,0.0,1.0
2007-07-11,2393,55.29,55.82,55.15,55.76,35.6583,3505200.0,0.0,1.0
2007-07-12,2394,55.8,56.91,55.64,56.79,36.317,4293000.0,0.0,1.0
2007-07-13,2395,57.1,57.15,56.53,56.92,36.4001,2894100.0,0.0,1.0
2007-07-16,2396,56.64,57.31,56.64,56.89,36.381,3603200.0,0.0,1.0
2007-07-17,2397,56.66,56.8,56.2,56.4,36.0676,4295800.0,0.0,1.0
2007-07-18,2398,56.2,56.25,55.76,56.05,35.8438,5418300.0,0.0,1.0
2007-07-19,2399,56.21,56.49,55.81,56.38,36.0548,4696900.0,0.0,1.0
2007-07-20,2400,56.38,56.54,55.76,56.03,35.831,6857900.0,0.0,1.0
2007-07-23,2401,56.42,57.27,56.3,57.17,36.56,5888100.0,0.0,1.0
2007-07-24,2402,58.11,58.94,57.15,57.17,36.56,10908500.0,0.0,1.0
2007-07-25,2403,57.0,58.74,57.0,58.44,37.3722,7315500.0,0.0,1.0
2007-07-26,2404,57.9,58.19,56.44,56.7,36.2594,8365400.0,0.0,1.0
2007-07-27,2405,56.49,56.6,55.01,55.02,35.1851,6353800.0,0.0,1.0
2007-07-30,2406,54.94,55.06,54.25,54.77,35.0252,5848100.0,0.0,1.0
2007-07-31,2407,55.2,55.25,53.97,54.09,34.5904,8272900.0,0.0,1.0
2007-08-01,2408,53.6,54.73,53.53,54.2,34.6607,6246400.0,0.0,1.0
2007-08-02,2409,54.23,54.92,54.07,54.6,34.9165,5113400.0,0.0,1.0
2007-08-03,2410,54.64,55.29,54.09,54.13,34.6159,5586200.0,0.0,1.0
2007-08-06,2411,54.27,56.27,54.13,56.22,35.9525,7400000.0,0.0,1.0
2007-08-07,2412,55.84,57.33,55.82,56.52,36.1443,7510100.0,0.0,1.0
2007-08-08,2413,56.79,58.43,56.6,58.4,37.3466,6724600.0,0.0,1.0
2007-08-09,2414,58.22,59.02,57.55,57.85,36.9949,8511800.0,0.0,1.0
2007-08-10,2415,58.37,58.6042,56.81,57.16,36.5536,8071300.0,0.0,1.0
2007-08-13,2416,56.7,57.2,56.3,56.93,36.6783,4004700.0,0.425,1.0
2007-08-14,2417,57.05,57.05,55.21,55.44,35.7184,5378900.0,0.0,1.0
2007-08-15,2418,55.45,56.04,54.9,55.18,35.5508,4974600.0,0.0,1.0
2007-08-16,2419,54.57,55.14,53.68,54.83,35.3253,8893600.0,0.0,1.0
2007-08-17,2420,55.52,56.06,54.87,55.81,35.9567,6827500.0,0.0,1.0
2007-08-20,2421,55.79,56.0,54.91,55.63,35.8408,4859100.0,0.0,1.0
2007-08-21,2422,55.49,55.63,54.8,55.28,35.6153,4815500.0,0.0,1.0
2007-08-22,2423,55.79,55.84,55.02,55.74,35.9116,4696500.0,0.0,1.0
2007-08-23,2424,55.98,56.0,55.55,55.87,35.9954,2757700.0,0.0,1.0
2007-08-24,2425,55.92,56.61,55.5,56.61,36.4722,5599500.0,0.0,1.0
2007-08-27,2426,56.42,56.63,56.31,56.39,36.3304,3104400.0,0.0,1.0
2007-08-28,2427,56.27,56.5,55.83,56.1,36.1436,5497400.0,0.0,1.0
2007-08-29,2428,56.14,56.37,55.64,56.32,36.2853,5931500.0,0.0,1.0
2007-08-30,2429,56.05,56.93,55.93,56.67,36.5108,4664500.0,0.0,1.0
2007-08-31,2430,56.93,57.48,56.83,57.35,36.9489,5654600.0,0.0,1.0
2007-09-04,2431,57.33,58.22,57.09,58.13,37.4514,5677500.0,0.0,1.0
2007-09-05,2432,57.89,57.89,57.11,57.29,36.9103,4765200.0,0.0,1.0
2007-09-06,2433,57.6,57.721,57.12,57.45,37.0133,4073700.0,0.0,1.0
2007-09-07,2434,56.87,57.33,56.01,56.17,36.1887,5972700.0,0.0,1.0
2007-09-10,2435,56.62,56.65,55.8,56.14,36.1693,4413200.0,0.0,1.0
2007-09-11,2436,56.26,56.76,55.94,56.6,36.4657,4067400.0,0.0,1.0
2007-09-12,2437,56.45,57.14,56.28,57.05,36.7556,4309900.0,0.0,1.0
2007-09-13,2438,57.45,57.69,57.01,57.18,36.8394,4756300.0,0.0,1.0
2007-09-14,2439,56.92,57.17,56.56,56.82,36.6074,4993000.0,0.0,1.0
2007-09-17,2440,56.83,56.83,55.48,55.95,36.0469,4384500.0,0.0,1.0
2007-09-18,2441,56.12,57.25,55.89,57.14,36.8136,4074900.0,0.0,1.0
2007-09-19,2442,57.31,58.0,56.78,57.53,37.0649,5495700.0,0.0,1.0
2007-09-20,2443,57.53,57.65,57.08,57.08,36.775,3676300.0,0.0,1.0
2007-09-21,2444,57.5,57.95,57.08,57.62,37.1229,4892100.0,0.0,1.0
2007-09-24,2445,57.89,58.18,57.26,57.53,37.0649,3286500.0,0.0,1.0
2007-09-25,2446,57.27,58.0,56.96,57.21,36.8587,4537800.0,0.0,1.0
2007-09-26,2447,57.55,58.01,57.32,57.4,36.9811,5383700.0,0.0,1.0
2007-09-27,2448,57.6,57.7,56.84,57.37,36.9618,5710400.0,0.0,1.0
2007-09-28,2449,57.18,57.43,56.74,56.93,36.6783,4329200.0,0.0,1.0
2007-10-01,2450,57.09,58.5,57.04,58.29,37.5545,5629900.0,0.0,1.0
2007-10-02,2451,58.38,58.57,57.96,58.42,37.6383,2889400.0,0.0,1.0
2007-10-03,2452,58.05,59.15,57.84,58.88,37.9346,4101300.0,0.0,1.0
2007-10-04,2453,58.9,59.42,58.9,58.96,37.9862,4869200.0,0.0,1.0
2007-10-05,2454,59.3,59.82,59.15,59.47,38.3148,3760800.0,0.0,1.0
2007-10-08,2455,59.27,59.41,58.91,59.0,38.012,2690300.0,0.0,1.0
2007-10-09,2456,58.95,59.18,58.5,58.55,37.722,4175100.0,0.0,1.0
2007-10-10,2457,58.53,58.89,58.2,58.4,37.6254,4350000.0,0.0,1.0
2007-10-11,2458,58.42,58.87,58.19,58.35,37.5932,5115700.0,0.0,1.0
2007-10-12,2459,58.35,58.78,57.98,58.53,37.7092,2865400.0,0.0,1.0
2007-10-15,2460,58.62,58.823,57.83,57.94,37.329,5585000.0,0.0,1.0
2007-10-16,2461,57.94,57.95,56.99,57.15,36.8201,6512400.0,0.0,1.0
2007-10-17,2462,57.38,57.81,56.6,56.95,36.6912,6062200.0,0.0,1.0
2007-10-18,2463,57.1,57.43,56.28,56.65,36.4979,8366700.0,0.0,1.0
2007-10-19,2464,56.41,57.17,55.87,56.06,36.1178,5634500.0,0.0,1.0
2007-10-22,2465,55.84,56.57,55.73,56.08,36.1307,5161000.0,0.0,1.0
2007-10-23,2466,56.41,57.13,56.11,57.13,36.8072,4417300.0,0.0,1.0
2007-10-24,2467,56.5,56.75,55.54,56.15,36.1758,5975500.0,0.0,1.0
2007-10-25,2468,52.15,53.01,51.8,52.43,33.7791,22843100.0,0.0,1.0
2007-10-26,2469,52.52,52.76,52.03,52.68,33.9402,9437100.0,0.0,1.0
2007-10-29,2470,52.71,54.0,52.71,53.52,34.4814,9798600.0,0.0,1.0
2007-10-30,2471,53.18,54.1,53.09,53.69,34.5909,5856400.0,0.0,1.0
2007-10-31,2472,53.83,54.42,53.3,54.15,34.8872,9714200.0,0.0,1.0
2007-11-01,2473,53.66,53.99,52.6,52.77,33.9982,8103300.0,0.0,1.0
2007-11-02,2474,53.09,53.5,52.52,52.67,33.9337,11851300.0,0.0,1.0
2007-11-05,2475,53.06,53.1,51.64,52.16,33.6051,12322500.0,0.0,1.0
2007-11-06,2476,52.2,52.64,52.0,52.48,33.8113,7184400.0,0.0,1.0
2007-11-07,2477,52.04,52.57,51.45,51.53,33.1993,5961700.0,0.0,1.0
2007-11-08,2478,51.59,51.97,51.17,51.62,33.2572,8351900.0,0.0,1.0
2007-11-09,2479,51.17,52.08,50.86,51.51,33.1864,6833200.0,0.0,1.0
2007-11-12,2480,51.52,52.92,51.25,52.5,33.8242,6991600.0,0.0,1.0
2007-11-13,2481,52.41,52.85,51.86,52.64,34.1882,8527800.0,0.425,1.0
2007-11-14,2482,52.67,53.58,52.6,53.03,34.4415,6561200.0,0.0,1.0
2007-11-15,2483,52.71,52.98,51.95,52.06,33.8115,6006300.0,0.0,1.0
2007-11-16,2484,52.31,52.6,51.36,51.81,33.6492,6753200.0,0.0,1.0
2007-11-19,2485,51.38,51.68,50.43,50.77,32.9737,8647500.0,0.0,1.0
2007-11-20,2486,50.95,50.99,49.87,50.35,32.7009,6083400.0,0.0,1.0
2007-11-21,2487,50.05,50.27,49.09,49.09,31.8826,5995000.0,0.0,1.0
2007-11-23,2488,49.93,50.82,49.52,50.79,32.9867,2837200.0,0.0,1.0
2007-11-26,2489,50.92,50.95,49.5,49.67,32.2593,4981000.0,0.0,1.0
2007-11-27,2490,49.83,51.1,49.58,50.91,33.0646,6762700.0,0.0,1.0
2007-11-28,2491,51.01,52.33,50.61,52.26,33.9414,6086900.0,0.0,1.0
2007-11-29,2492,52.0,53.11,51.85,52.79,34.2856,6583800.0,0.0,1.0
2007-11-30,2493,52.51,53.3,52.51,52.95,34.3895,5926500.0,0.0,1.0
2007-12-03,2494,52.65,52.95,52.21,52.53,34.1168,4885700.0,0.0,1.0
2007-12-04,2495,52.32,52.53,51.75,52.11,33.844,5450600.0,0.0,1.0
2007-12-05,2496,52.7,53.79,52.35,53.49,34.7403,4862700.0,0.0,1.0
2007-12-06,2497,54.75,54.75,53.44,53.93,35.026,6523100.0,0.0,1.0
2007-12-07,2498,54.55,54.65,53.72,54.3,35.2663,4464800.0,0.0,1.0
2007-12-10,2499,54.55,54.95,54.11,54.78,35.5781,4606700.0,0.0,1.0
2007-12-11,2500,54.76,55.34,54.0,54.06,35.1105,5713500.0,0.0,1.0
2007-12-12,2501,54.45,54.79,53.66,54.08,35.1235,7299400.0,0.0,1.0
2007-12-13,2502,54.05,54.27,53.49,54.18,35.1884,5670200.0,0.0,1.0
2007-12-14,2503,53.88,54.18,53.55,53.71,34.8831,5029400.0,0.0,1.0
2007-12-17,2504,53.57,53.93,52.96,53.18,34.5389,4799000.0,0.0,1.0
2007-12-18,2505,53.65,54.19,53.17,53.49,34.7403,9406900.0,0.0,1.0
2007-12-19,2506,53.39,53.74,52.71,53.18,34.5389,6350400.0,0.0,1.0
2007-12-20,2507,53.46,53.5,53.08,53.23,34.5714,5556700.0,0.0,1.0
2007-12-21,2508,53.76,54.3,53.4,54.23,35.2209,7503300.0,0.0,1.0
2007-12-24,2509,54.29,54.5,53.91,54.49,35.3897,1468900.0,0.0,1.0
2007-12-26,2510,54.2,54.39,53.97,54.31,35.2728,2919600.0,0.0,1.0
2007-12-27,2511,54.2,54.2,53.4,53.88,34.9936,3369400.0,0.0,1.0
2007-12-28,2512,54.14,54.15,53.71,54.05,35.104,3026600.0,0.0,1.0
2007-12-31,2513,53.7,53.85,53.13,53.39,34.6753,3970800.0,0.0,1.0
2008-01-02,2514,53.47,53.78,52.21,52.55,34.1298,5556800.0,0.0,1.0
2008-01-03,2515,52.72,53.16,52.62,52.99,34.4155,4513400.0,0.0,1.0
2008-01-04,2516,52.54,52.83,51.68,51.8,33.6427,6186500.0,0.0,1.0
2008-01-07,2517,52.21,54.73,52.17,54.55,35.4287,10376100.0,0.0,1.0
2008-01-08,2518,54.82,57.22,54.41,56.06,36.4094,12197900.0,0.0,1.0
2008-01-09,2519,56.48,57.13,56.05,56.86,36.929,9577400.0,0.0,1.0
2008-01-10,2520,56.55,57.12,56.07,56.85,36.9225,6288300.0,0.0,1.0
2008-01-11,2521,56.41,57.13,56.22,56.81,36.8965,5360600.0,0.0,1.0
2008-01-14,2522,57.22,57.52,56.89,57.18,37.1368,5563800.0,0.0,1.0
2008-01-15,2523,56.85,57.12,56.21,56.59,36.7536,5884000.0,0.0,1.0
2008-01-16,2524,56.3,57.17,55.93,56.07,36.4159,7974400.0,0.0,1.0
2008-01-17,2525,56.12,56.3,54.7,54.84,35.6171,9679400.0,0.0,1.0
2008-01-18,2526,54.81,55.1,53.4,53.71,34.8831,10013600.0,0.0,1.0
2008-01-22,2527,51.98,53.0,50.05,52.17,33.883,10933000.0,0.0,1.0
2008-01-23,2528,50.74,52.21,50.21,52.18,33.8895,8778300.0,0.0,1.0
2008-01-24,2529,52.42,52.75,50.97,51.32,33.3309,12998200.0,0.0,1.0
2008-01-25,2530,51.75,51.75,50.37,50.74,32.9542,9579100.0,0.0,1.0
2008-01-28,2531,51.07,51.63,50.5554,51.4,33.3829,7076500.0,0.0,1.0
2008-01-29,2532,52.92,52.92,52.02,52.31,33.9739,9264300.0,0.0,1.0
2008-01-30,2533,52.27,52.35,51.2,51.35,33.3504,7358300.0,0.0,1.0
2008-01-31,2534,50.7,51.77,50.42,51.39,33.3764,9969700.0,0.0,1.0
2008-02-01,2535,51.36,52.5,51.22,51.66,33.5517,7374800.0,0.0,1.0
2008-02-04,2536,51.67,52.37,51.37,52.08,33.8245,4836400.0,0.0,1.0
2008-02-05,2537,51.4,52.0,51.12,51.24,33.279,5440700.0,0.0,1.0
2008-02-06,2538,51.49,51.78,50.84,51.4,33.3829,4101300.0,0.0,1.0
2008-02-07,2539,51.39,51.56,50.57,51.22,33.266,7153300.0,0.0,1.0
2008-02-08,2540,51.05,51.05,50.0,50.23,32.623000000000005,4524200.0,0.0,1.0
2008-02-11,2541,50.17,50.35,49.69,50.23,32.623000000000005,4222500.0,0.0,1.0
2008-02-12,2542,50.63,51.23,50.3,51.02,33.1361,5217700.0,0.0,1.0
2008-02-13,2543,51.3,51.3,50.17,50.34,32.9997,6503400.0,0.47,1.0
2008-02-14,2544,50.27,50.34,49.6,49.98,32.7637,5213600.0,0.0,1.0
2008-02-15,2545,49.69,50.95,49.63,50.82,33.3143,6480400.0,0.0,1.0
2008-02-19,2546,51.2,51.25,50.15,50.3,32.9735,5914800.0,0.0,1.0
2008-02-20,2547,50.065,50.41,49.5,50.37,33.0193,4290300.0,0.0,1.0
2008-02-21,2548,50.64,50.8,49.64,49.82,32.6588,5465000.0,0.0,1.0
2008-02-22,2549,51.31,51.31,49.64,50.51,33.1111,9059000.0,0.0,1.0
2008-02-25,2550,50.44,51.39,50.23,51.3,33.629,5266900.0,0.0,1.0
2008-02-26,2551,51.05,52.51,51.05,52.45,34.3829,8059900.0,0.0,1.0
2008-02-27,2552,52.04,52.33,51.55,51.83,33.9764,3648600.0,0.0,1.0
2008-02-28,2553,50.21,51.23,50.05,50.93,33.3864,4396800.0,0.0,1.0
2008-02-29,2554,50.71,50.71,49.67,50.02,32.7899,6902600.0,0.0,1.0
2008-03-03,2555,50.12,50.26,49.75,50.19,32.9013,4099700.0,0.0,1.0
2008-03-04,2556,49.82,50.22,49.74,50.01,32.7834,5862500.0,0.0,1.0
2008-03-05,2557,50.01,50.62,49.86,50.42,33.0521,4520500.0,0.0,1.0
2008-03-06,2558,50.13,50.25,49.65,49.68,32.567,4446400.0,0.0,1.0
2008-03-07,2559,49.63,50.24,49.38,49.7,32.5801,7275600.0,0.0,1.0
2008-03-10,2560,49.7,50.81,49.03,49.42,32.3966,7032700.0,0.0,1.0
2008-03-11,2561,50.43,50.7,49.73,50.59,33.1636,7442200.0,0.0,1.0
2008-03-12,2562,50.6,50.72,49.66,49.78,32.6326,5878900.0,0.0,1.0
2008-03-13,2563,49.3,49.68,48.56,49.16,32.2261,6655300.0,0.0,1.0
2008-03-14,2564,49.42,49.42,47.33,47.81,31.3412,8428300.0,0.0,1.0
2008-03-17,2565,46.73,49.24,46.6,48.87,32.036,6847300.0,0.0,1.0
2008-03-18,2566,49.25,49.92,48.8,49.92,32.7244,5392200.0,0.0,1.0
2008-03-19,2567,49.54,51.31,49.54,49.97,32.7571,5758900.0,0.0,1.0
2008-03-20,2568,49.83,50.05,49.17,49.84,32.6719,9166300.0,0.0,1.0
2008-03-24,2569,49.94,50.18,49.58,50.1,32.8423,5791500.0,0.0,1.0
2008-03-25,2570,50.02,50.69,49.99,50.17,32.8882,4567500.0,0.0,1.0
2008-03-26,2571,49.75,50.4,49.57,50.19,32.9013,6626700.0,0.0,1.0
2008-03-27,2572,50.4,50.83,50.26,50.43,33.0587,4940700.0,0.0,1.0
2008-03-28,2573,50.58,51.08,50.15,50.29,32.9669,5339600.0,0.0,1.0
2008-03-31,2574,50.22,51.78,50.14,51.59,33.8191,8754500.0,0.0,1.0
2008-04-01,2575,51.72,52.17,51.53,52.03,34.1075,7230400.0,0.0,1.0
2008-04-02,2576,52.05,52.2,51.44,51.76,33.9305,5531500.0,0.0,1.0
2008-04-03,2577,51.58,51.97,51.11,51.8,33.9568,5075100.0,0.0,1.0
2008-04-04,2578,51.78,52.94,51.6,52.28,34.2714,5583800.0,0.0,1.0
2008-04-07,2579,52.76,53.4,52.08,53.06,34.7827,6127900.0,0.0,1.0
2008-04-08,2580,52.75,52.92,52.0982,52.3,34.2845,4895400.0,0.0,1.0
2008-04-09,2581,52.22,52.48,51.65,51.77,33.9371,5090400.0,0.0,1.0
2008-04-10,2582,51.67,52.75,51.67,52.39,34.3435,5458600.0,0.0,1.0
2008-04-11,2583,52.37,52.37,51.7,51.93,34.042,5346600.0,0.0,1.0
2008-04-14,2584,51.98,52.08,51.56,51.82,33.9699,4800300.0,0.0,1.0
2008-04-15,2585,51.97,52.08,51.33,51.55,33.7929,5602300.0,0.0,1.0
2008-04-16,2586,52.03,52.64,51.67,52.55,34.4484,4301400.0,0.0,1.0
2008-04-17,2587,52.29,52.53,51.25,51.39,33.688,6928500.0,0.0,1.0
2008-04-18,2588,51.9,52.21,51.46,52.07,34.1338,6223600.0,0.0,1.0
2008-04-21,2589,50.44,50.75,49.43,49.59,32.508,10138800.0,0.0,1.0
2008-04-22,2590,49.59,49.59,48.26,49.05,32.154,8526100.0,0.0,1.0
2008-04-23,2591,49.14,49.86,48.99,49.19,32.2458,6545200.0,0.0,1.0
2008-04-24,2592,49.16,49.49,48.55,49.04,32.1475,4447000.0,0.0,1.0
2008-04-25,2593,49.18,49.96,49.11,49.36,32.3573,4609500.0,0.0,1.0
2008-04-28,2594,49.55,49.64,49.15,49.36,32.3573,4912900.0,0.0,1.0
2008-04-29,2595,49.3,49.3,47.86,48.11,31.5378,8559000.0,0.0,1.0
2008-04-30,2596,48.3,48.93,47.96,48.14,31.5575,6142000.0,0.0,1.0
2008-05-01,2597,48.17,49.72,48.15,49.72,32.5932,6267500.0,0.0,1.0
2008-05-02,2598,49.89,49.9,49.24,49.38,32.3704,3656500.0,0.0,1.0
2008-05-05,2599,49.26,49.26,48.69,48.99,32.1147,3459400.0,0.0,1.0
2008-05-06,2600,48.71,48.96,48.31,48.75,31.9574,4277900.0,0.0,1.0
2008-05-07,2601,48.69,49.13,48.55,48.65,31.8918,5504600.0,0.0,1.0
2008-05-08,2602,48.92,48.97,48.25,48.43,31.7476,5302100.0,0.0,1.0
2008-05-09,2603,48.44,48.44,47.76,48.25,31.6296,4293400.0,0.0,1.0
2008-05-12,2604,48.4,48.98,48.25,48.76,31.9639,3542100.0,0.0,1.0
2008-05-13,2605,47.67,48.52,47.5,47.55,31.4788,5367300.0,0.47,1.0
2008-05-14,2606,47.67,48.32,47.55,48.3,31.9753,4371500.0,0.0,1.0
2008-05-15,2607,48.42,48.76,47.91,48.67,32.2203,5194300.0,0.0,1.0
2008-05-16,2608,49.85,49.85,48.55,48.95,32.4057,5196200.0,0.0,1.0
2008-05-19,2609,48.99,49.69,48.86,49.53,32.7896,3779600.0,0.0,1.0
2008-05-20,2610,49.39,49.77,48.76,48.96,32.4123,4133300.0,0.0,1.0
2008-05-21,2611,49.14,49.35,48.03,48.1,31.8429,4681500.0,0.0,1.0
2008-05-22,2612,48.36,48.79,47.87,48.48,32.0945,3106100.0,0.0,1.0
2008-05-23,2613,48.46,48.46,47.55,47.57,31.4921,3602800.0,0.0,1.0
2008-05-27,2614,47.68,48.04,47.61,47.94,31.737,2989600.0,0.0,1.0
2008-05-28,2615,48.1,48.28,47.5,47.85,31.6774,3520700.0,0.0,1.0
2008-05-29,2616,47.73,48.92,47.73,48.6,32.174,6290000.0,0.0,1.0
2008-05-30,2617,48.72,48.72,48.0,48.14,31.8694,4057000.0,0.0,1.0
2008-06-02,2618,48.28,48.36,47.41,47.59,31.5053,5930600.0,0.0,1.0
2008-06-03,2619,47.85,48.46,47.45,48.28,31.9621,7263300.0,0.0,1.0
2008-06-04,2620,48.62,49.6,48.62,49.04,32.4652,7408800.0,0.0,1.0
2008-06-05,2621,49.64,49.82,48.88,49.46,32.7433,7863000.0,0.0,1.0
2008-06-06,2622,49.35,49.35,48.39,48.42,32.0548,7811900.0,0.0,1.0
2008-06-09,2623,48.77,48.77,47.8,48.18,31.8959,6420500.0,0.0,1.0
2008-06-10,2624,47.75,48.45,47.5,47.94,31.737,5166200.0,0.0,1.0
2008-06-11,2625,47.81,48.25,47.25,47.43,31.3994,4056400.0,0.0,1.0
2008-06-12,2626,47.66,48.32,47.55,47.7,31.5781,4595400.0,0.0,1.0
2008-06-13,2627,47.92,48.37,47.92,48.33,31.9952,4298900.0,0.0,1.0
2008-06-16,2628,47.92,48.33,47.19,47.85,31.6774,5568600.0,0.0,1.0
2008-06-17,2629,48.07,48.6,47.74,47.78,31.6311,3432300.0,0.0,1.0
2008-06-18,2630,47.7,48.0,46.9,46.97,31.0949,4217600.0,0.0,1.0
2008-06-19,2631,47.04,48.03,46.63,47.79,31.6377,8223400.0,0.0,1.0
2008-06-20,2632,46.87,48.28,46.73,46.93,31.0684,7423900.0,0.0,1.0
2008-06-23,2633,47.04,47.74,47.01,47.6,31.5119,5380100.0,0.0,1.0
2008-06-24,2634,46.96,47.1,45.97,46.94,31.075,9260400.0,0.0,1.0
2008-06-25,2635,47.03,47.47,46.8,47.0,31.1147,6017500.0,0.0,1.0
2008-06-26,2636,46.56,46.81,45.96,46.02,30.466,6517300.0,0.0,1.0
2008-06-27,2637,46.0,46.31,45.57,45.61,30.1945,7417900.0,0.0,1.0
2008-06-30,2638,45.77,46.55,45.36,46.16,30.5586,5417100.0,0.0,1.0
2008-07-01,2639,45.67,46.44,45.52,46.1,30.5189,6454400.0,0.0,1.0
2008-07-02,2640,46.1,46.69,45.91,46.09,30.5123,4656100.0,0.0,1.0
2008-07-03,2641,46.4,47.1,46.31,46.98,31.1015,4530900.0,0.0,1.0
2008-07-07,2642,46.91,47.12,45.92,46.21,30.5917,6096900.0,0.0,1.0
2008-07-08,2643,46.18,48.62,46.1,48.46,32.0813,9372800.0,0.0,1.0
2008-07-09,2644,48.61,49.46,48.24,48.37,32.0217,6500100.0,0.0,1.0
2008-07-10,2645,48.28,48.93,47.54,48.16,31.8827,7374800.0,0.0,1.0
2008-07-11,2646,47.52,48.03,46.93,47.67,31.5583,4538900.0,0.0,1.0
2008-07-14,2647,48.15,48.61,47.95,48.01,31.7834,5716100.0,0.0,1.0
2008-07-15,2648,47.54,48.34,47.54,48.11,31.8496,8184600.0,0.0,1.0
2008-07-16,2649,48.32,48.5,47.73,48.28,31.9621,6356300.0,0.0,1.0
2008-07-17,2650,48.2,48.55,47.3,48.38,32.0283,6514900.0,0.0,1.0
2008-07-18,2651,48.32,48.55,47.5,47.91,31.7172,6421400.0,0.0,1.0
2008-07-21,2652,47.97,48.13,46.92,47.18,31.2339,4741700.0,0.0,1.0
2008-07-22,2653,46.92,47.29,46.51,46.73,30.936,6668400.0,0.0,1.0
2008-07-23,2654,47.0,47.69,46.8,47.62,31.5252,5608500.0,0.0,1.0
2008-07-24,2655,47.94,48.5,47.23,48.0,31.7767,4949200.0,0.0,1.0
2008-07-25,2656,47.72,48.45,47.25,47.81,31.651,4200200.0,0.0,1.0
2008-07-28,2657,47.82,48.45,47.53,47.62,31.5252,5131200.0,0.0,1.0
2008-07-29,2658,47.68,48.68,47.49,48.26,31.9489,5535600.0,0.0,1.0
2008-07-30,2659,48.57,49.12,46.95,47.41,31.3862,7426300.0,0.0,1.0
2008-07-31,2660,47.2,47.63,46.85,47.11,31.1875,4931800.0,0.0,1.0
2008-08-01,2661,47.11,47.48,46.57,47.04,31.1412,4329200.0,0.0,1.0
2008-08-04,2662,46.91,47.69,46.91,47.37,31.3597,4751900.0,0.0,1.0
2008-08-05,2663,47.86,48.0,47.24,47.79,31.6377,6486100.0,0.0,1.0
2008-08-06,2664,47.23,48.37,47.23,48.0,31.7767,3519600.0,0.0,1.0
2008-08-07,2665,47.66,48.4,47.23,47.58,31.4987,4596900.0,0.0,1.0
2008-08-08,2666,47.53,48.58,47.28,48.51,32.1144,4158800.0,0.0,1.0
2008-08-11,2667,48.5,49.55,48.095,49.05,32.4719,6115800.0,0.0,1.0
2008-08-12,2668,49.19,49.78,48.85,49.25,32.6043,6038100.0,0.0,1.0
2008-08-13,2669,48.91,48.91,48.08,48.38,32.3395,4955000.0,0.47,1.0
2008-08-14,2670,48.01,49.12,47.93,48.34,32.3127,4706200.0,0.0,1.0
2008-08-15,2671,48.5,49.2,48.5,48.78,32.6068,4611400.0,0.0,1.0
2008-08-18,2672,48.81,48.82,47.82,48.05,32.1189,6245500.0,0.0,1.0
2008-08-19,2673,47.68,48.14,47.25,47.8,31.9518,5448700.0,0.0,1.0
2008-08-20,2674,47.83,47.91,47.19,47.41,31.6911,4545100.0,0.0,1.0
2008-08-21,2675,47.48,47.48,46.57,47.17,31.5306,4161600.0,0.0,1.0
2008-08-22,2676,47.21,48.15,47.09,48.03,32.1055,5134400.0,0.0,1.0
2008-08-25,2677,47.91,48.63,47.31,47.52,31.7646,3940300.0,0.0,1.0
2008-08-26,2678,47.49,47.78,46.83,47.02,31.4304,3370600.0,0.0,1.0
2008-08-27,2679,46.99,47.49,46.46,46.87,31.3301,5520100.0,0.0,1.0
2008-08-28,2680,47.06,47.37,46.66,46.91,31.3568,4285500.0,0.0,1.0
2008-08-29,2681,46.68,47.02,46.61,46.65,31.183000000000003,4765200.0,0.0,1.0
2008-09-02,2682,47.21,47.61,46.42,46.66,31.1897,5241900.0,0.0,1.0
2008-09-03,2683,46.66,47.49,46.23,46.91,31.3568,4425900.0,0.0,1.0
2008-09-04,2684,46.8,46.9,45.95,46.09,30.8087,4714400.0,0.0,1.0
2008-09-05,2685,45.97,46.1,45.1213,45.44,30.3742,5127800.0,0.0,1.0
2008-09-08,2686,46.31,46.855,45.53,46.67,31.1964,5790600.0,0.0,1.0
2008-09-09,2687,46.21,47.88,46.21,46.46,31.056,7821600.0,0.0,1.0
2008-09-10,2688,46.56,47.36,46.5,46.73,31.2365,6101700.0,0.0,1.0
2008-09-11,2689,46.26,46.84,45.94,46.72,31.2298,4722200.0,0.0,1.0
2008-09-12,2690,46.47,46.85,46.18600000000001,46.6,31.1496,4271700.0,0.0,1.0
2008-09-15,2691,45.85,46.74,45.67,46.04,30.7753,5313600.0,0.0,1.0
2008-09-16,2692,45.27,45.6,44.47,45.26,30.2539,10048900.0,0.0,1.0
2008-09-17,2693,44.7,45.64,43.81,43.92,29.3582,7175900.0,0.0,1.0
2008-09-18,2694,44.36,45.72,43.87,45.42,30.3609,9917400.0,0.0,1.0
2008-09-19,2695,46.01,47.34,44.9,46.69,31.2098,11996600.0,0.0,1.0
2008-09-22,2696,46.57,47.13,45.67,45.9,30.6817,5783900.0,0.0,1.0
2008-09-23,2697,46.09,46.23,45.4,45.73,30.5681,7878100.0,0.0,1.0
2008-09-24,2698,45.78,46.51,45.4,46.34,30.9758,7240700.0,0.0,1.0
2008-09-25,2699,46.57,47.72,46.23,46.6,31.1496,9338200.0,0.0,1.0
2008-09-26,2700,46.17,47.06,45.76,46.82,31.2967,5769900.0,0.0,1.0
2008-09-29,2701,44.71,46.05,43.41,43.92,29.3582,9791500.0,0.0,1.0
2008-09-30,2702,44.88,44.97,42.88,44.03,29.4317,8438800.0,0.0,1.0
2008-10-01,2703,43.58,44.44,43.4,43.69,29.2044,6340200.0,0.0,1.0
2008-10-02,2704,43.69,43.93,42.44,42.55,28.4424,6564400.0,0.0,1.0
2008-10-03,2705,43.1,43.1,41.24,41.31,27.6135,9396200.0,0.0,1.0
2008-10-06,2706,40.64,40.7,37.09,38.42,25.6817,18989200.0,0.0,1.0
2008-10-07,2707,39.52,39.97,38.52,38.61,25.8087,12466300.0,0.0,1.0
2008-10-08,2708,38.74,39.5,37.66,37.9,25.3341,8946200.0,0.0,1.0
2008-10-09,2709,37.58,37.85,32.44,33.22,22.2058,13833900.0,0.0,1.0
2008-10-10,2710,31.96,33.39,29.25,31.36,20.9625,15866600.0,0.0,1.0
2008-10-13,2711,32.51,36.0,32.2,35.86,23.9705,8286200.0,0.0,1.0
2008-10-14,2712,37.24,37.56,34.57,34.94,23.3555,10643400.0,0.0,1.0
2008-10-15,2713,34.65,34.99,31.93,32.54,21.7513,10602700.0,0.0,1.0
2008-10-16,2714,32.69,34.66,31.5,34.38,22.9812,10297900.0,0.0,1.0
2008-10-17,2715,33.29,34.12,32.14,32.2,21.524,9160900.0,0.0,1.0
2008-10-20,2716,32.56,34.1,31.77,34.1,22.794,9049300.0,0.0,1.0
2008-10-21,2717,33.71,34.64,33.05,33.68,22.5133,7733000.0,0.0,1.0
2008-10-22,2718,33.61,33.63,31.4,32.11,21.4638,6671900.0,0.0,1.0
2008-10-23,2719,33.99,34.0,31.26,33.48,22.3796,8729300.0,0.0,1.0
2008-10-24,2720,31.99,32.8,31.14,31.73,21.2098,7224100.0,0.0,1.0
2008-10-27,2721,31.3,32.6,30.4,30.4,20.3208,7526900.0,0.0,1.0
2008-10-28,2722,31.07,33.47,29.9,33.38,22.3128,8334900.0,0.0,1.0
2008-10-29,2723,33.32,33.67,31.83,32.03,21.4104,9180200.0,0.0,1.0
2008-10-30,2724,32.97,33.1,32.26,32.83,21.9451,7363200.0,0.0,1.0
2008-10-31,2725,32.63,34.55,32.63,33.82,22.6069,6874800.0,0.0,1.0
2008-11-03,2726,34.44,34.54,33.54,34.01,22.7339,4801900.0,0.0,1.0
2008-11-04,2727,34.75,35.64,33.65,35.15,23.4959,7786900.0,0.0,1.0
2008-11-05,2728,34.74,35.43,33.55,33.76,22.5668,5858400.0,0.0,1.0
2008-11-06,2729,33.89,34.17,32.6,32.87,21.9718,6447300.0,0.0,1.0
2008-11-07,2730,32.89,34.37,32.89,34.2,22.8609,4023900.0,0.0,1.0
2008-11-10,2731,34.77,35.5,34.41,34.87,23.3087,5806900.0,0.0,1.0
2008-11-11,2732,34.73,35.25,33.63,33.97,22.7071,4962000.0,0.0,1.0
2008-11-12,2733,33.25,33.42,31.85,31.99,21.6978,6160700.0,0.47,1.0
2008-11-13,2734,32.24,34.5,31.76,34.12,23.1425,13039100.0,0.0,1.0
2008-11-14,2735,32.78,33.89,32.05,32.06,21.7453,8113700.0,0.0,1.0
2008-11-17,2736,31.71,32.93,31.5,32.13,21.7927,6436700.0,0.0,1.0
2008-11-18,2737,32.9,33.34,31.54,33.34,22.6134,6581300.0,0.0,1.0
2008-11-19,2738,33.16,33.97,31.1,31.41,21.3044,7163500.0,0.0,1.0
2008-11-20,2739,31.23,32.25,29.59,29.91,20.287,7966700.0,0.0,1.0
2008-11-21,2740,30.23,30.57,28.62,30.43,20.6397,9947500.0,0.0,1.0
2008-11-24,2741,30.9,32.76,30.51,32.08,21.7588,7845200.0,0.0,1.0
2008-11-25,2742,32.9,33.36,31.83,32.8,22.2472,6495500.0,0.0,1.0
2008-11-26,2743,32.42,32.93,31.83,32.87,22.2947,5886700.0,0.0,1.0
2008-11-28,2744,33.06,34.5,33.06,34.15,23.1628,2736300.0,0.0,1.0
2008-12-01,2745,33.32,33.4,30.63,31.12,21.1077,6326300.0,0.0,1.0
2008-12-02,2746,31.54,33.29,31.5,33.19,22.5117,6817900.0,0.0,1.0
2008-12-03,2747,32.57,35.08,32.02,34.97,23.719,7760000.0,0.0,1.0
2008-12-04,2748,34.54,34.88,33.55,33.89,22.9865,6856500.0,0.0,1.0
2008-12-05,2749,33.69,35.25,32.56,34.94,23.6987,7571000.0,0.0,1.0
2008-12-08,2750,35.68,35.85,34.3,34.86,23.6444,6885000.0,0.0,1.0
2008-12-09,2751,34.4,35.1,34.34,34.57,23.4477,4471700.0,0.0,1.0
2008-12-10,2752,34.93,35.58,34.64,35.01,23.7462,4854200.0,0.0,1.0
2008-12-11,2753,35.89,36.59,35.2,35.62,24.1599,8004200.0,0.0,1.0
2008-12-12,2754,34.82,36.5,34.6,36.41,24.6957,6637400.0,0.0,1.0
2008-12-15,2755,36.41,36.64,34.9,35.32,23.9564,5728500.0,0.0,1.0
2008-12-16,2756,35.64,37.34,35.54,37.21,25.2383,6155900.0,0.0,1.0
2008-12-17,2757,36.71,37.32,36.27,36.94,25.0552,4963700.0,0.0,1.0
2008-12-18,2758,37.21,37.92,36.48,36.87,25.0077,6650000.0,0.0,1.0
2008-12-19,2759,38.65,38.77,37.0,38.26,25.9505,10252500.0,0.0,1.0
2008-12-22,2760,38.2,38.49,36.63,37.34,25.3265,5046400.0,0.0,1.0
2008-12-23,2761,38.06,38.5,37.41,37.49,25.4283,4237500.0,0.0,1.0
2008-12-24,2762,38.0,38.08,37.5,37.8,25.6385,1237100.0,0.0,1.0
2008-12-26,2763,37.95,38.1,37.81,37.98,25.7606,1614000.0,0.0,1.0
2008-12-29,2764,38.08,38.5,37.64,38.48,26.0997,4001000.0,0.0,1.0
2008-12-30,2765,38.71,39.77,38.71,39.67,26.9069,4743600.0,0.0,1.0
2008-12-31,2766,39.67,40.5,39.38,40.27,27.3138,4735100.0,0.0,1.0
2009-01-02,2767,40.38,40.78,39.3,40.57,27.5173,6022900.0,0.0,1.0
2009-01-05,2768,40.55,40.56,39.07,39.46,26.7644,6854500.0,0.0,1.0
2009-01-06,2769,39.64,39.76,38.51,39.57,26.8391,8975000.0,0.0,1.0
2009-01-07,2770,39.06,39.46,38.39,38.62,26.1947,6365600.0,0.0,1.0
2009-01-08,2771,38.44,38.91,37.9,38.81,26.3236,5627000.0,0.0,1.0
2009-01-09,2772,38.81,38.81,38.03,38.48,26.0997,5937400.0,0.0,1.0
2009-01-12,2773,38.46,38.75,37.91,38.13,25.8623,5199200.0,0.0,1.0
2009-01-13,2774,38.25,38.68,37.91,38.52,26.1269,5301400.0,0.0,1.0
2009-01-14,2775,38.34,38.37,37.1,37.47,25.4147,6557100.0,0.0,1.0
2009-01-15,2776,37.42,37.63,36.28,37.55,25.469,4957200.0,0.0,1.0
2009-01-16,2777,38.04,38.41,37.29,38.13,25.8623,5443900.0,0.0,1.0
2009-01-20,2778,37.92,38.76,37.23,37.39,25.3604,9442300.0,0.0,1.0
2009-01-21,2779,37.88,38.7,37.23,38.24,25.937,6836000.0,0.0,1.0
2009-01-22,2780,37.63,38.34,37.16,37.8,25.6385,5547800.0,0.0,1.0
2009-01-23,2781,37.2,37.64,36.84,37.42,25.3808,6228600.0,0.0,1.0
2009-01-26,2782,37.65,38.49,37.25,37.57,25.4825,6766000.0,0.0,1.0
2009-01-27,2783,37.84,38.9,37.69,38.61,26.1879,5403700.0,0.0,1.0
2009-01-28,2784,39.0,39.2,38.38,39.09,26.5135,5368700.0,0.0,1.0
2009-01-29,2785,38.79,39.15,37.74,37.97,25.7538,6473900.0,0.0,1.0
2009-01-30,2786,38.71,38.71,36.2664,36.82,24.9738,9599100.0,0.0,1.0
2009-02-02,2787,36.53,37.61,36.2,37.27,25.279,5505000.0,0.0,1.0
2009-02-03,2788,37.69,39.15,36.87,38.69,26.2422,9611300.0,0.0,1.0
2009-02-04,2789,39.22,39.25,37.8,38.01,25.781,7416500.0,0.0,1.0
2009-02-05,2790,37.79,38.3,37.25,38.16,25.8827,5051300.0,0.0,1.0
2009-02-06,2791,38.11,38.74,37.83,38.18,25.8963,4978300.0,0.0,1.0
2009-02-09,2792,38.22,38.23,37.4,38.12,25.8556,4132900.0,0.0,1.0
2009-02-10,2793,38.0,38.4,36.76,36.94,25.0552,5721900.0,0.0,1.0
2009-02-11,2794,37.13,37.2,36.46,36.72,25.2383,4244400.0,0.49,1.0
2009-02-12,2795,36.18,36.61,35.38,36.34,24.9772,6098300.0,0.0,1.0
2009-02-13,2796,36.15,36.48,35.38,35.43,24.3517,6020700.0,0.0,1.0
2009-02-17,2797,34.72,35.11,34.27,34.58,23.7675,7399900.0,0.0,1.0
2009-02-18,2798,34.76,34.76,34.11,34.4,23.6438,5916800.0,0.0,1.0
2009-02-19,2799,34.65,34.86,34.32,34.48,23.6987,4240600.0,0.0,1.0
2009-02-20,2800,33.88,34.13,32.93,33.24,22.8465,8361100.0,0.0,1.0
2009-02-23,2801,33.66,33.83,32.26,32.31,22.2073,5545100.0,0.0,1.0
2009-02-24,2802,32.41,32.98,32.06,32.91,22.6197,7345600.0,0.0,1.0
2009-02-25,2803,32.79,33.04,32.11,32.56,22.3791,6943800.0,0.0,1.0
2009-02-26,2804,32.98,32.98,31.0,31.04,21.3344,12135600.0,0.0,1.0
2009-02-27,2805,30.37,30.73,29.38,29.38,20.1934,9522900.0,0.0,1.0
2009-03-02,2806,28.4,28.85,27.66,27.75,19.0731,13436000.0,0.0,1.0
2009-03-03,2807,28.08,28.5112,27.22,27.49,18.8944,9488100.0,0.0,1.0
2009-03-04,2808,28.2,28.87,27.27,28.5,19.5886,8865100.0,0.0,1.0
2009-03-05,2809,27.89,28.39,27.21,27.47,18.8806,9028200.0,0.0,1.0
2009-03-06,2810,27.65,28.23,27.45,27.98,19.2312,8700000.0,0.0,1.0
2009-03-09,2811,27.73,28.67,27.47,27.97,19.2243,8635800.0,0.0,1.0
2009-03-10,2812,28.63,29.76,28.33,29.72,20.4271,10124700.0,0.0,1.0
2009-03-11,2813,30.01,30.09,28.665,28.85,19.8291,9624700.0,0.0,1.0
2009-03-12,2814,28.85,30.13,28.75,30.03,20.6402,6359600.0,0.0,1.0
2009-03-13,2815,30.23,31.05,30.09,30.64,21.0594,6790500.0,0.0,1.0
2009-03-16,2816,30.84,31.74,30.74,30.81,21.1763,6624300.0,0.0,1.0
2009-03-17,2817,30.96,31.76,30.52,31.76,21.8292,5031600.0,0.0,1.0
2009-03-18,2818,32.45,33.1,31.95,32.5,22.3379,6519000.0,0.0,1.0
2009-03-19,2819,32.77,32.77,31.52,31.83,21.8774,5170900.0,0.0,1.0
2009-03-20,2820,31.9,32.91,31.9,32.55,22.3722,10262000.0,0.0,1.0
2009-03-23,2821,33.28,34.09,33.023,34.09,23.4307,6611700.0,0.0,1.0
2009-03-24,2822,33.61,34.31,33.17,33.17,22.7984,8487800.0,0.0,1.0
2009-03-25,2823,33.36,33.87,32.86,33.53,23.0458,7747900.0,0.0,1.0
2009-03-26,2824,33.74,34.295,33.39,34.22,23.52,7407000.0,0.0,1.0
2009-03-27,2825,33.83,34.16,33.56,33.75,23.197,5461800.0,0.0,1.0
2009-03-30,2826,32.03,32.98,32.03,32.84,22.5715,7106400.0,0.0,1.0
2009-03-31,2827,33.2,33.88,32.6,33.41,22.9633,6702000.0,0.0,1.0
2009-04-01,2828,33.03,33.93,32.59,33.78,23.2176,5483400.0,0.0,1.0
2009-04-02,2829,34.41,34.41,33.56,33.9,23.3001,6665800.0,0.0,1.0
2009-04-03,2830,33.53,33.75,32.52,33.01,22.6884,7122500.0,0.0,1.0
2009-04-06,2831,32.75,33.34,32.39,32.84,22.5715,6618900.0,0.0,1.0
2009-04-07,2832,31.82,32.14,30.91,31.88,21.9117,6031800.0,0.0,1.0
2009-04-08,2833,31.96,32.53,31.6,32.34,22.2279,5226900.0,0.0,1.0
2009-04-09,2834,33.02,33.8,32.36,32.64,22.4341,4984200.0,0.0,1.0
2009-04-13,2835,32.33,32.8,32.27,32.57,22.386,3405300.0,0.0,1.0
2009-04-14,2836,32.75,32.75,31.9775,32.15,22.0973,5248600.0,0.0,1.0
2009-04-15,2837,32.09,32.96,32.0,32.81,22.5509,6155300.0,0.0,1.0
2009-04-16,2838,32.97,33.46,32.43,33.27,22.8671,4967300.0,0.0,1.0
2009-04-17,2839,33.26,34.05,33.19,33.75,23.197,6670400.0,0.0,1.0
2009-04-20,2840,33.68,34.43,32.92,32.99,22.6746,9799300.0,0.0,1.0
2009-04-21,2841,33.42,33.68,32.74,33.34,22.9152,6409700.0,0.0,1.0
2009-04-22,2842,33.11,33.34,32.46,32.74,22.5028,11129900.0,0.0,1.0
2009-04-23,2843,32.53,32.95,32.03,32.88,22.599,8591400.0,0.0,1.0
2009-04-24,2844,33.0,33.66,32.85,33.01,22.6884,8328100.0,0.0,1.0
2009-04-27,2845,32.99,33.5,32.75,33.13,22.7709,4168700.0,0.0,1.0
2009-04-28,2846,33.07,33.69,32.96,33.2,22.81900000000001,7663500.0,0.0,1.0
2009-04-29,2847,33.18,33.73,32.96,33.36,22.9289,1659200.0,0.0,1.0
2009-04-30,2848,33.6,33.88,32.83,32.92,22.6265,2277400.0,0.0,1.0
2009-05-01,2849,32.92,33.58,32.62,33.49,23.0183,5411900.0,0.0,1.0
2009-05-04,2850,33.42,33.99,33.27,33.81,23.2382,5363100.0,0.0,1.0
2009-05-05,2851,34.5,34.79,33.95,34.54,23.74,8330900.0,0.0,1.0
2009-05-06,2852,35.01,35.23,34.06,34.43,23.6644,5696700.0,0.0,1.0
2009-05-07,2853,34.73,35.96,34.53,35.85,24.6404,11236400.0,0.0,1.0
2009-05-08,2854,36.32,36.65,35.75,35.95,24.7091,7172300.0,0.0,1.0
2009-05-11,2855,35.62,35.89,35.04,35.35,24.2967,6339100.0,0.0,1.0
2009-05-12,2856,35.6,36.27,35.31,35.9,24.6747,6427600.0,0.0,1.0
2009-05-13,2857,35.08,36.05,34.81,35.15,24.496,6042000.0,0.49,1.0
2009-05-14,2858,35.22,35.44,35.0,35.12,24.4751,4647400.0,0.0,1.0
2009-05-15,2859,35.1,35.17,34.05,34.17,23.8131,6176500.0,0.0,1.0
2009-05-18,2860,34.42,34.75,34.01,34.67,24.1615,5553400.0,0.0,1.0
2009-05-19,2861,34.81,34.85,34.34,34.53,24.064,4369900.0,0.0,1.0
2009-05-20,2862,34.86,35.23,34.5,34.73,24.2033,4780800.0,0.0,1.0
2009-05-21,2863,35.12,35.12,34.18,34.62,24.1267,5217100.0,0.0,1.0
2009-05-22,2864,34.63,34.77,34.14,34.34,23.9315,3339200.0,0.0,1.0
2009-05-26,2865,34.23,34.92,34.05,34.85,24.287,3952900.0,0.0,1.0
2009-05-27,2866,34.84,35.03,33.58,33.67,23.4646,5193700.0,0.0,1.0
2009-05-28,2867,33.67,34.12,33.57,33.78,23.5413,4498700.0,0.0,1.0
2009-05-29,2868,33.85,34.6,33.6,34.57,24.0918,4873200.0,0.0,1.0
2009-06-01,2869,34.89,35.06,34.28,34.65,24.1476,5319700.0,0.0,1.0
2009-06-02,2870,34.5,35.34,34.4,35.05,24.4263,5291500.0,0.0,1.0
2009-06-03,2871,34.75,34.87,34.3,34.6,24.1127,5278000.0,0.0,1.0
2009-06-04,2872,34.65,34.84,34.0,34.38,23.9594,4666600.0,0.0,1.0
2009-06-05,2873,34.54,34.81,33.97,34.77,24.2312,5526000.0,0.0,1.0
2009-06-08,2874,34.8,34.81,33.7,34.1,23.7643,5648700.0,0.0,1.0
2009-06-09,2875,33.95,34.37,33.51,33.91,23.6319,4052000.0,0.0,1.0
2009-06-10,2876,34.12,34.22,33.6,33.91,23.6319,4738700.0,0.0,1.0
2009-06-11,2877,33.94,34.9,33.94,34.38,23.9594,6347400.0,0.0,1.0
2009-06-12,2878,34.39,34.84,34.07,34.29,23.8967,5266200.0,0.0,1.0
2009-06-15,2879,33.99,33.99,32.94,32.96,22.9698,7087900.0,0.0,1.0
2009-06-16,2880,33.14,33.5298,32.78,32.98,22.9838,6471600.0,0.0,1.0
2009-06-17,2881,32.99,33.81,32.99,33.43,23.2974,5062500.0,0.0,1.0
2009-06-18,2882,33.44,34.18,33.3,33.85,23.5901,4871900.0,0.0,1.0
2009-06-19,2883,34.08,34.28,33.6,33.71,23.4925,6932400.0,0.0,1.0
2009-06-22,2884,33.4,33.4,32.78,33.22,23.151,7991300.0,0.0,1.0
2009-06-23,2885,33.25,33.76,33.15,33.56,23.388,5840100.0,0.0,1.0
2009-06-24,2886,33.68,33.97,33.36,33.61,23.4228,6134000.0,0.0,1.0
2009-06-25,2887,33.38,35.41,33.2502,35.33,24.6215,12777400.0,0.0,1.0
2009-06-26,2888,35.2,35.47,34.02,35.28,24.5866,18743900.0,0.0,1.0
2009-06-29,2889,35.3,35.3,34.53,35.03,24.4124,6993100.0,0.0,1.0
2009-06-30,2890,35.03,35.22,34.32,34.64,24.1406,6700100.0,0.0,1.0
2009-07-01,2891,34.76,35.24,34.64,34.96,24.3636,5269200.0,0.0,1.0
2009-07-02,2892,34.71,34.71,33.9,34.01,23.7016,4492900.0,0.0,1.0
2009-07-06,2893,33.68,33.97,33.265,33.57,23.3949,6241500.0,0.0,1.0
2009-07-07,2894,33.56,33.88,33.3,33.49,23.3392,6003900.0,0.0,1.0
2009-07-08,2895,33.04,33.93,33.04,33.42,23.2904,5880000.0,0.0,1.0
2009-07-09,2896,33.5,33.58,32.88,33.0,22.9977,5492500.0,0.0,1.0
2009-07-10,2897,32.85,33.92,32.75,33.32,23.2207,13989200.0,0.0,1.0
2009-07-13,2898,33.4,33.45,32.19,32.93,22.9489,13187100.0,0.0,1.0
2009-07-14,2899,32.81,33.03,32.6,32.91,22.935,9884200.0,0.0,1.0
2009-07-15,2900,33.01,33.56,32.63,33.49,23.3392,7363900.0,0.0,1.0
2009-07-16,2901,33.37,33.91,33.37,33.76,23.5273,6020100.0,0.0,1.0
2009-07-17,2902,33.71,33.73,33.22,33.53,23.3671,4388500.0,0.0,1.0
2009-07-20,2903,33.76,33.93,33.14,33.72,23.4995,6245200.0,0.0,1.0
2009-07-21,2904,34.11,34.53,33.96,34.45,24.0082,6772300.0,0.0,1.0
2009-07-22,2905,34.85,34.87,33.78,33.79,23.5483,9882600.0,0.0,1.0
2009-07-23,2906,34.06,34.54,33.8,34.28,23.8897,6543100.0,0.0,1.0
2009-07-24,2907,34.14,34.76,33.82,34.68,24.1685,7136100.0,0.0,1.0
2009-07-27,2908,34.82,35.15,34.51,35.15,24.496,4740800.0,0.0,1.0
2009-07-28,2909,35.01,35.32,34.52,35.07,24.4403,4896400.0,0.0,1.0
2009-07-29,2910,34.99,35.27,34.61,34.9,24.3218,4125500.0,0.0,1.0
2009-07-30,2911,35.22,35.65,34.91,35.05,24.4263,4579700.0,0.0,1.0
2009-07-31,2912,35.01,35.41,34.88,34.89,24.3148,5893600.0,0.0,1.0
2009-08-03,2913,35.33,35.63,34.57,34.96,24.3636,5663700.0,0.0,1.0
2009-08-04,2914,34.89,35.06,34.61,35.06,24.4333,4364800.0,0.0,1.0
2009-08-05,2915,35.14,35.27,34.5,34.7,24.1824,4805900.0,0.0,1.0
2009-08-06,2916,34.77,34.79,34.34,34.42,23.9873,4453200.0,0.0,1.0
2009-08-07,2917,34.74,35.06,34.57,34.89,24.3148,5257700.0,0.0,1.0
2009-08-10,2918,33.975,34.0,33.68,33.83,23.5761,9479700.0,0.0,1.0
2009-08-11,2919,33.83,33.83,33.83,33.83,23.5761,6293700.0,0.0,1.0
2009-08-12,2920,33.4,33.42,32.9,32.94,23.2974,7475700.0,0.49,1.0
2009-08-13,2921,32.92,33.15,32.39,32.87,23.2479,6266000.0,0.0,1.0
2009-08-14,2922,32.91,32.97,32.4,32.88,23.2549,3817300.0,0.0,1.0
2009-08-17,2923,32.73,32.94,32.45,32.71,23.1347,4247000.0,0.0,1.0
2009-08-18,2924,32.23,33.01,32.23,32.84,23.2266,5479500.0,0.0,1.0
2009-08-19,2925,32.34,32.95,32.34,32.95,23.3044,5936900.0,0.0,1.0
2009-08-20,2926,33.16,33.27,32.82,33.15,23.4459,4443900.0,0.0,1.0
2009-08-21,2927,33.2,33.84,33.2,33.45,23.6581,5728300.0,0.0,1.0
2009-08-24,2928,33.57,33.9,33.38,33.73,23.8561,5603000.0,0.0,1.0
2009-08-25,2929,33.76,34.15,33.73,33.87,23.9551,5369100.0,0.0,1.0
2009-08-26,2930,33.74,34.15,33.6,33.65,23.7995,5392700.0,0.0,1.0
2009-08-27,2931,33.58,34.15,33.58,34.11,24.1249,6200500.0,0.0,1.0
2009-08-28,2932,34.11,34.22,33.3801,33.6,23.7642,8660000.0,0.0,1.0
2009-08-31,2933,33.31,33.81,33.31,33.46,23.6651,5819100.0,0.0,1.0
2009-09-01,2934,33.3,33.55,32.74,32.88,23.2549,7084900.0,0.0,1.0
2009-09-02,2935,32.75,33.11,32.65,33.01,23.3469,7142100.0,0.0,1.0
2009-09-03,2936,32.97,33.03,32.47,32.64,23.0852,5838000.0,0.0,1.0
2009-09-04,2937,32.68,33.0,32.64,33.0,23.3398,4159700.0,0.0,1.0
2009-09-08,2938,33.2,33.25,32.64,32.83,23.2196,5376900.0,0.0,1.0
2009-09-09,2939,32.77,33.15,32.72,32.88,23.2549,6195400.0,0.0,1.0
2009-09-10,2940,33.17,33.195,32.75,32.82,23.2125,5942400.0,0.0,1.0
2009-09-11,2941,32.89,33.125,32.665,32.82,23.2125,7281700.0,0.0,1.0
2009-09-14,2942,33.32,33.33,33.01,33.13,23.4317,8473700.0,0.0,1.0
2009-09-15,2943,33.23,33.23,32.71,32.75,23.163,7476100.0,0.0,1.0
2009-09-16,2944,32.86,32.95,32.68,32.87,23.2479,6122600.0,0.0,1.0
2009-09-17,2945,32.8,32.96,32.68,32.74,23.1559,7067600.0,0.0,1.0
2009-09-18,2946,33.0,33.07,32.83,32.86,23.2408,9311900.0,0.0,1.0
2009-09-21,2947,33.0,33.03,32.75,32.86,23.2408,4607600.0,0.0,1.0
2009-09-22,2948,32.94,33.0165,32.69,32.77,23.1771,6737400.0,0.0,1.0
2009-09-23,2949,32.85,32.85,32.45,32.45,22.9508,6428500.0,0.0,1.0
2009-09-24,2950,32.57,32.73,32.3,32.4,22.9154,6937400.0,0.0,1.0
2009-09-25,2951,32.38,32.87,32.38,32.68,23.1135,6311700.0,0.0,1.0
2009-09-28,2952,32.73,33.35,32.73,33.04,23.3681,5600500.0,0.0,1.0
2009-09-29,2953,33.18,33.55,32.92,33.42,23.6369,9277100.0,0.0,1.0
2009-09-30,2954,33.52,33.52,32.75,33.03,23.361,6579000.0,0.0,1.0
2009-10-01,2955,32.97,33.03,32.6,32.65,23.0923,6639300.0,0.0,1.0
2009-10-02,2956,32.5,32.655,32.3,32.51,22.9932,5759000.0,0.0,1.0
2009-10-05,2957,32.61,32.66,32.27,32.47,22.965,5052900.0,0.0,1.0
2009-10-06,2958,32.65,33.18,32.52,33.02,23.3539,4829000.0,0.0,1.0
2009-10-07,2959,33.0,33.12,32.85,33.12,23.4247,5456500.0,0.0,1.0
2009-10-08,2960,33.23,33.52,33.19,33.36,23.5944,5007700.0,0.0,1.0
2009-10-09,2961,33.39,33.89,33.14,33.78,23.8915,5442700.0,0.0,1.0
2009-10-12,2962,33.9,34.06,33.75,33.87,23.9551,4233800.0,0.0,1.0
2009-10-13,2963,33.81,33.85,33.3,33.36,23.5944,5376800.0,0.0,1.0
2009-10-14,2964,33.59,34.08,33.38,33.92,23.9905,6773600.0,0.0,1.0
2009-10-15,2965,33.79,34.51,33.75,34.5,24.4007,6888400.0,0.0,1.0
2009-10-16,2966,34.26,34.58,34.26,34.44,24.3583,6747500.0,0.0,1.0
2009-10-19,2967,34.72,35.55,34.56,35.28,24.9524,9515500.0,0.0,1.0
2009-10-20,2968,35.19,35.63,34.84,35.24,24.9241,12117400.0,0.0,1.0
2009-10-21,2969,35.4,35.51,33.48,33.66,23.8066,17840300.0,0.0,1.0
2009-10-22,2970,33.97,34.13,33.45,34.1,24.1178,10035000.0,0.0,1.0
2009-10-23,2971,34.23,34.28,33.8,33.96,24.0188,7867500.0,0.0,1.0
2009-10-26,2972,34.05,34.4,33.73,33.91,23.9834,8003700.0,0.0,1.0
2009-10-27,2973,34.0,34.43,33.88,34.18,24.1744,6637400.0,0.0,1.0
2009-10-28,2974,34.16,34.37,34.0,34.0,24.0471,7898000.0,0.0,1.0
2009-10-29,2975,34.15,34.15,33.7,34.14,24.1461,7201100.0,0.0,1.0
2009-10-30,2976,34.07,34.33,33.7,34.01,24.0541,8669400.0,0.0,1.0
2009-11-02,2977,34.19,34.19,33.82,34.05,24.0824,7000200.0,0.0,1.0
2009-11-03,2978,33.9,34.0,33.382,33.54,23.7217,7223300.0,0.0,1.0
2009-11-04,2979,33.82,34.38,33.6525,33.98,24.0329,5766000.0,0.0,1.0
2009-11-05,2980,34.14,34.6,34.01,34.43,24.3512,4852300.0,0.0,1.0
2009-11-06,2981,34.39,34.53,34.16,34.5,24.4007,9027300.0,0.0,1.0
2009-11-09,2982,34.5,34.5,34.5,34.5,24.4007,5819100.0,0.0,1.0
2009-11-10,2983,34.75,35.34,34.69,35.25,25.2777,6043400.0,0.49,1.0
2009-11-11,2984,35.31,35.4,34.86,35.19,25.2347,6164200.0,0.0,1.0
2009-11-12,2985,35.02,35.4,34.9115,34.98,25.0841,5226600.0,0.0,1.0
2009-11-13,2986,35.09,35.52,34.95,35.36,25.3566,5019100.0,0.0,1.0
2009-11-16,2987,35.39,36.06,35.25,35.89,25.7367,7371200.0,0.0,1.0
2009-11-17,2988,35.89,35.95,35.58,35.94,25.7725,4780700.0,0.0,1.0
2009-11-18,2989,36.0,36.22,35.53,36.21,25.9661,5744200.0,0.0,1.0
2009-11-19,2990,36.07,36.21,35.26,36.12,25.9016,7071700.0,0.0,1.0
2009-11-20,2991,36.04,36.7,36.0,36.59,26.2386,7319900.0,0.0,1.0
2009-11-23,2992,36.63,37.18,36.63,36.8,26.3892,5129200.0,0.0,1.0
2009-11-24,2993,36.89,37.4,36.72,37.3,26.7478,8028200.0,0.0,1.0
2009-11-25,2994,37.44,37.54,37.2,37.4,26.8195,5113500.0,0.0,1.0
2009-11-27,2995,36.91,37.04,36.46,36.9,26.4609,3040500.0,0.0,1.0
2009-11-30,2996,36.98,37.0,36.57,36.73,26.339,6680700.0,0.0,1.0
2009-12-01,2997,36.82,37.48,36.67,37.09,26.5972,6762200.0,0.0,1.0
2009-12-02,2998,37.09,37.66,37.09,37.51,26.8984,6618300.0,0.0,1.0
2009-12-03,2999,37.49,37.99,37.31,37.4,26.8195,6362400.0,0.0,1.0
2009-12-04,3000,37.76,38.0,37.25,37.39,26.8123,5001100.0,0.0,1.0
2009-12-07,3001,37.43,37.78,37.03,37.07,26.5828,5677300.0,0.0,1.0
2009-12-08,3002,37.02,37.33,36.44,36.51,26.1813,7180900.0,0.0,1.0
2009-12-09,3003,36.5,36.75,36.23,36.56,26.2171,6549500.0,0.0,1.0
2009-12-10,3004,35.79,36.04,34.76,35.02,25.1128,21928200.0,0.0,1.0
2009-12-11,3005,35.24,35.39,34.47,34.97,25.0769,12559000.0,0.0,1.0
2009-12-14,3006,35.24,35.81,35.11,35.62,25.54300000000001,6539000.0,0.0,1.0
2009-12-15,3007,35.58,35.79,35.23,35.75,25.6363,6072400.0,0.0,1.0
2009-12-16,3008,35.94,36.06,35.71,35.71,25.6076,7272500.0,0.0,1.0
2009-12-17,3009,35.68,35.76,35.32,35.45,25.4211,5318600.0,0.0,1.0
2009-12-18,3010,35.48,35.78,35.33,35.72,25.6148,9838300.0,0.0,1.0
2009-12-21,3011,35.85,36.525,35.72,36.24,25.9876,6356000.0,0.0,1.0
2009-12-22,3012,36.43,36.68,35.96,36.11,25.8944,5231200.0,0.0,1.0
2009-12-23,3013,36.35,36.47,35.89,35.94,25.7725,5578300.0,0.0,1.0
2009-12-24,3014,36.0,36.1,35.8,36.08,25.8729,1410500.0,0.0,1.0
2009-12-28,3015,36.19,36.35,35.99,36.21,25.9661,3104000.0,0.0,1.0
2009-12-29,3016,36.21,36.36,35.99,36.01,25.8227,3629300.0,0.0,1.0
2009-12-30,3017,35.85,36.17,35.82,36.17,25.9374,3457600.0,0.0,1.0
2009-12-31,3018,36.1,36.15,35.66,35.71,25.6076,4821400.0,0.0,1.0
2010-01-04,3019,35.77,36.35,35.77,35.82,25.6865,6067100.0,0.0,1.0
2010-01-05,3020,35.9,35.91,34.93,35.19,25.2347,7517100.0,0.0,1.0
2010-01-06,3021,35.24,35.53,35.24,35.45,25.4211,7661600.0,0.0,1.0
2010-01-07,3022,35.49,35.56,35.15,35.27,25.2921,5997100.0,0.0,1.0
2010-01-08,3023,35.28,35.28,34.84,35.0,25.0984,5624400.0,0.0,1.0
2010-01-11,3024,35.09,35.56,35.09,35.48,25.4426,4793400.0,0.0,1.0
2010-01-12,3025,35.35,35.6,35.21,35.36,25.3566,4700800.0,0.0,1.0
2010-01-13,3026,35.35,36.0,35.27,35.85,25.708,5320900.0,0.0,1.0
2010-01-14,3027,35.75,36.0,35.75,36.0,25.8155,6417300.0,0.0,1.0
2010-01-15,3028,36.0,36.11,35.43,35.82,25.6865,6519600.0,0.0,1.0
2010-01-19,3029,35.99,37.92,35.91,37.41,26.8266,17795600.0,0.0,1.0
2010-01-20,3030,37.4,37.72,36.66,37.3,26.7478,8851200.0,0.0,1.0
2010-01-21,3031,37.27,37.48,36.0,36.11,25.8944,11022600.0,0.0,1.0
2010-01-22,3032,36.09,36.41,35.46,35.52,25.4713,7247500.0,0.0,1.0
2010-01-25,3033,35.85,36.02,35.53,35.75,25.6363,6499400.0,0.0,1.0
2010-01-26,3034,35.96,36.235,35.77,36.16,25.9303,7128400.0,0.0,1.0
2010-01-27,3035,36.16,36.42,35.9,36.39,26.0952,7009700.0,0.0,1.0
2010-01-28,3036,35.91,36.01,35.27,35.75,25.6363,9423500.0,0.0,1.0
2010-01-29,3037,35.94,35.94,35.13,35.2,25.2419,9281900.0,0.0,1.0
2010-02-01,3038,35.36,35.69,34.85,35.0,25.0984,6767300.0,0.0,1.0
2010-02-02,3039,35.0,35.75,34.9,35.62,25.54300000000001,6573500.0,0.0,1.0
2010-02-03,3040,35.45,35.45,35.07,35.31,25.3207,5493500.0,0.0,1.0
2010-02-04,3041,35.1,35.22,34.61,34.67,24.8618,8914200.0,0.0,1.0
2010-02-05,3042,34.64,34.82,33.91,34.52,24.7542,8698500.0,0.0,1.0
2010-02-08,3043,34.49,35.1299,34.22,34.78,24.9407,8301000.0,0.0,1.0
2010-02-09,3044,34.95,35.47,34.86,35.2,25.2419,10261600.0,0.0,1.0
2010-02-10,3045,34.75,34.75,33.98,34.17,24.8546,9425900.0,0.49,1.0
2010-02-11,3046,34.17,34.43,33.8198,34.17,24.8546,6352000.0,0.0,1.0
2010-02-12,3047,33.95,34.04,33.63,33.95,24.6946,8706400.0,0.0,1.0
2010-02-16,3048,34.25,34.25,33.95,34.08,24.7892,7280900.0,0.0,1.0
2010-02-17,3049,34.35,34.62,34.22,34.39,25.0147,5708100.0,0.0,1.0
2010-02-18,3050,34.39,34.59,34.26,34.41,25.0292,4158200.0,0.0,1.0
2010-02-19,3051,34.2,34.4801,33.86,34.24,24.9055,5476400.0,0.0,1.0
2010-02-22,3052,34.4,34.65,34.08,34.47,25.0728,5855000.0,0.0,1.0
2010-02-23,3053,34.36,34.47,33.85,33.96,24.7019,5547900.0,0.0,1.0
2010-02-24,3054,34.11,34.31,33.955,34.04,24.7601,4426200.0,0.0,1.0
2010-02-25,3055,33.84,34.32,33.72,34.24,24.9055,6111600.0,0.0,1.0
2010-02-26,3056,34.33,34.52,34.19,34.34,24.9783,4850100.0,0.0,1.0
2010-03-01,3057,34.5,34.55,34.275,34.32,24.9637,5714700.0,0.0,1.0
2010-03-02,3058,34.34,34.76,34.33,34.55,25.131,6316400.0,0.0,1.0
2010-03-03,3059,34.62,34.73,34.23,34.32,24.9637,5317600.0,0.0,1.0
2010-03-04,3060,34.32,34.56,34.31,34.54,25.1238,5815300.0,0.0,1.0
2010-03-05,3061,34.65,35.09,34.63,35.09,25.5238,5995400.0,0.0,1.0
2010-03-08,3062,35.11,35.11,34.81,34.93,25.4074,5672000.0,0.0,1.0
2010-03-09,3063,35.0,35.17,34.77,35.06,25.502,4805800.0,0.0,1.0
2010-03-10,3064,35.24,35.46,35.08,35.34,25.7057,5063800.0,0.0,1.0
2010-03-11,3065,35.33,35.83,35.23,35.82,26.0548,6661300.0,0.0,1.0
2010-03-12,3066,35.99,36.0,35.48,35.93,26.1348,7245200.0,0.0,1.0
2010-03-15,3067,35.91,36.04,35.76,36.01,26.193,6446000.0,0.0,1.0
2010-03-16,3068,36.09,36.22,35.89,36.18,26.3167,6635900.0,0.0,1.0
2010-03-17,3069,36.21,36.34,36.09,36.22,26.3458,6155400.0,0.0,1.0
2010-03-18,3070,36.08,36.38,36.02,36.36,26.4476,5731200.0,0.0,1.0
2010-03-19,3071,36.48,36.58,36.01,36.17,26.3094,9641300.0,0.0,1.0
2010-03-22,3072,36.17,36.82,36.12,36.54,26.5785,6691600.0,0.0,1.0
2010-03-23,3073,36.64,36.8,36.46,36.62,26.6367,6515200.0,0.0,1.0
2010-03-24,3074,36.68,36.7,36.18,36.26,26.3749,5450700.0,0.0,1.0
2010-03-25,3075,36.58,36.58,35.96,35.98,26.1712,5852200.0,0.0,1.0
2010-03-26,3076,36.04,36.04,35.4,35.42,25.7639,8199200.0,0.0,1.0
2010-03-29,3077,35.5,35.73,35.34,35.47,25.8002,6954900.0,0.0,1.0
2010-03-30,3078,35.51,35.94,35.48,35.9,26.113000000000003,7239900.0,0.0,1.0
2010-03-31,3079,35.87,36.49,35.8,36.22,26.3458,9361900.0,0.0,1.0
2010-04-01,3080,36.45,36.59,36.04,36.15,26.2948,6248100.0,0.0,1.0
2010-04-05,3081,36.35,36.97,36.2,36.55,26.5858,8196400.0,0.0,1.0
2010-04-06,3082,36.39,36.58,36.06,36.51,26.5567,7033500.0,0.0,1.0
2010-04-07,3083,36.51,36.68,36.45,36.52,26.564,9554200.0,0.0,1.0
2010-04-08,3084,36.51,36.62,36.45,36.52,26.564,6104900.0,0.0,1.0
2010-04-09,3085,36.69,36.915,36.54,36.84,26.7967,4587200.0,0.0,1.0
2010-04-12,3086,36.83,36.83,36.54,36.57,26.6003,5256400.0,0.0,1.0
2010-04-13,3087,36.57,36.96,36.5,36.92,26.8549,5788900.0,0.0,1.0
2010-04-14,3088,36.72,36.82,36.45,36.59,26.6149,7678300.0,0.0,1.0
2010-04-15,3089,36.61,36.78,36.5,36.72,26.7094,5629500.0,0.0,1.0
2010-04-16,3090,36.52,36.84,36.5,36.54,26.5785,7987600.0,0.0,1.0
2010-04-19,3091,35.95,36.62,35.75,36.58,26.6076,11600000.0,0.0,1.0
2010-04-20,3092,36.53,36.65,36.46,36.53,26.5712,7789400.0,0.0,1.0
2010-04-21,3093,36.5,36.56,35.8,36.01,26.193,11347000.0,0.0,1.0
2010-04-22,3094,35.79,35.84,35.21,35.38,25.7348,10391800.0,0.0,1.0
2010-04-23,3095,35.42,35.48,34.85,35.46,25.7929,10398900.0,0.0,1.0
2010-04-26,3096,35.48,35.7,35.25,35.32,25.6911,6419000.0,0.0,1.0
2010-04-27,3097,35.29,35.4,34.82,34.87,25.3638,7002500.0,0.0,1.0
2010-04-28,3098,35.02,35.02,34.57,34.76,25.2838,6968300.0,0.0,1.0
2010-04-29,3099,34.97,35.35,34.8276,35.04,25.4874,6256300.0,0.0,1.0
2010-04-30,3100,35.13,35.5,34.97,34.97,25.4365,6937600.0,0.0,1.0
2010-05-03,3101,35.27,35.41,35.0,35.19,25.5966,5234100.0,0.0,1.0
2010-05-04,3102,35.03,35.38,34.86,35.01,25.4656,7010800.0,0.0,1.0
2010-05-05,3103,34.96,35.37,34.86,35.08,25.5165,6713800.0,0.0,1.0
2010-05-06,3104,35.05,35.13,33.42,34.4,25.0219,12354100.0,0.0,1.0
2010-05-07,3105,34.4,34.9,34.02,34.62,25.1819,23682700.0,0.0,1.0
2010-05-10,3106,35.47,35.8,34.92,35.15,25.5675,13461100.0,0.0,1.0
2010-05-11,3107,34.98,35.54,34.95,35.28,25.662,6984800.0,0.0,1.0
2010-05-12,3108,35.07,35.07,34.47,34.78,25.6547,6697600.0,0.49,1.0
2010-05-13,3109,34.78,34.83,34.48,34.5,25.4482,5617300.0,0.0,1.0
2010-05-14,3110,34.34,34.4,33.73,33.92,25.0204,7688500.0,0.0,1.0
2010-05-17,3111,33.97,34.16,33.58,34.01,25.0868,5526900.0,0.0,1.0
2010-05-18,3112,34.25,34.415,33.61,33.62,24.7991,6693100.0,0.0,1.0
2010-05-19,3113,33.47,34.0,33.47,33.86,24.9761,9399300.0,0.0,1.0
2010-05-20,3114,33.45,33.96,33.1,33.34,24.5926,12160500.0,0.0,1.0
2010-05-21,3115,33.0,33.2,32.67,33.12,24.4303,9019400.0,0.0,1.0
2010-05-24,3116,33.01,33.41,32.9,32.98,24.327,4874600.0,0.0,1.0
2010-05-25,3117,32.63,32.81,32.02,32.75,24.1574,10079600.0,0.0,1.0
2010-05-26,3118,32.98,32.98,32.1,32.25,23.7885,12715000.0,0.0,1.0
2010-05-27,3119,32.67,32.87,32.52,32.82,24.209,6110700.0,0.0,1.0
2010-05-28,3120,32.84,33.08,32.555,32.79,24.1869,8389500.0,0.0,1.0
2010-06-01,3121,32.63,33.13,32.41,32.55,24.0098,5852100.0,0.0,1.0
2010-06-02,3122,32.76,33.22,32.62,33.21,24.4967,5509500.0,0.0,1.0
2010-06-03,3123,33.23,33.54,33.17,33.37,24.6147,5107700.0,0.0,1.0
2010-06-04,3124,33.02,33.1,32.27,32.37,23.8771,6832600.0,0.0,1.0
2010-06-07,3125,32.59,32.845,32.43,32.58,24.032,9650100.0,0.0,1.0
2010-06-08,3126,32.57,32.92,32.38,32.9,24.268,7600900.0,0.0,1.0
2010-06-09,3127,33.0,33.29,32.81,32.95,24.3049,6512400.0,0.0,1.0
2010-06-10,3128,33.35,33.92,33.1519,33.46,24.6811,7213400.0,0.0,1.0
2010-06-11,3129,33.32,33.8,33.26,33.67,24.836,5601600.0,0.0,1.0
2010-06-14,3130,34.0,34.2195,33.83,33.87,24.9835,6053200.0,0.0,1.0
2010-06-15,3131,33.95,34.42,33.76,34.39,25.3671,6373600.0,0.0,1.0
2010-06-16,3132,34.27,34.36,33.92,34.11,25.1605,7534700.0,0.0,1.0
2010-06-17,3133,34.24,34.39,33.925,34.39,25.3671,6494200.0,0.0,1.0
2010-06-18,3134,34.66,34.74,34.36,34.61,25.5293,8506400.0,0.0,1.0
2010-06-21,3135,34.76,34.85,34.515,34.66,25.5662,5373200.0,0.0,1.0
2010-06-22,3136,34.66,34.98,34.42,34.45,25.4113,5256400.0,0.0,1.0
2010-06-23,3137,34.44,34.7,34.24,34.56,25.4925,5625800.0,0.0,1.0
2010-06-24,3138,34.54,34.61,34.19,34.48,25.4335,16867500.0,0.0,1.0
2010-06-25,3139,34.32,34.35,33.86,33.94,25.0351,12710800.0,0.0,1.0
2010-06-28,3140,34.25,34.26,33.77,34.02,25.0941,8289300.0,0.0,1.0
2010-06-29,3141,33.61,33.81,33.34,33.75,24.895,8854700.0,0.0,1.0
2010-06-30,3142,33.7,34.07,33.43,33.5,24.7106,7742600.0,0.0,1.0
2010-07-01,3143,33.43,33.47,32.82,33.12,24.4303,17132600.0,0.0,1.0
2010-07-02,3144,33.28,33.87,33.09,33.67,24.836,6888200.0,0.0,1.0
2010-07-06,3145,33.97,34.15,33.67,33.91,25.013,19358500.0,0.0,1.0
2010-07-07,3146,34.02,34.67,33.76,34.66,25.5662,6759500.0,0.0,1.0
2010-07-08,3147,34.83,35.19,34.75,35.18,25.9498,7511300.0,0.0,1.0
2010-07-09,3148,35.14,35.18,34.88,35.17,25.9424,5367200.0,0.0,1.0
2010-07-12,3149,35.1,35.19,34.94,35.13,25.9129,4361700.0,0.0,1.0
2010-07-13,3150,35.27,35.6,35.17,35.21,25.9719,7524300.0,0.0,1.0
2010-07-14,3151,35.15,35.2,34.7,34.8,25.6695,11570800.0,0.0,1.0
2010-07-15,3152,34.86,35.24,34.62,35.17,25.9424,7380700.0,0.0,1.0
2010-07-16,3153,35.08,35.12,34.58,34.64,25.5515,7637500.0,0.0,1.0
2010-07-19,3154,34.76,35.08,34.76,34.99,25.8096,4951300.0,0.0,1.0
2010-07-20,3155,34.77,35.31,34.45,35.26,26.0088,6926100.0,0.0,1.0
2010-07-21,3156,35.43,35.43,34.72,34.95,25.7801,6809100.0,0.0,1.0
2010-07-22,3157,35.85,35.85,35.0,35.15,25.9277,8888000.0,0.0,1.0
2010-07-23,3158,35.22,35.24,34.5701,35.17,25.9424,6328000.0,0.0,1.0
2010-07-26,3159,35.2,35.52,35.17,35.44,26.1416,4673400.0,0.0,1.0
2010-07-27,3160,35.63,36.13,35.25,36.1,26.6284,11840500.0,0.0,1.0
2010-07-28,3161,36.02,36.2,35.53,35.67,26.3112,10420300.0,0.0,1.0
2010-07-29,3162,35.76,35.99,35.2,35.45,26.149,7269400.0,0.0,1.0
2010-07-30,3163,35.26,35.82,35.05,35.6,26.2596,7662800.0,0.0,1.0
2010-08-02,3164,35.84,36.39,35.75,36.34,26.8054,6991400.0,0.0,1.0
2010-08-03,3165,36.43,36.66,36.28,36.58,26.9825,5950300.0,0.0,1.0
2010-08-04,3166,36.47,36.82,36.22,36.78,27.13,6623300.0,0.0,1.0
2010-08-05,3167,36.59,36.88,36.46,36.85,27.1816,3620200.0,0.0,1.0
2010-08-06,3168,36.6,36.89,36.39,36.87,27.1964,4711800.0,0.0,1.0
2010-08-09,3169,36.98,37.01,36.87,36.96,27.2628,5664200.0,0.0,1.0
2010-08-10,3170,36.81,37.92,36.81,37.77,27.8603,11213900.0,0.0,1.0
2010-08-11,3171,36.81,37.26,36.57,36.71,27.4398,9675700.0,0.49,1.0
2010-08-12,3172,36.42,36.87,36.23,36.6,27.3576,7401800.0,0.0,1.0
2010-08-13,3173,35.39,35.84,35.23,35.7,26.6849,13055600.0,0.0,1.0
2010-08-16,3174,35.38,35.73,35.23,35.57,26.5877,5217800.0,0.0,1.0
2010-08-17,3175,35.08,35.15,34.45,34.75,25.9748,14976600.0,0.0,1.0
2010-08-18,3176,34.81,34.97,34.64,34.78,25.9972,23704700.0,0.0,1.0
2010-08-19,3177,34.59,34.69,34.18,34.28,25.6234,10578400.0,0.0,1.0
2010-08-20,3178,34.1,34.23,33.73,34.17,25.5412,9187800.0,0.0,1.0
2010-08-23,3179,34.35,34.54,34.25,34.31,25.6459,13820500.0,0.0,1.0
2010-08-24,3180,34.04,34.22,33.85,33.97,25.3917,6426300.0,0.0,1.0
2010-08-25,3181,33.84,34.5,33.8,34.31,25.6459,7127500.0,0.0,1.0
2010-08-26,3182,34.46,34.46,33.84,33.95,25.3768,6380900.0,0.0,1.0
2010-08-27,3183,34.11,34.25,33.72,34.2,25.5636,5809800.0,0.0,1.0
2010-08-30,3184,34.23,34.28,33.95,33.97,25.3917,4576400.0,0.0,1.0
2010-08-31,3185,33.95,34.04,33.535,33.59,25.1077,9329300.0,0.0,1.0
2010-09-01,3186,34.11,34.33,33.83,34.2,25.5636,8004300.0,0.0,1.0
2010-09-02,3187,34.16,34.42,34.117,34.31,25.6459,4316400.0,0.0,1.0
2010-09-03,3188,34.3,34.71,34.28,34.66,25.9075,4450600.0,0.0,1.0
2010-09-07,3189,34.71,34.78,34.43,34.54,25.8178,4009800.0,0.0,1.0
2010-09-08,3190,34.81,34.9,34.59,34.81,26.0196,3587400.0,0.0,1.0
2010-09-09,3191,34.9,35.44,34.77,35.17,26.2887,5616000.0,0.0,1.0
2010-09-10,3192,35.45,35.52,35.2,35.43,26.483,4600900.0,0.0,1.0
2010-09-13,3193,35.73,35.74,35.32,35.53,26.5578,3943200.0,0.0,1.0
2010-09-14,3194,35.57,35.85,35.45,35.65,26.6475,6042800.0,0.0,1.0
2010-09-15,3195,35.64,35.84,35.51,35.7,26.6849,4535900.0,0.0,1.0
2010-09-16,3196,35.58,35.76,35.3772,35.67,26.6624,4461200.0,0.0,1.0
2010-09-17,3197,35.84,35.97,35.58,35.79,26.7521,4899300.0,0.0,1.0
2010-09-20,3198,35.92,36.39,35.81,36.35,27.1707,5525700.0,0.0,1.0
2010-09-21,3199,36.38,36.49,36.08,36.33,27.1558,4736600.0,0.0,1.0
2010-09-22,3200,36.22,36.71,35.99,36.05,26.9465,6931300.0,0.0,1.0
2010-09-23,3201,35.93,36.01,35.75,35.86,26.8045,4437700.0,0.0,1.0
2010-09-24,3202,36.21,36.28,36.01,36.1,26.9838,6132600.0,0.0,1.0
2010-09-27,3203,36.15,36.18,35.94,35.94,26.8643,4638800.0,0.0,1.0
2010-09-28,3204,36.05,36.39,35.9,36.39,27.2006,5453300.0,0.0,1.0
2010-09-29,3205,36.31,36.715,36.1,36.53,27.3053,6778900.0,0.0,1.0
2010-09-30,3206,36.59,36.9,36.33,36.53,27.3053,6022100.0,0.0,1.0
2010-10-01,3207,36.68,36.77,36.42,36.54,27.3127,5212600.0,0.0,1.0
2010-10-04,3208,36.54,36.56,36.13,36.3,27.1333,4680800.0,0.0,1.0
2010-10-05,3209,36.59,37.0,36.44,36.89,27.5744,5468200.0,0.0,1.0
2010-10-06,3210,36.82,37.17,36.71,37.17,27.7836,4981700.0,0.0,1.0
2010-10-07,3211,37.28,37.4,36.94,37.08,27.7164,3782400.0,0.0,1.0
2010-10-08,3212,37.13,37.24,36.91,37.07,27.7089,4539400.0,0.0,1.0
2010-10-11,3213,37.15,37.33,37.09,37.22,27.821,3152400.0,0.0,1.0
2010-10-12,3214,37.13,37.5,37.0,37.36,27.9257,3733900.0,0.0,1.0
2010-10-13,3215,37.5,37.5,37.26,37.4,27.9556,5772600.0,0.0,1.0
2010-10-14,3216,37.4,37.58,37.31,37.42,27.9705,4715900.0,0.0,1.0
2010-10-15,3217,37.67,37.9,37.49,37.76,28.2247,6742200.0,0.0,1.0
2010-10-18,3218,37.91,38.08,37.67,38.06,28.4489,10374700.0,0.0,1.0
2010-10-19,3219,37.68,37.84,37.215,37.45,27.9929,6696200.0,0.0,1.0
2010-10-20,3220,35.53,36.15,35.45,36.01,26.9166,18242000.0,0.0,1.0
2010-10-21,3221,35.86,35.93,35.23,35.5,26.5354,10773400.0,0.0,1.0
2010-10-22,3222,35.55,35.73,35.25,35.4,26.4606,6708900.0,0.0,1.0
2010-10-25,3223,35.48,35.61,35.06,35.13,26.2588,8500300.0,0.0,1.0
2010-10-26,3224,35.04,35.19,34.82,34.9,26.0869,7667800.0,0.0,1.0
2010-10-27,3225,34.72,34.98,34.68,34.94,26.1168,7163400.0,0.0,1.0
2010-10-28,3226,34.98,35.26,34.86,35.15,26.2737,6306900.0,0.0,1.0
2010-10-29,3227,35.13,35.2,34.86,35.2,26.3111,6326300.0,0.0,1.0
2010-11-01,3228,35.26,35.36,34.88,35.04,26.1915,6940900.0,0.0,1.0
2010-11-02,3229,35.24,35.4,35.07,35.38,26.4457,5843000.0,0.0,1.0
2010-11-03,3230,35.42,35.58,35.16,35.57,26.5877,4714800.0,0.0,1.0
2010-11-04,3231,35.78,35.83,35.46,35.76,26.7297,19563700.0,0.0,1.0
2010-11-05,3232,35.82,35.93,35.51,35.72,26.6998,19177000.0,0.0,1.0
2010-11-08,3233,35.78,35.88,35.62,35.73,26.7073,18223300.0,0.0,1.0
2010-11-09,3234,35.82,35.87,35.65,35.77,26.7372,6519300.0,0.0,1.0
2010-11-10,3235,35.27,35.27,34.8,34.99,26.5204,6763500.0,0.49,1.0
2010-11-11,3236,34.87,35.27,34.84,34.95,26.4901,5473000.0,0.0,1.0
2010-11-12,3237,34.87,34.93,34.73,34.76,26.3461,5527300.0,0.0,1.0
2010-11-15,3238,34.76,34.89,34.47,34.63,26.2476,5821300.0,0.0,1.0
2010-11-16,3239,34.47,34.76,34.28,34.43,26.096,5934500.0,0.0,1.0
2010-11-17,3240,34.44,34.68,34.32,34.4,26.0732,4032200.0,0.0,1.0
2010-11-18,3241,34.56,34.89,34.55,34.79,26.3688,4699100.0,0.0,1.0
2010-11-19,3242,34.8,34.81,34.46,34.5,26.149,5109800.0,0.0,1.0
2010-11-22,3243,34.51,34.56,34.16,34.55,26.1869,4272000.0,0.0,1.0
2010-11-23,3244,34.35,34.36,34.07,34.08,25.8307,5980400.0,0.0,1.0
2010-11-24,3245,34.16,34.32,34.12,34.22,25.9368,5834300.0,0.0,1.0
2010-11-26,3246,34.18,34.18,34.0,34.07,25.8231,2807800.0,0.0,1.0
2010-11-29,3247,33.98,34.04,33.55,33.89,25.6867,5126700.0,0.0,1.0
2010-11-30,3248,33.7,33.89,33.52,33.66,25.5124,6176200.0,0.0,1.0
2010-12-01,3249,33.97,34.32,33.91,34.26,25.9671,6252100.0,0.0,1.0
2010-12-02,3250,34.33,34.5,34.16,34.25,25.9595,8527100.0,0.0,1.0
2010-12-03,3251,34.24,34.32,33.92,34.14,25.8762,16305000.0,0.0,1.0
2010-12-06,3252,34.06,34.19,33.96,33.97,25.7473,4658500.0,0.0,1.0
2010-12-07,3253,34.19,34.23,33.81,34.11,25.8534,15330600.0,0.0,1.0
2010-12-08,3254,34.17,34.48,34.05,34.31,26.005,4641600.0,0.0,1.0
2010-12-09,3255,34.49,35.0,34.36,34.67,26.2779,6603700.0,0.0,1.0
2010-12-10,3256,34.93,35.08,34.79,34.98,26.5128,5813300.0,0.0,1.0
2010-12-13,3257,35.07,35.2,34.92,34.97,26.5053,8563300.0,0.0,1.0
2010-12-14,3258,35.13,35.19,34.93,35.09,26.5962,2003085.0,0.0,1.0
2010-12-15,3259,34.97,35.29,34.96,35.13,26.6265,2194808.0,0.0,1.0
2010-12-16,3260,35.1,35.25,34.9,35.18,26.6644,4629000.0,0.0,1.0
2010-12-17,3261,35.14,35.16,34.8,35.01,26.5356,8493700.0,0.0,1.0
2010-12-20,3262,35.05,35.26,34.98,35.04,26.5583,4608400.0,0.0,1.0
2010-12-21,3263,35.2,35.32,35.06,35.14,26.6341,3793700.0,0.0,1.0
2010-12-22,3264,35.14,35.24,34.96,35.2,26.6796,2846700.0,0.0,1.0
2010-12-23,3265,35.22,35.4,35.2,35.23,26.7023,2913600.0,0.0,1.0
2010-12-27,3266,35.13,35.22,34.99,35.07,26.5811,2002800.0,0.0,1.0
2010-12-28,3267,35.19,35.2,35.01,35.05,26.5659,2617900.0,0.0,1.0
2010-12-29,3268,35.09,35.37,35.05,35.15,26.6417,3177400.0,0.0,1.0
2010-12-30,3269,35.1,35.2915,34.9675,35.02,26.5432,3176500.0,0.0,1.0
2010-12-31,3270,34.96,35.17,34.88,35.04,26.5583,2979600.0,0.0,1.0
2011-01-03,3271,35.17,35.27,34.99,35.0,26.528,7491700.0,0.0,1.0
2011-01-04,3272,35.02,35.1,34.95,35.03,26.5507,7729300.0,0.0,1.0
2011-01-05,3273,34.99,35.05,34.78,34.78,26.3612,11609100.0,0.0,1.0
2011-01-06,3274,34.84,35.0,34.8,34.94,26.4825,6037400.0,0.0,1.0
2011-01-07,3275,34.94,35.04,34.81,34.9,26.4522,8366900.0,0.0,1.0
2011-01-10,3276,34.8,34.9,34.47,34.49,26.1414,8807700.0,0.0,1.0
2011-01-11,3277,34.52,34.94,34.51,34.91,26.4598,11646800.0,0.0,1.0
2011-01-12,3278,35.06,35.1,34.83,35.03,26.5507,11675100.0,0.0,1.0
2011-01-13,3279,35.07,35.08,34.78,34.9,26.4522,4218000.0,0.0,1.0
2011-01-14,3280,34.88,35.01,34.63,34.91,26.4598,4993000.0,0.0,1.0
2011-01-18,3281,34.93,35.1,34.76,34.79,26.3688,6273000.0,0.0,1.0
2011-01-19,3282,34.7,34.85,34.6,34.65,26.2627,6668300.0,0.0,1.0
2011-01-20,3283,34.6,34.76,34.5,34.75,26.3385,6900400.0,0.0,1.0
2011-01-21,3284,34.93,34.98,34.76,34.76,26.3461,5620200.0,0.0,1.0
2011-01-24,3285,34.66,34.86,34.66,34.78,26.3612,12259000.0,0.0,1.0
2011-01-25,3286,34.79,34.85,34.55,34.73,26.3233,6893300.0,0.0,1.0
2011-01-26,3287,34.86,35.02,34.71,34.95,26.4901,6617200.0,0.0,1.0
2011-01-27,3288,35.01,35.61,34.97,35.47,26.8842,9754600.0,0.0,1.0
2011-01-28,3289,35.44,35.58,34.75,34.77,26.3537,17586000.0,0.0,1.0
2011-01-31,3290,34.84,34.92,34.72,34.77,26.3537,5704100.0,0.0,1.0
2011-02-01,3291,34.83,35.22,34.75,35.21,26.6872,6232300.0,0.0,1.0
2011-02-02,3292,35.18,35.51,35.09,35.42,26.8463,6754000.0,0.0,1.0
2011-02-03,3293,35.32,35.65,35.29,35.63,27.0055,20017900.0,0.0,1.0
2011-02-04,3294,35.67,35.67,35.39,35.53,26.9297,19844100.0,0.0,1.0
2011-02-07,3295,35.6,35.86,35.51,35.8,27.1343,21207700.0,0.0,1.0
2011-02-08,3296,35.87,35.92,35.75,35.84,27.1647,7706300.0,0.0,1.0
2011-02-09,3297,35.8,35.8,35.57,35.78,27.1192,6415500.0,0.0,1.0
2011-02-10,3298,35.69,35.838,35.53,35.62,26.9979,7107900.0,0.0,1.0
2011-02-11,3299,35.0,35.0,34.5,34.52,26.5356,9101700.0,0.49,1.0
2011-02-14,3300,34.57,34.655,34.49,34.56,26.5663,7215100.0,0.0,1.0
2011-02-15,3301,34.56,34.57,34.44,34.47,26.4971,6143500.0,0.0,1.0
2011-02-16,3302,34.48,34.67,34.35,34.66,26.6432,5705000.0,0.0,1.0
2011-02-17,3303,34.53,34.92,34.51,34.86,26.7969,4189000.0,0.0,1.0
2011-02-18,3304,34.8,34.86,34.54,34.6,26.5971,7277800.0,0.0,1.0
2011-02-22,3305,34.31,34.6,34.2,34.43,26.4664,7829700.0,0.0,1.0
2011-02-23,3306,34.37,34.45,34.01,34.04,26.1666,5926600.0,0.0,1.0
2011-02-24,3307,34.03,34.24,33.96,34.11,26.2204,5576500.0,0.0,1.0
2011-02-25,3308,34.13,34.17,34.0,34.09,26.205,5821400.0,0.0,1.0
2011-02-28,3309,34.24,34.56,34.15,34.56,26.5663,5853300.0,0.0,1.0
2011-03-01,3310,34.5,34.75,34.25,34.26,26.3357,4837800.0,0.0,1.0
2011-03-02,3311,34.18,34.3,34.05,34.28,26.3511,4869400.0,0.0,1.0
2011-03-03,3312,34.04,34.67,34.01,34.39,26.4356,7070700.0,0.0,1.0
2011-03-04,3313,34.44,34.7,34.4,34.6,26.5971,6903800.0,0.0,1.0
2011-03-07,3314,34.61,34.775,34.5,34.66,26.6432,7097800.0,0.0,1.0
2011-03-08,3315,34.67,35.1,34.57,34.98,26.8892,6907800.0,0.0,1.0
2011-03-09,3316,34.91,35.18,34.86,35.09,26.9737,4693100.0,0.0,1.0
2011-03-10,3317,35.1,35.2,34.74,34.77,26.7277,5660700.0,0.0,1.0
2011-03-11,3318,34.89,35.0,34.7,34.86,26.7969,5137800.0,0.0,1.0
2011-03-14,3319,34.69,34.89,34.56,34.73,26.697,11484600.0,0.0,1.0
2011-03-15,3320,34.16,34.35,34.0,34.1,26.2127,7572000.0,0.0,1.0
2011-03-16,3321,34.1,34.1,33.46,33.63,25.8514,8771200.0,0.0,1.0
2011-03-17,3322,33.86,34.28,33.86,34.13,26.2358,16946300.0,0.0,1.0
2011-03-18,3323,34.48,34.52,34.22,34.48,26.5048,6271000.0,0.0,1.0
2011-03-21,3324,34.75,34.75,34.37,34.38,26.428,4656600.0,0.0,1.0
2011-03-22,3325,34.56,34.75,34.5,34.57,26.574,3995800.0,0.0,1.0
2011-03-23,3326,34.48,34.52,34.17,34.36,26.4126,3677300.0,0.0,1.0
2011-03-24,3327,34.44,34.6971,34.3216,34.6,26.5971,3466800.0,0.0,1.0
2011-03-25,3328,34.59,34.705,34.45,34.48,26.5048,4750700.0,0.0,1.0
2011-03-28,3329,34.46,34.63,34.38,34.41,26.451,5009800.0,0.0,1.0
2011-03-29,3330,34.38,34.71,34.33,34.68,26.6586,4423200.0,0.0,1.0
2011-03-30,3331,34.87,35.23,34.79,35.18,27.0429,6180700.0,0.0,1.0
2011-03-31,3332,35.26,35.42,35.16,35.17,27.0352,5860800.0,0.0,1.0
2011-04-01,3333,35.21,35.28,34.88,34.99,26.8969,6385300.0,0.0,1.0
2011-04-04,3334,35.12,35.18,34.97,35.03,26.9276,5073200.0,0.0,1.0
2011-04-05,3335,34.96,35.25,34.95,35.01,26.9122,4158100.0,0.0,1.0
2011-04-06,3336,35.09,35.8,35.09,35.72,27.458,10337600.0,0.0,1.0
2011-04-07,3337,35.66,35.79,35.47,35.73,27.4657,6786600.0,0.0,1.0
2011-04-08,3338,35.85,35.85,35.58,35.69,27.435,6119100.0,0.0,1.0
2011-04-11,3339,35.78,36.05,35.73,35.87,27.5733,5675500.0,0.0,1.0
2011-04-12,3340,35.76,36.04,35.715,35.84,27.5503,3578300.0,0.0,1.0
2011-04-13,3341,35.9,35.94,35.64,35.68,27.4273,5063400.0,0.0,1.0
2011-04-14,3342,35.61,35.9,35.45,35.75,27.4811,9595100.0,0.0,1.0
2011-04-15,3343,35.9,36.06,35.85,36.01,27.6809,11458100.0,0.0,1.0
2011-04-18,3344,35.69,35.84,35.37,35.62,27.3811,11452500.0,0.0,1.0
2011-04-19,3345,35.74,36.02,35.4,35.7,27.4426,6311700.0,0.0,1.0
2011-04-20,3346,35.99,36.14,35.91,36.13,27.7732,7168900.0,0.0,1.0
2011-04-21,3347,36.12,36.71,36.02,36.26,27.8731,11597500.0,0.0,1.0
2011-04-25,3348,36.24,36.28,36.09,36.23,27.8501,3641800.0,0.0,1.0
2011-04-26,3349,36.49,36.92,36.33,36.82,28.3036,6795100.0,0.0,1.0
2011-04-27,3350,36.79,37.29,36.78,37.23,28.6188,7015400.0,0.0,1.0
2011-04-28,3351,37.13,37.42,37.02,37.33,28.6956,4427300.0,0.0,1.0
2011-04-29,3352,37.31,37.46,36.98,37.01,28.4496,6882500.0,0.0,1.0
2011-05-02,3353,37.21,37.52,37.19,37.31,28.6803,8642300.0,0.0,1.0
2011-05-03,3354,37.43,38.64,37.31,38.09,29.2798,15087400.0,0.0,1.0
2011-05-04,3355,38.09,38.28,37.88,38.12,29.3029,15479900.0,0.0,1.0
2011-05-05,3356,38.04,38.33,37.94,38.19,29.3567,13642200.0,0.0,1.0
2011-05-06,3357,38.4,38.64,38.23,38.39,29.5104,9031600.0,0.0,1.0
2011-05-09,3358,38.45,38.71,38.3,38.55,29.6334,7901900.0,0.0,1.0
2011-05-10,3359,38.68,38.75,38.47,38.72,29.7641,6419100.0,0.0,1.0
2011-05-11,3360,38.2,38.69,38.11,38.28,29.8026,11591500.0,0.49,1.0
2011-05-12,3361,38.22,38.925,38.17,38.76,30.1763,8522600.0,0.0,1.0
2011-05-13,3362,38.77,39.04,38.7,38.95,30.3242,7120700.0,0.0,1.0
2011-05-16,3363,38.95,39.4,38.89,39.15,30.4799,8632400.0,0.0,1.0
2011-05-17,3364,38.97,39.21,38.87,39.13,30.4643,5197600.0,0.0,1.0
2011-05-18,3365,39.21,39.24,38.51,38.75,30.1685,12087300.0,0.0,1.0
2011-05-19,3366,38.84,38.88,38.5,38.71,30.1373,7521700.0,0.0,1.0
2011-05-20,3367,38.65,38.83,38.32,38.44,29.9271,7899800.0,0.0,1.0
2011-05-23,3368,38.12,38.5,37.99,38.4,29.896,7087500.0,0.0,1.0
2011-05-24,3369,38.37,38.75,38.25,38.61,30.0595,5281700.0,0.0,1.0
2011-05-25,3370,38.35,38.51,38.13,38.31,29.8259,7009800.0,0.0,1.0
2011-05-26,3371,38.36,38.48,37.89,37.92,29.5223,8494300.0,0.0,1.0
2011-05-27,3372,37.91,38.05,37.63,37.85,29.4678,6648300.0,0.0,1.0
2011-05-31,3373,38.14,38.5,37.88,38.48,29.9583,8168400.0,0.0,1.0
2011-06-01,3374,38.3,38.48,37.92,37.94,29.5379,6470400.0,0.0,1.0
2011-06-02,3375,37.96,37.96,37.37,37.52,29.2109,6794700.0,0.0,1.0
2011-06-03,3376,37.26,37.35,37.01,37.05,28.8449,7027500.0,0.0,1.0
2011-06-06,3377,37.05,37.24,36.96,37.12,28.8994,6607800.0,0.0,1.0
2011-06-07,3378,37.37,37.71,37.24,37.26,29.0084,5866000.0,0.0,1.0
2011-06-08,3379,37.21,37.38,37.12,37.27,29.0162,5483900.0,0.0,1.0
2011-06-09,3380,37.25,37.86,37.219,37.72,29.3666,6241900.0,0.0,1.0
2011-06-10,3381,37.71,37.79,37.04,37.05,28.8449,7572400.0,0.0,1.0
2011-06-13,3382,37.16,37.39,37.09,37.22,28.9773,6848900.0,0.0,1.0
2011-06-14,3383,37.39,37.77,37.32,37.61,29.2809,6506400.0,0.0,1.0
2011-06-15,3384,37.47,37.74,37.135,37.2,28.9617,6333500.0,0.0,1.0
2011-06-16,3385,37.08,37.29,37.0,37.22,28.9773,5911200.0,0.0,1.0
2011-06-17,3386,37.42,37.75,37.25,37.33,29.0629,7188400.0,0.0,1.0
2011-06-20,3387,37.39,37.58,37.27,37.56,29.242,12416000.0,0.0,1.0
2011-06-21,3388,37.65,37.899,37.6,37.77,29.4055,4473000.0,0.0,1.0
2011-06-22,3389,37.61,37.87,37.61,37.68,29.3354,5631300.0,0.0,1.0
2011-06-23,3390,37.5,37.61,36.8,37.19,28.9539,8335800.0,0.0,1.0
2011-06-24,3391,37.26,37.26,36.69,36.76,28.6192,6158600.0,0.0,1.0
2011-06-27,3392,36.87,37.025,36.6,36.83,28.6737,4255600.0,0.0,1.0
2011-06-28,3393,36.98,37.36,36.87,37.35,29.0785,6028100.0,0.0,1.0
2011-06-29,3394,37.53,37.53,37.14,37.27,29.0162,5658100.0,0.0,1.0
2011-06-30,3395,37.46,37.6,37.18,37.53,29.2186,7044300.0,0.0,1.0
2011-07-01,3396,37.48,37.68,37.265,37.67,29.3276,8036800.0,0.0,1.0
2011-07-05,3397,37.69,37.7,37.16,37.28,29.024,9685800.0,0.0,1.0
2011-07-06,3398,37.16,37.75,37.16,37.66,29.3199,6991700.0,0.0,1.0
2011-07-07,3399,37.9,37.9,37.63,37.85,29.4678,6109700.0,0.0,1.0
2011-07-08,3400,37.65,37.81,37.4,37.71,29.3588,4192500.0,0.0,1.0
2011-07-11,3401,37.41,37.465,37.185,37.28,29.024,4080300.0,0.0,1.0
2011-07-12,3402,37.18,37.89,37.155,37.49,29.1875,6437800.0,0.0,1.0
2011-07-13,3403,37.57,38.01,37.43,37.56,29.242,5672600.0,0.0,1.0
2011-07-14,3404,37.49,38.59,37.49,38.41,29.9038,13546700.0,0.0,1.0
2011-07-15,3405,38.56,38.56,37.89,38.33,29.8415,8511500.0,0.0,1.0
2011-07-18,3406,38.24,38.37,37.85,38.05,29.6235,6450200.0,0.0,1.0
2011-07-19,3407,38.22,38.38,37.98,38.25,29.7792,6826800.0,0.0,1.0
2011-07-20,3408,38.25,38.44,38.05,38.17,29.7169,5965200.0,0.0,1.0
2011-07-21,3409,38.31,39.78,38.31,39.32,30.6122,16441400.0,0.0,1.0
2011-07-22,3410,39.2,39.25,38.62,38.7,30.1295,7580900.0,0.0,1.0
2011-07-25,3411,38.48,38.83,38.32,38.4,29.896,5358100.0,0.0,1.0
2011-07-26,3412,38.46,38.63,38.389,38.46,29.9427,5327300.0,0.0,1.0
2011-07-27,3413,38.32,38.65,37.92,37.98,29.56900000000001,7074500.0,0.0,1.0
2011-07-28,3414,38.09,38.45,37.95,38.0,29.5846,20393200.0,0.0,1.0
2011-07-29,3415,37.79,38.56,37.52,38.3,29.8181,26942600.0,0.0,1.0
2011-08-01,3416,38.91,38.91,37.45,37.97,29.5612,19511900.0,0.0,1.0
2011-08-02,3417,37.82,37.84,37.14,37.16,28.9306,16525000.0,0.0,1.0
2011-08-03,3418,37.13,37.47,36.67,37.31,29.0474,8410600.0,0.0,1.0
2011-08-04,3419,36.92,36.92,35.84,35.84,27.9029,10905900.0,0.0,1.0
2011-08-05,3420,36.04,36.72,35.32,36.24,28.2143,15044700.0,0.0,1.0
2011-08-08,3421,35.52,36.0,34.65,34.8,27.0932,14778200.0,0.0,1.0
2011-08-09,3422,35.15,35.67,33.75,35.64,27.7472,29025000.0,0.0,1.0
2011-08-10,3423,35.22,35.6,34.4,34.49,26.8519,14628700.0,0.0,1.0
2011-08-11,3424,33.98,35.66,33.82,35.3,27.864,13633500.0,0.49,1.0
2011-08-12,3425,35.48,35.61,34.79,34.86,27.5167,11800800.0,0.0,1.0
2011-08-15,3426,35.27,35.85,35.11,35.77,28.235,11231800.0,0.0,1.0
2011-08-16,3427,35.49,35.96,35.22,35.69,28.1718,5977200.0,0.0,1.0
2011-08-17,3428,35.77,36.13,35.38,35.73,28.2034,6050800.0,0.0,1.0
2011-08-18,3429,35.13,35.35,34.69,35.01,27.6351,9590700.0,0.0,1.0
2011-08-19,3430,34.66,35.39,34.66,35.01,27.6351,7381800.0,0.0,1.0
2011-08-22,3431,35.52,35.86,35.2,35.42,27.9587,7740500.0,0.0,1.0
2011-08-23,3432,35.54,35.95,35.28,35.92,28.3534,11905400.0,0.0,1.0
2011-08-24,3433,35.91,36.43,35.77,36.39,28.7244,6038700.0,0.0,1.0
2011-08-25,3434,36.45,36.45,35.54,35.89,28.3297,6843700.0,0.0,1.0
2011-08-26,3435,35.6,36.18,34.94,35.77,28.235,7599000.0,0.0,1.0
2011-08-29,3436,36.03,36.99,36.01,36.99,29.198,6909600.0,0.0,1.0
2011-08-30,3437,36.59,37.39,36.55,37.17,29.3401,7756700.0,0.0,1.0
2011-08-31,3438,37.38,37.68,37.18,37.51,29.6084,8745900.0,0.0,1.0
2011-09-01,3439,37.57,37.85,37.05,37.13,29.3085,6322700.0,0.0,1.0
2011-09-02,3440,36.57,36.92,36.36,36.44,28.7638,7199400.0,0.0,1.0
2011-09-06,3441,35.7,36.38,35.53,36.23,28.5981,7619800.0,0.0,1.0
2011-09-07,3442,36.6,36.985,36.46,36.94,29.1585,6053200.0,0.0,1.0
2011-09-08,3443,36.89,37.44,36.65,37.01,29.2138,6645300.0,0.0,1.0
2011-09-09,3444,36.99,37.1,35.98,36.13,28.5191,9365100.0,0.0,1.0
2011-09-12,3445,35.64,36.08,35.435,36.04,28.4481,6807800.0,0.0,1.0
2011-09-13,3446,36.0,36.78,35.9,36.7,28.9691,7568400.0,0.0,1.0
2011-09-14,3447,36.82,37.54,36.55,37.17,29.3401,9023800.0,0.0,1.0
2011-09-15,3448,37.61,37.61,36.93,37.44,29.5532,8448500.0,0.0,1.0
2011-09-16,3449,37.83,37.85,37.34,37.81,29.8453,7975700.0,0.0,1.0
2011-09-19,3450,37.27,37.66,37.07,37.52,29.6163,5706700.0,0.0,1.0
2011-09-20,3451,37.59,38.36,37.4,37.87,29.8926,6242300.0,0.0,1.0
2011-09-21,3452,37.94,38.21,37.1,37.11,29.2927,7545200.0,0.0,1.0
2011-09-22,3453,36.46,36.7,36.1,36.56,28.8586,9340700.0,0.0,1.0
2011-09-23,3454,36.4,36.55,35.75,36.07,28.4718,11861900.0,0.0,1.0
2011-09-26,3455,36.4,36.67,36.15,36.64,28.9217,15018700.0,0.0,1.0
2011-09-27,3456,37.19,37.65,36.93,37.18,29.34800000000001,7601600.0,0.0,1.0
2011-09-28,3457,37.11,37.84,37.11,37.24,29.3953,7820900.0,0.0,1.0
2011-09-29,3458,37.67,38.0001,36.82,37.25,29.4032,13519500.0,0.0,1.0
2011-09-30,3459,36.96,37.5,36.875,36.97,29.1822,7368300.0,0.0,1.0
2011-10-03,3460,37.02,37.61,36.33,36.33,28.677,10378700.0,0.0,1.0
2011-10-04,3461,35.92,36.73,35.69,36.73,28.9928,10299100.0,0.0,1.0
2011-10-05,3462,36.78,37.12,36.44,37.03,29.2296,6679600.0,0.0,1.0
2011-10-06,3463,36.93,37.28,36.76,37.23,29.3874,6733300.0,0.0,1.0
2011-10-07,3464,37.54,38.25,37.37,37.92,29.9321,9975800.0,0.0,1.0
2011-10-10,3465,38.36,38.73,38.18,38.41,30.3189,5480000.0,0.0,1.0
2011-10-11,3466,38.17,38.26,37.69,37.7,29.7584,8759200.0,0.0,1.0
2011-10-12,3467,37.72,38.1,37.54,37.61,29.6874,9029300.0,0.0,1.0
2011-10-13,3468,37.9,38.14,37.43,38.0,29.9952,5861000.0,0.0,1.0
2011-10-14,3469,38.32,38.37,38.12,38.29,30.2241,4710300.0,0.0,1.0
2011-10-17,3470,38.13,38.38,37.89,37.97,29.9715,6213000.0,0.0,1.0
2011-10-18,3471,37.89,38.75,37.71,38.49,30.382,5550400.0,0.0,1.0
2011-10-19,3472,38.67,38.98,38.45,38.7,30.5478,6662100.0,0.0,1.0
2011-10-20,3473,38.52,38.86,38.02,38.61,30.4767,8612400.0,0.0,1.0
2011-10-21,3474,38.45,38.75,37.74,38.07,30.0505,11893400.0,0.0,1.0
2011-10-24,3475,37.93,38.27,37.85,38.19,30.1452,6443700.0,0.0,1.0
2011-10-25,3476,38.06,38.2,37.33,37.42,29.5374,6203700.0,0.0,1.0
2011-10-26,3477,37.78,37.79,37.16,37.5,29.6006,7208200.0,0.0,1.0
2011-10-27,3478,38.41,38.43,37.745,37.87,29.8926,9113900.0,0.0,1.0
2011-10-28,3479,38.08,38.36,37.93,38.28,30.2162,5430000.0,0.0,1.0
2011-10-31,3480,37.95,38.15,37.15,37.16,29.3322,10771300.0,0.0,1.0
2011-11-01,3481,36.78,37.74,36.65,37.22,29.3795,10497600.0,0.0,1.0
2011-11-02,3482,37.62,37.71,37.25,37.48,29.5848,5233400.0,0.0,1.0
2011-11-03,3483,37.73,38.12,37.62,38.05,30.0347,25756700.0,0.0,1.0
2011-11-04,3484,37.97,37.98,37.6,37.94,29.9479,25551000.0,0.0,1.0
2011-11-07,3485,37.8,38.4,37.64,38.35,30.2715,26566100.0,0.0,1.0
2011-11-08,3486,38.39,39.04,38.14,38.99,30.7767,6426000.0,0.0,1.0
2011-11-09,3487,38.53,38.53,37.69,37.85,29.8768,8454800.0,0.0,1.0
2011-11-10,3488,37.71,37.81,37.18,37.23,29.7742,8292800.0,0.49,1.0
2011-11-11,3489,37.6,37.92,37.54,37.85,30.27,4408400.0,0.0,1.0
2011-11-14,3490,37.62,37.77,37.44,37.65,30.1101,3990900.0,0.0,1.0
2011-11-15,3491,37.61,37.8,37.36,37.65,30.1101,4423200.0,0.0,1.0
2011-11-16,3492,37.48,37.48,36.8,36.83,29.4543,6153000.0,0.0,1.0
2011-11-17,3493,36.9,37.1,36.51,36.81,29.4383,5687500.0,0.0,1.0
2011-11-18,3494,37.0,37.04,36.655,36.89,29.5023,5101600.0,0.0,1.0
2011-11-21,3495,36.57,36.75,36.285,36.34,29.0624,5887500.0,0.0,1.0
2011-11-22,3496,36.36,36.41,36.0,36.14,28.9025,5030800.0,0.0,1.0
2011-11-23,3497,35.88,35.96,35.62,35.65,28.5106,3866100.0,0.0,1.0
2011-11-25,3498,35.56,35.69,35.46,35.58,28.4546,2364200.0,0.0,1.0
2011-11-28,3499,36.38,36.55,36.09,36.27,29.0065,6754300.0,0.0,1.0
2011-11-29,3500,36.53,36.56,36.0,36.14,28.9025,5956200.0,0.0,1.0
2011-11-30,3501,36.85,37.86,36.85,37.85,30.27,8610000.0,0.0,1.0
2011-12-01,3502,37.71,37.92,37.56,37.64,30.1021,6250200.0,0.0,1.0
2011-12-02,3503,37.81,37.89,37.35,37.37,29.8862,5497400.0,0.0,1.0
2011-12-05,3504,37.68,37.77,37.3,37.41,29.9182,6042200.0,0.0,1.0
2011-12-06,3505,37.88,39.12,37.76,38.86,31.0778,16567500.0,0.0,1.0
2011-12-07,3506,39.27,40.13,39.125,39.43,31.5336,16615300.0,0.0,1.0
2011-12-08,3507,39.4,39.48,38.8,38.89,31.1018,8934700.0,0.0,1.0
2011-12-09,3508,39.33,39.5,39.09,39.27,31.4057,6309400.0,0.0,1.0
2011-12-12,3509,39.28,39.4,38.72,38.99,31.1817,4764500.0,0.0,1.0
2011-12-13,3510,39.05,40.24,39.05,39.65,31.7096,11747800.0,0.0,1.0
2011-12-14,3511,39.61,40.48,39.51,40.04,32.0215,12965800.0,0.0,1.0
2011-12-15,3512,40.43,41.37,40.34,41.22,32.9652,13059100.0,0.0,1.0
2011-12-16,3513,41.43,41.43,40.44,40.53,32.4133,12555400.0,0.0,1.0
2011-12-19,3514,40.79,41.43,40.61,40.74,32.5813,6979300.0,0.0,1.0
2011-12-20,3515,41.155,41.18,40.74,41.12,32.8852,8060000.0,0.0,1.0
2011-12-21,3516,41.18,41.57,41.1,41.57,33.2451,5994000.0,0.0,1.0
2011-12-22,3517,41.77,41.86,41.28,41.46,33.1571,4904000.0,0.0,1.0
2011-12-23,3518,41.61,41.71,41.27,41.64,33.301,6535300.0,0.0,1.0
2011-12-27,3519,41.47,41.88,41.45,41.75,33.389,3094400.0,0.0,1.0
2011-12-28,3520,41.77,41.85,41.22,41.3,33.0291,3230700.0,0.0,1.0
2011-12-29,3521,41.44,41.66,41.42,41.5,33.1891,4186400.0,0.0,1.0
2011-12-30,3522,41.49,41.92,41.47,41.56,33.2371,4391600.0,0.0,1.0
2012-01-03,3523,41.95,42.03,41.66,41.8,33.429,6905200.0,0.0,1.0
2012-01-04,3524,41.85,41.85,40.67,40.71,32.5573,10240800.0,0.0,1.0
2012-01-05,3525,39.43,40.37,39.25,40.3,32.2294,14691100.0,0.0,1.0
2012-01-06,3526,39.97,40.21,39.81,39.88,31.8935,6329600.0,0.0,1.0
2012-01-09,3527,39.94,39.94,39.6,39.81,31.8375,12353900.0,0.0,1.0
2012-01-10,3528,40.11,40.55,40.07,40.33,32.2534,6838800.0,0.0,1.0
2012-01-11,3529,40.1,40.18,39.82,39.98,31.9735,5085900.0,0.0,1.0
2012-01-12,3530,39.98,40.26,39.98,40.18,32.1334,4299500.0,0.0,1.0
2012-01-13,3531,39.96,40.06,39.65,39.94,31.9415,4420100.0,0.0,1.0
2012-01-17,3532,40.16,40.405,40.0,40.03,32.0135,5899600.0,0.0,1.0
2012-01-18,3533,40.06,40.37,40.05,40.18,32.1334,5173700.0,0.0,1.0
2012-01-19,3534,40.28,40.39,40.07,40.17,32.1254,7180500.0,0.0,1.0
2012-01-20,3535,40.22,40.32,39.71,39.81,31.8375,8713700.0,0.0,1.0
2012-01-23,3536,39.85,39.87,39.19,39.4,31.5096,9629000.0,0.0,1.0
2012-01-24,3537,39.31,39.64,39.3,39.61,31.6776,5868400.0,0.0,1.0
2012-01-25,3538,39.55,39.97,39.22,39.89,31.9015,5893300.0,0.0,1.0
2012-01-26,3539,39.91,40.02,39.34,39.44,31.5416,8690300.0,0.0,1.0
2012-01-27,3540,39.49,39.5,39.01,39.2,31.3497,6763100.0,0.0,1.0
2012-01-30,3541,39.05,39.455,38.93,39.25,31.3897,26016300.0,0.0,1.0
2012-01-31,3542,39.82,39.84,39.35,39.74,31.7815,13418400.0,0.0,1.0
2012-02-01,3543,39.82,40.11,39.73,39.8,31.8295,7765400.0,0.0,1.0
2012-02-02,3544,39.93,40.0,39.25,39.6,31.6696,6862800.0,0.0,1.0
2012-02-03,3545,39.35,39.7,39.35,39.51,31.5976,5911000.0,0.0,1.0
2012-02-06,3546,39.58,39.73,39.39,39.645,31.7056,7081300.0,0.0,1.0
2012-02-07,3547,39.57,39.67,39.37,39.5,31.5896,5838600.0,0.0,1.0
2012-02-08,3548,39.48,39.85,39.41,39.78,31.8135,7530400.0,0.0,1.0
2012-02-09,3549,39.74,39.83,39.46,39.52,31.6056,31139800.0,0.0,1.0
2012-02-10,3550,39.41,39.4198,39.1,39.31,31.4377,6938600.0,0.0,1.0
2012-02-13,3551,39.1,39.17,38.78,38.85,31.4617,4656400.0,0.49,1.0
2012-02-14,3552,38.6,38.71,38.3,38.49,31.1701,5989700.0,0.0,1.0
2012-02-15,3553,38.65,38.75,38.41,38.57,31.2349,4462100.0,0.0,1.0
2012-02-16,3554,38.57,38.74,38.41,38.72,31.3564,3825300.0,0.0,1.0
2012-02-17,3555,38.9,39.3,38.76,39.26,31.7937,7182600.0,0.0,1.0
2012-02-21,3556,39.4,39.4,38.71,38.75,31.3807,6858500.0,0.0,1.0
2012-02-22,3557,38.68,38.92,38.68,38.82,31.4374,4360400.0,0.0,1.0
2012-02-23,3558,38.72,38.88,38.62,38.79,31.4131,3696800.0,0.0,1.0
2012-02-24,3559,38.87,39.175,38.84,39.05,31.6236,11409900.0,0.0,1.0
2012-02-27,3560,39.04,39.36,38.81,39.18,31.7289,5097000.0,0.0,1.0
2012-02-28,3561,39.33,39.43,39.17,39.4,31.9071,6218400.0,0.0,1.0
2012-02-29,3562,39.44,39.5,39.2,39.24,31.7775,4272500.0,0.0,1.0
2012-03-01,3563,39.17,39.41,39.17,39.35,31.8666,4590100.0,0.0,1.0
2012-03-02,3564,39.38,39.6,39.3,39.48,31.9718,5231700.0,0.0,1.0
2012-03-05,3565,39.36,39.55,39.09,39.13,31.6884,4875800.0,0.0,1.0
2012-03-06,3566,39.2,39.32,38.56,38.64,31.2916,5938400.0,0.0,1.0
2012-03-07,3567,38.62,38.95,38.62,38.86,31.4698,4043200.0,0.0,1.0
2012-03-08,3568,38.97,39.28,38.97,39.19,31.737,4478000.0,0.0,1.0
2012-03-09,3569,39.34,39.61,39.22,39.56,32.0366,4906800.0,0.0,1.0
2012-03-12,3570,39.6,39.82,39.56,39.8,32.231,4713200.0,0.0,1.0
2012-03-13,3571,39.86,40.22,39.815,40.17,32.5306,4835700.0,0.0,1.0
2012-03-14,3572,40.16,40.45,40.15,40.26,32.6035,4644300.0,0.0,1.0
2012-03-15,3573,40.24,40.41,40.06,40.28,32.6197,3802400.0,0.0,1.0
2012-03-16,3574,40.2999,40.44,39.95,40.2,32.5549,9659000.0,0.0,1.0
2012-03-19,3575,40.06,40.4,39.92,40.32,32.6521,4278300.0,0.0,1.0
2012-03-20,3576,40.18,40.29,39.9,40.02,32.4091,4442500.0,0.0,1.0
2012-03-21,3577,40.01,40.13,39.8,39.95,32.3525,4671700.0,0.0,1.0
2012-03-22,3578,39.57,39.85,39.47,39.81,32.2391,3949400.0,0.0,1.0
2012-03-23,3579,40.03,40.04,39.71,39.87,32.2877,5203400.0,0.0,1.0
2012-03-26,3580,39.98,40.4014,39.97,40.27,32.6116,5361100.0,0.0,1.0
2012-03-27,3581,40.37,40.42,40.18,40.26,32.6035,4183400.0,0.0,1.0
2012-03-28,3582,40.32,40.37,39.87300000000001,40.31,32.644,4874800.0,0.0,1.0
2012-03-29,3583,40.05,40.09,39.66,39.96,32.3606,5311500.0,0.0,1.0
2012-03-30,3584,40.06,40.36,39.95,40.265,32.6076,4784300.0,0.0,1.0
2012-04-02,3585,40.3,40.64,40.23,40.48,32.7817,5233900.0,0.0,1.0
2012-04-03,3586,40.48,40.59,40.13,40.32,32.6521,3340400.0,0.0,1.0
2012-04-04,3587,40.15,40.455,40.02,40.33,32.6602,4175400.0,0.0,1.0
2012-04-05,3588,40.13,40.5,40.1,40.48,32.7817,4379400.0,0.0,1.0
2012-04-09,3589,40.32,40.32,39.7,39.72,32.1662,7599800.0,0.0,1.0
2012-04-10,3590,39.61,39.92,39.42,39.42,31.9233,6691900.0,0.0,1.0
2012-04-11,3591,39.7,39.71,39.39,39.47,31.9637,5141900.0,0.0,1.0
2012-04-12,3592,39.55,39.62,39.34,39.58,32.0528,6299800.0,0.0,1.0
2012-04-13,3593,39.56,39.6,39.16,39.18,31.7289,5438100.0,0.0,1.0
2012-04-16,3594,39.28,39.7,39.27,39.6,32.069,10405800.0,0.0,1.0
2012-04-17,3595,39.68,40.06,39.5,40.06,32.4415,4826200.0,0.0,1.0
2012-04-18,3596,39.9,40.04,39.69,39.7,32.15,6856700.0,0.0,1.0
2012-04-19,3597,39.75,39.84,39.58,39.75,32.1905,4995300.0,0.0,1.0
2012-04-20,3598,39.69,40.06,39.68,39.91,32.3201,7548300.0,0.0,1.0
2012-04-23,3599,39.8,39.85,39.65,39.81,32.2391,4348800.0,0.0,1.0
2012-04-24,3600,39.89,40.0,39.67,39.96,32.3606,4844700.0,0.0,1.0
2012-04-25,3601,40.42,40.9,40.12,40.8,33.0408,8205700.0,0.0,1.0
2012-04-26,3602,40.78,41.0,40.6,40.88,33.1056,4763200.0,0.0,1.0
2012-04-27,3603,41.1,41.43,41.07,41.3,33.4457,20040500.0,0.0,1.0
2012-04-30,3604,41.13,41.52,41.13,41.39,33.5186,23371700.0,0.0,1.0
2012-05-01,3605,41.32,41.47,41.13,41.24,33.3971,6352200.0,0.0,1.0
2012-05-02,3606,41.16,41.49,41.13,41.48,33.5915,4856600.0,0.0,1.0
2012-05-03,3607,41.49,41.5,41.2,41.27,33.4214,5050800.0,0.0,1.0
2012-05-04,3608,41.2,41.4,41.0,41.28,33.4295,7203900.0,0.0,1.0
2012-05-07,3609,41.1,41.705,41.0,41.61,33.6968,6084500.0,0.0,1.0
2012-05-08,3610,41.59,41.66,41.42,41.62,33.7049,7069500.0,0.0,1.0
2012-05-09,3611,41.32,41.49,41.01,41.3,33.4457,6102700.0,0.0,1.0
2012-05-10,3612,41.47,41.82,41.36,41.75,33.8101,6195200.0,0.0,1.0
2012-05-11,3613,41.17,41.5,41.02,41.26,33.8101,5000000.0,0.49,1.0
2012-05-14,3614,41.05,41.255,40.79,40.93,33.5397,6009900.0,0.0,1.0
2012-05-15,3615,40.86,40.94,40.46,40.58,33.2529,5660500.0,0.0,1.0
2012-05-16,3616,40.65,40.85,40.54,40.75,33.3922,4080800.0,0.0,1.0
2012-05-17,3617,40.73,40.94,40.53,40.53,33.212,5824200.0,0.0,1.0
2012-05-18,3618,40.61,40.83,40.34,40.44,33.1382,8350600.0,0.0,1.0
2012-05-21,3619,40.47,40.7,40.36,40.63,33.2939,4955700.0,0.0,1.0
2012-05-22,3620,40.66,41.16,40.51,41.0,33.5971,9236300.0,0.0,1.0
2012-05-23,3621,40.92,41.0,40.36,40.67,33.3267,7941300.0,0.0,1.0
2012-05-24,3622,40.71,41.16,40.64,41.16,33.7282,5630300.0,0.0,1.0
2012-05-25,3623,41.11,41.5,41.0,41.11,33.6872,4076000.0,0.0,1.0
2012-05-29,3624,41.24,41.55,41.21,41.3,33.8429,4191100.0,0.0,1.0
2012-05-30,3625,41.2,41.4499,40.96,40.99,33.5889,4578900.0,0.0,1.0
2012-05-31,3626,41.08,41.26,40.78,40.95,33.5561,6573800.0,0.0,1.0
2012-06-01,3627,40.67,40.73,40.12,40.16,32.9088,6387700.0,0.0,1.0
2012-06-04,3628,40.11,40.33,39.93,40.15,32.9006,6544300.0,0.0,1.0
2012-06-05,3629,40.15,40.68,40.04,40.62,33.2857,5447800.0,0.0,1.0
2012-06-06,3630,40.72,41.01,40.59,41.01,33.6053,10635500.0,0.0,1.0
2012-06-07,3631,41.22,41.495,41.12,41.27,33.8183,7191400.0,0.0,1.0
2012-06-08,3632,41.25,41.75,41.2,41.53,34.0314,7114100.0,0.0,1.0
2012-06-11,3633,41.74,41.91,41.3,41.49,33.9986,5598900.0,0.0,1.0
2012-06-12,3634,41.57,41.67,41.31,41.64,34.1215,4674100.0,0.0,1.0
2012-06-13,3635,41.64,41.84,41.41,41.57,34.0642,3553300.0,0.0,1.0
2012-06-14,3636,41.6,41.99,41.5,41.81,34.2608,5375600.0,0.0,1.0
2012-06-15,3637,42.02,42.17,41.935,41.99,34.4083,6396400.0,0.0,1.0
2012-06-18,3638,41.78,42.09,41.78,42.04,34.4493,3686600.0,0.0,1.0
2012-06-19,3639,42.28,42.47,42.16,42.29,34.6542,4149900.0,0.0,1.0
2012-06-20,3640,42.24,42.27,41.89,42.04,34.4493,3412600.0,0.0,1.0
2012-06-21,3641,42.19,42.38,41.71,41.76,34.2199,4243200.0,0.0,1.0
2012-06-22,3642,41.96,42.135,41.82,42.07,34.4739,4331800.0,0.0,1.0
2012-06-25,3643,41.8,41.84,41.4601,41.47,33.9822,4376800.0,0.0,1.0
2012-06-26,3644,41.43,41.75,41.43,41.57,34.0642,4070600.0,0.0,1.0
2012-06-27,3645,41.64,42.07,41.617,41.93,34.3592,4267700.0,0.0,1.0
2012-06-28,3646,41.96,42.135,41.41,42.1,34.4985,5075000.0,0.0,1.0
2012-06-29,3647,42.52,42.91,42.46,42.91,35.1622,6136800.0,0.0,1.0
2012-07-02,3648,43.06,43.22,42.87,42.99,35.2278,4709200.0,0.0,1.0
2012-07-03,3649,42.95,43.31,42.81,43.16,35.3671,2294200.0,0.0,1.0
2012-07-05,3650,43.05,43.06,42.8,42.85,35.1131,3760200.0,0.0,1.0
2012-07-06,3651,42.7,42.74,42.42,42.66,34.9574,3244300.0,0.0,1.0
2012-07-09,3652,42.64,42.9925,42.64,42.95,35.195,3113600.0,0.0,1.0
2012-07-10,3653,43.08,43.15,42.72,42.86,35.1212,4142000.0,0.0,1.0
2012-07-11,3654,42.66,42.91,42.52,42.8,35.0721,4062700.0,0.0,1.0
2012-07-12,3655,42.67,42.93,42.51,42.84,35.1049,4075600.0,0.0,1.0
2012-07-13,3656,42.92,43.5,42.73,43.26,35.449,4580100.0,0.0,1.0
2012-07-16,3657,43.21,43.89,43.19,43.85,35.9325,5779500.0,0.0,1.0
2012-07-17,3658,44.08,44.27,43.8,43.96,36.0226,11535500.0,0.0,1.0
2012-07-18,3659,43.85,44.67,43.79,44.51,36.4733,9138900.0,0.0,1.0
2012-07-19,3660,44.52,44.6,44.39,44.4,36.3832,4592100.0,0.0,1.0
2012-07-20,3661,44.16,44.27,43.98,44.17,36.1947,6506800.0,0.0,1.0
2012-07-23,3662,43.89,43.98,43.585,43.83,35.9161,4538100.0,0.0,1.0
2012-07-24,3663,42.74,42.85,41.59,41.98,34.4001,17930800.0,0.0,1.0
2012-07-25,3664,43.27,43.58,42.58,43.12,35.3343,12960200.0,0.0,1.0
2012-07-26,3665,43.72,43.87,43.37,43.61,35.7358,6966400.0,0.0,1.0
2012-07-27,3666,44.0,44.53,43.99,44.37,36.3586,7526500.0,0.0,1.0
2012-07-30,3667,43.91,44.09,43.64,44.05,36.0964,6791100.0,0.0,1.0
2012-07-31,3668,44.08,44.41,43.99,44.03,36.08,7260000.0,0.0,1.0
2012-08-01,3669,44.12,44.4,43.785,43.86,35.9407,8163800.0,0.0,1.0
2012-08-02,3670,43.68,43.94,43.16,43.32,35.4982,6742000.0,0.0,1.0
2012-08-03,3671,43.97,44.2,43.9,44.15,36.1783,5380100.0,0.0,1.0
2012-08-06,3672,44.12,44.13,43.71,43.71,35.8178,3838700.0,0.0,1.0
2012-08-07,3673,43.21,43.51,42.2,42.75,35.0311,11700700.0,0.0,1.0
2012-08-08,3674,42.75,43.0,42.61,42.85,35.1131,5464700.0,0.0,1.0
2012-08-09,3675,42.81,42.95,42.55,42.72,35.0065,5164300.0,0.0,1.0
2012-08-10,3676,42.74,43.69,42.56,43.6,35.7276,11829200.0,0.0,1.0
2012-08-13,3677,42.91,42.99,42.61,42.81,35.4818,3928300.0,0.49,1.0
2012-08-14,3678,42.99,43.02,42.66,42.73,35.4155,3274600.0,0.0,1.0
2012-08-15,3679,42.72,43.025,42.71,42.98,35.6227,5168600.0,0.0,1.0
2012-08-16,3680,42.96,43.02,42.64,42.75,35.4321,3271500.0,0.0,1.0
2012-08-17,3681,42.85,42.85,42.265,42.42,35.1586,4521500.0,0.0,1.0
2012-08-20,3682,42.42,42.42,42.21,42.34,35.0923,3892400.0,0.0,1.0
2012-08-21,3683,42.49,42.495,42.1,42.21,34.9845,4195400.0,0.0,1.0
2012-08-22,3684,42.17,42.385,42.12,42.17,34.9514,4709000.0,0.0,1.0
2012-08-23,3685,42.16,42.48,42.12,42.4,35.142,4589600.0,0.0,1.0
2012-08-24,3686,44.81,45.01,43.36,43.86,36.3521,48000900.0,0.0,1.0
2012-08-27,3687,43.75,44.98,43.75,44.59,36.9571,15116900.0,0.0,1.0
2012-08-28,3688,44.63,45.45,44.21,44.71,37.0566,13256500.0,0.0,1.0
2012-08-29,3689,44.6,45.26,44.38,45.17,37.4378,8328900.0,0.0,1.0
2012-08-30,3690,45.0,45.0,44.63,44.9,37.214,5234500.0,0.0,1.0
2012-08-31,3691,45.07,45.29,44.675,44.91,37.2223,6397500.0,0.0,1.0
2012-09-04,3692,44.97,45.41,44.71,45.29,37.5373,6948400.0,0.0,1.0
2012-09-05,3693,45.865,46.36,45.72,45.81,37.9683,11305000.0,0.0,1.0
2012-09-06,3694,45.98,46.86,45.98,46.81,38.7971,8553600.0,0.0,1.0
2012-09-07,3695,46.71,46.87,46.29,46.65,38.6645,9900100.0,0.0,1.0
2012-09-10,3696,46.74,46.85,46.52,46.52,38.5567,4721800.0,0.0,1.0
2012-09-11,3697,46.65,46.7,46.41,46.49,38.5319,4263300.0,0.0,1.0
2012-09-12,3698,46.48,46.86,46.46,46.55,38.5816,3977600.0,0.0,1.0
2012-09-13,3699,46.62,47.2599,46.31,47.15,39.0789,5501100.0,0.0,1.0
2012-09-14,3700,47.01,47.01,46.51,46.72,38.7225,6510400.0,0.0,1.0
2012-09-17,3701,46.54,46.94,46.53,46.83,38.8137,7230400.0,0.0,1.0
2012-09-18,3702,46.52,47.0725,46.52,46.91,38.88,4155500.0,0.0,1.0
2012-09-19,3703,46.77,47.18,46.68,46.86,38.8385,5176800.0,0.0,1.0
2012-09-20,3704,46.77,47.1,46.7501,47.02,38.9711,4905700.0,0.0,1.0
2012-09-21,3705,47.17,47.76,47.103,47.46,39.3358,8368200.0,0.0,1.0
2012-09-24,3706,47.5,47.63,47.16,47.4,39.2861,4873400.0,0.0,1.0
2012-09-25,3707,47.52,47.84,47.41,47.45,39.3275,4395100.0,0.0,1.0
2012-09-26,3708,47.45,47.6999,46.8424,47.2,39.1203,4792400.0,0.0,1.0
2012-09-27,3709,47.36,47.72,47.1,47.64,39.485,5020300.0,0.0,1.0
2012-09-28,3710,47.37,47.52,47.0,47.41,39.2944,5941800.0,0.0,1.0
2012-10-01,3711,47.49,48.04,47.46,47.57,39.427,5301900.0,0.0,1.0
2012-10-02,3712,47.81,48.14,47.79,47.94,39.7337,4948300.0,0.0,1.0
2012-10-03,3713,48.06,48.39,47.93,48.31,40.0403,5763600.0,0.0,1.0
2012-10-04,3714,48.46,48.95,48.42,48.76,40.4133,7990400.0,0.0,1.0
2012-10-05,3715,48.73,48.9,47.98,48.23,39.974,7089400.0,0.0,1.0
2012-10-08,3716,48.05,50.94,47.76,50.78,42.0875,28624000.0,0.0,1.0
2012-10-09,3717,51.42,53.55,50.97,51.81,42.9412,29784100.0,0.0,1.0
2012-10-10,3718,51.72,51.87,50.08,50.23,41.6317,11520300.0,0.0,1.0
2012-10-11,3719,50.55,50.87,50.3,50.6,41.9383,6467400.0,0.0,1.0
2012-10-12,3720,50.03,50.74,50.0,50.45,41.81399999999999,6823400.0,0.0,1.0
2012-10-15,3721,50.9,53.17,50.815,52.53,43.5379,12886200.0,0.0,1.0
2012-10-16,3722,52.84,53.88,52.8,53.66,44.4745,11263700.0,0.0,1.0
2012-10-17,3723,53.78,53.99,53.205,53.67,44.4828,5918400.0,0.0,1.0
2012-10-18,3724,53.46,53.86,53.03,53.81,44.5988,7926300.0,0.0,1.0
2012-10-19,3725,53.88,53.88,52.55,52.86,43.8114,6781500.0,0.0,1.0
2012-10-22,3726,53.38,53.465,51.925,52.28,43.3307,9336600.0,0.0,1.0
2012-10-23,3727,51.87,52.04,50.56,51.91,43.0241,10998200.0,0.0,1.0
2012-10-24,3728,49.98,51.57,49.73,50.5,41.8554,14232600.0,0.0,1.0
2012-10-25,3729,50.61,51.19,50.43,51.08,42.3361,7109800.0,0.0,1.0
2012-10-26,3730,50.96,51.0,50.13,50.21,41.6151,6047600.0,0.0,1.0
2012-10-31,3731,50.81,50.81,48.13,48.63,40.3055,13386400.0,0.0,1.0
2012-11-01,3732,48.89,49.69,48.16,49.1,40.6951,8200800.0,0.0,1.0
2012-11-02,3733,49.39,49.48,48.55,48.55,40.2392,10584600.0,0.0,1.0
2012-11-05,3734,48.37,48.9,48.31,48.78,40.4299,4246100.0,0.0,1.0
2012-11-06,3735,48.8,49.13,48.58,48.78,40.4299,5705500.0,0.0,1.0
2012-11-07,3736,48.51,49.014,47.54,48.18,39.9326,9276000.0,0.0,1.0
2012-11-08,3737,48.12,48.22,47.45,47.47,39.3441,23062400.0,0.0,1.0
2012-11-09,3738,47.14,48.0,47.14,47.47,39.3441,15307500.0,0.0,1.0
2012-11-12,3739,47.5,48.64,47.39,48.3,40.032,7293700.0,0.0,1.0
2012-11-13,3740,47.66,47.96,47.12,47.14,39.4767,7142600.0,0.49,1.0
2012-11-14,3741,47.24,47.6,46.01,46.22,38.7063,9323100.0,0.0,1.0
2012-11-15,3742,46.17,46.41,44.88,45.96,38.4885,6867700.0,0.0,1.0
2012-11-16,3743,46.0,46.25,45.43,45.91,38.4467,8915600.0,0.0,1.0
2012-11-19,3744,46.3,47.07,46.15,47.03,39.3846,8489500.0,0.0,1.0
2012-11-20,3745,47.03,47.29,46.75,47.19,39.5186,4547600.0,0.0,1.0
2012-11-21,3746,47.33,47.44,46.96,47.42,39.7112,3922900.0,0.0,1.0
2012-11-23,3747,47.48,47.76,47.41,47.74,39.9792,2254200.0,0.0,1.0
2012-11-26,3748,47.35,47.93,46.89,47.93,40.1383,7630800.0,0.0,1.0
2012-11-27,3749,47.82,48.27,47.51,47.68,39.9289,5380000.0,0.0,1.0
2012-11-28,3750,47.63,48.05,47.25,48.04,40.2304,3654200.0,0.0,1.0
2012-11-29,3751,48.29,48.77,48.23,48.58,40.6826,4395700.0,0.0,1.0
2012-11-30,3752,48.61,49.1464,48.39,49.04,41.0678,6859200.0,0.0,1.0
2012-12-03,3753,49.21,49.61,48.8,48.92,40.9674,5651800.0,0.0,1.0
2012-12-04,3754,48.91,49.47,48.85,49.22,41.2186,5488200.0,0.0,1.0
2012-12-05,3755,49.22,49.7,48.98,49.58,41.5201,5268300.0,0.0,1.0
2012-12-06,3756,49.63,49.65,49.25,49.4,41.3693,5151100.0,0.0,1.0
2012-12-07,3757,49.47,49.66,49.2,49.63,41.5619,2972400.0,0.0,1.0
2012-12-10,3758,49.61,50.3099,49.2,50.12,41.9723,4296900.0,0.0,1.0
2012-12-11,3759,50.21,50.7601,50.14,50.6,42.3742,5401500.0,0.0,1.0
2012-12-12,3760,49.25,50.0,48.81,49.0,41.0343,18763400.0,0.0,1.0
2012-12-13,3761,49.18,49.27,47.975,48.23,40.3895,10167100.0,0.0,1.0
2012-12-14,3762,48.05,48.09,47.61,47.79,40.0211,6357400.0,0.0,1.0
2012-12-17,3763,47.8,48.55,47.78,48.34,40.4816,7445300.0,0.0,1.0
2012-12-18,3764,48.57,49.54,48.35,49.52,41.4698,13440200.0,0.0,1.0
2012-12-19,3765,49.42,49.62,48.91,48.92,40.9674,7036700.0,0.0,1.0
2012-12-20,3766,48.89,49.35,48.71,49.25,41.2437,6572200.0,0.0,1.0
2012-12-21,3767,48.87,49.685,48.75,49.55,41.4949,12842500.0,0.0,1.0
2012-12-24,3768,49.46,49.46,48.8,49.04,41.0678,2765100.0,0.0,1.0
2012-12-26,3769,49.1,49.2397,48.62,49.06,41.0846,3680400.0,0.0,1.0
2012-12-27,3770,48.98,49.39,48.52,48.97,41.0092,4349100.0,0.0,1.0
2012-12-28,3771,48.65,49.175,48.55,48.6,40.6994,3646300.0,0.0,1.0
2012-12-31,3772,48.5,49.35,48.38,49.32,41.3023,5245200.0,0.0,1.0
2013-01-02,3773,49.94,50.31,49.19,49.51,41.4614,8352400.0,0.0,1.0
2013-01-03,3774,49.52,49.845,49.21,49.72,41.6373,7448100.0,0.0,1.0
2013-01-04,3775,51.06,51.9,50.69,51.56,43.1782,13587200.0,0.0,1.0
2013-01-07,3776,51.31,51.9,51.01,51.49,43.1196,6989100.0,0.0,1.0
2013-01-08,3777,51.42,52.02,51.28,51.88,43.4462,5246100.0,0.0,1.0
2013-01-09,3778,52.19,53.057,52.0,52.97,44.359,7267200.0,0.0,1.0
2013-01-10,3779,53.25,53.53,52.87,53.25,44.5935,6324400.0,0.0,1.0
2013-01-11,3780,53.36,53.4,52.96,53.11,44.4762,5126500.0,0.0,1.0
2013-01-14,3781,53.2,53.415,52.75,52.8,44.2166,6286100.0,0.0,1.0
2013-01-15,3782,52.66,53.36,52.65,53.29,44.6269,5915600.0,0.0,1.0
2013-01-16,3783,53.17,53.3101,52.72,52.93,44.3255,4467100.0,0.0,1.0
2013-01-17,3784,52.61,53.47,52.5199,53.33,44.6604,4880800.0,0.0,1.0
2013-01-18,3785,53.31,53.77,52.93,53.77,45.0289,6557400.0,0.0,1.0
2013-01-22,3786,53.72,53.77,53.12,53.44,44.7526,6089100.0,0.0,1.0
2013-01-23,3787,52.75,52.96,52.2,52.4,43.8816,10413800.0,0.0,1.0
2013-01-24,3788,52.6,53.26,52.6,53.16,44.5181,6719100.0,0.0,1.0
2013-01-25,3789,53.17,53.67,53.09,53.21,44.56,6028200.0,0.0,1.0
2013-01-28,3790,53.12,53.25,52.46,52.64,44.0826,8054100.0,0.0,1.0
2013-01-29,3791,52.76,54.87,52.76,54.32,45.4895,11003300.0,0.0,1.0
2013-01-30,3792,54.23,54.78,53.99,54.15,45.3471,6316700.0,0.0,1.0
2013-01-31,3793,54.07,54.16,53.21,53.69,44.9619,5121400.0,0.0,1.0
2013-02-01,3794,53.55,54.48,53.55,54.2,45.389,4205500.0,0.0,1.0
2013-02-04,3795,53.84,53.88,53.475,53.55,44.8447,4968900.0,0.0,1.0
2013-02-05,3796,53.76,54.39,53.76,54.1,45.3053,3519900.0,0.0,1.0
2013-02-06,3797,53.93,54.16,53.63,53.93,45.1629,3575100.0,0.0,1.0
2013-02-07,3798,53.85,53.92,53.22,53.78,45.0373,5233900.0,0.0,1.0
2013-02-08,3799,53.64,54.0,53.56,53.72,44.987,17142800.0,0.0,1.0
2013-02-11,3800,53.56,54.06,53.48,53.9,45.1378,18307300.0,0.0,1.0
2013-02-12,3801,53.74,53.91,53.68,53.8,45.054,19666700.0,0.0,1.0
2013-02-13,3802,53.4,53.45,53.26,53.44,45.1629,4385000.0,0.49,1.0
2013-02-14,3803,53.22,53.58,53.18,53.5,45.2136,4276900.0,0.0,1.0
2013-02-15,3804,53.5,54.0,53.5,53.59,45.2897,5482800.0,0.0,1.0
2013-02-19,3805,53.62,54.18,53.6,54.18,45.7883,3981200.0,0.0,1.0
2013-02-20,3806,54.16,54.68,54.1,54.29,45.8813,4446300.0,0.0,1.0
2013-02-21,3807,54.11,54.25,53.93,54.02,45.6531,5512500.0,0.0,1.0
2013-02-22,3808,54.07,54.27,53.53,54.27,45.8644,5519000.0,0.0,1.0
2013-02-25,3809,54.5,54.93,53.77,53.77,45.4418,6361000.0,0.0,1.0
2013-02-26,3810,54.08,54.52,53.725,54.43,45.9996,4772100.0,0.0,1.0
2013-02-27,3811,54.5,54.99,54.26,54.8,46.3123,3972000.0,0.0,1.0
2013-02-28,3812,54.68,54.98,54.58,54.66,46.1939,5877500.0,0.0,1.0
2013-03-01,3813,54.31,54.85,54.31,54.78,46.2954,4592600.0,0.0,1.0
2013-03-04,3814,54.66,54.9068,54.53,54.76,46.2785,4424200.0,0.0,1.0
2013-03-05,3815,54.97,55.74,54.91,55.54,46.9376,4866800.0,0.0,1.0
2013-03-06,3816,55.58,55.67,54.92,55.08,46.5489,6787700.0,0.0,1.0
2013-03-07,3817,55.09,55.56,55.08,55.35,46.7771,3602300.0,0.0,1.0
2013-03-08,3818,55.5,55.5901,54.97,55.16,46.6165,4824800.0,0.0,1.0
2013-03-11,3819,55.06,55.24,54.79,55.07,46.5404,4766200.0,0.0,1.0
2013-03-12,3820,55.06,55.43,54.95,55.08,46.5489,3870600.0,0.0,1.0
2013-03-13,3821,55.15,55.27,55.0,55.06,46.532,3623700.0,0.0,1.0
2013-03-14,3822,55.46,55.65,54.81,55.07,46.5404,5357000.0,0.0,1.0
2013-03-15,3823,54.68,55.13,54.39,55.13,46.5911,10614700.0,0.0,1.0
2013-03-18,3824,54.63,54.95,54.54,54.66,46.1939,3926500.0,0.0,1.0
2013-03-19,3825,54.83,54.96,54.5,54.79,46.3038,3337200.0,0.0,1.0
2013-03-20,3826,55.05,55.45,55.02,55.3,46.7348,3802800.0,0.0,1.0
2013-03-21,3827,55.04,55.29,54.88,55.08,46.5489,2702500.0,0.0,1.0
2013-03-22,3828,55.25,55.675,55.13,55.57,46.963,2811100.0,0.0,1.0
2013-03-25,3829,55.7,55.79,55.2642,55.62,47.0053,4675200.0,0.0,1.0
2013-03-26,3830,55.9,56.68,55.78,56.29,47.5715,5107900.0,0.0,1.0
2013-03-27,3831,56.03,56.46,55.95,56.37,47.6391,3417800.0,0.0,1.0
2013-03-28,3832,56.51,56.94,56.32,56.79,47.994,4223200.0,0.0,1.0
2013-04-01,3833,56.67,56.8,56.22,56.61,47.8419,3668000.0,0.0,1.0
2013-04-02,3834,56.63,57.14,56.29,56.5,47.749,4040300.0,0.0,1.0
2013-04-03,3835,56.67,57.23,56.58,56.85,48.0447,5563600.0,0.0,1.0
2013-04-04,3836,56.85,57.28,56.56,56.93,48.1124,3016200.0,0.0,1.0
2013-04-05,3837,56.45,56.61,56.22,56.48,47.7321,3001200.0,0.0,1.0
2013-04-08,3838,56.45,56.82,55.875,56.82,48.0194,3691900.0,0.0,1.0
2013-04-09,3839,56.96,57.23,56.58,56.74,47.9518,4145100.0,0.0,1.0
2013-04-10,3840,57.22,57.68,57.2088,57.59,48.6701,3238000.0,0.0,1.0
2013-04-11,3841,57.65,58.26,57.58,58.0,49.0166,4048000.0,0.0,1.0
2013-04-12,3842,57.77,58.34,57.36,57.51,48.6025,4709100.0,0.0,1.0
2013-04-15,3843,57.02,57.75,56.48,56.49,47.7405,5645800.0,0.0,1.0
2013-04-16,3844,56.8,57.33,56.54,57.18,48.3236,4130500.0,0.0,1.0
2013-04-17,3845,56.98,57.63,56.735,57.47,48.5687,4147400.0,0.0,1.0
2013-04-18,3846,57.48,57.51,56.17,56.29,47.5715,4098600.0,0.0,1.0
2013-04-19,3847,56.56,57.44,56.37,57.42,48.5265,4892900.0,0.0,1.0
2013-04-22,3848,57.46,57.63,56.99,57.58,48.6617,2732900.0,0.0,1.0
2013-04-23,3849,57.94,58.405,57.52,58.33,49.2955,4014600.0,0.0,1.0
2013-04-24,3850,57.91,58.33,56.02,56.05,47.3687,6678800.0,0.0,1.0
2013-04-25,3851,56.38,56.5,55.02,56.43,47.6898,7431300.0,0.0,1.0
2013-04-26,3852,56.45,56.75,56.28,56.46,47.7152,3457300.0,0.0,1.0
2013-04-29,3853,56.59,56.63,55.79,56.01,47.3349,4852700.0,0.0,1.0
2013-04-30,3854,55.9,55.9,55.16,55.38,46.8024,4679000.0,0.0,1.0
2013-05-01,3855,55.1,55.13,54.15,54.24,45.839,5789900.0,0.0,1.0
2013-05-02,3856,54.32,54.83,54.15,54.7,46.2278,4060900.0,0.0,1.0
2013-05-03,3857,55.19,55.19,54.58,54.99,46.4728,3407600.0,0.0,1.0
2013-05-06,3858,55.02,55.16,54.3,54.47,46.0334,4618300.0,0.0,1.0
2013-05-07,3859,54.52,54.59,53.85,54.17,45.7798,6318500.0,0.0,1.0
2013-05-08,3860,54.23,54.78,54.16,54.52,46.0756,5429000.0,0.0,1.0
2013-05-09,3861,54.58,54.935,54.35,54.56,46.1094,12817600.0,0.0,1.0
2013-05-10,3862,53.97,54.82,53.88,54.82,46.3292,15278800.0,0.0,1.0
2013-05-13,3863,54.72,56.31,54.55,56.28,47.563,18982900.0,0.0,1.0
2013-05-14,3864,55.81,56.18,55.705,55.87,47.6306,4821500.0,0.49,1.0
2013-05-15,3865,55.92,57.1,55.92,56.72,48.3553,5386200.0,0.0,1.0
2013-05-16,3866,56.56,56.56,55.82,55.94,47.6903,3819900.0,0.0,1.0
2013-05-17,3867,55.97,56.23,55.3536,55.9,47.6562,3762700.0,0.0,1.0
2013-05-20,3868,55.9,55.94,54.88,55.02,46.90600000000001,4242600.0,0.0,1.0
2013-05-21,3869,55.07,55.43,54.66,55.14,47.0083,4220100.0,0.0,1.0
2013-05-22,3870,55.26,56.06,54.6601,54.92,46.8207,4569300.0,0.0,1.0
2013-05-23,3871,54.67,55.3,54.51,54.74,46.6673,3953000.0,0.0,1.0
2013-05-24,3872,54.5,54.5,53.89,54.14,46.1558,4983600.0,0.0,1.0
2013-05-28,3873,54.71,55.19,54.32,54.54,46.4968,4344000.0,0.0,1.0
2013-05-29,3874,54.24,54.36,53.44,53.75,45.8233,4201600.0,0.0,1.0
2013-05-30,3875,53.93,54.62,53.79,54.08,46.1046,4393500.0,0.0,1.0
2013-05-31,3876,53.92,54.06,53.1525,53.16,45.3203,4827100.0,0.0,1.0
2013-06-03,3877,53.08,53.245,52.52,53.14,45.3032,4173000.0,0.0,1.0
2013-06-04,3878,53.14,53.42,52.22,52.5,44.7576,4093300.0,0.0,1.0
2013-06-05,3879,52.32,52.87,51.76,51.81,44.1694,4540700.0,0.0,1.0
2013-06-06,3880,51.89,52.43,51.34,52.09,44.4081,4976800.0,0.0,1.0
2013-06-07,3881,52.58,53.06,52.28,52.49,44.7491,4367400.0,0.0,1.0
2013-06-10,3882,52.7,52.83,52.15,52.64,44.877,4212600.0,0.0,1.0
2013-06-11,3883,52.23,52.32,51.78,51.94,44.2802,5268400.0,0.0,1.0
2013-06-12,3884,52.31,52.61,51.76,51.78,44.1438,3507000.0,0.0,1.0
2013-06-13,3885,51.68,51.89,50.83,51.85,44.2035,7099100.0,0.0,1.0
2013-06-14,3886,51.47,52.28,51.39,52.05,44.374,6116300.0,0.0,1.0
2013-06-17,3887,52.42,53.05,52.2,52.36,44.6383,5134700.0,0.0,1.0
2013-06-18,3888,52.47,52.72,51.69,52.35,44.6297,5163600.0,0.0,1.0
2013-06-19,3889,52.28,52.38,51.32,51.37,43.7943,4578700.0,0.0,1.0
2013-06-20,3890,50.96,50.96,49.21,49.41,42.1233,7952200.0,0.0,1.0
2013-06-21,3891,50.02,50.43,49.53,49.91,42.5496,7198300.0,0.0,1.0
2013-06-24,3892,49.31,49.6,48.68,49.06,41.8249,5861800.0,0.0,1.0
2013-06-25,3893,49.54,49.54,48.91,49.22,41.9613,4041300.0,0.0,1.0
2013-06-26,3894,49.66,49.9,49.22,49.79,42.4473,6075500.0,0.0,1.0
2013-06-27,3895,50.11,50.33,49.72,49.72,42.3876,3657300.0,0.0,1.0
2013-06-28,3896,49.62,49.8599,49.05,49.12,41.8761,8242900.0,0.0,1.0
2013-07-01,3897,49.35,50.31,49.27,50.16,42.7627,6987400.0,0.0,1.0
2013-07-02,3898,50.08,50.93,50.07,50.5,43.0526,5845400.0,0.0,1.0
2013-07-03,3899,50.48,50.48,49.5,50.14,42.7457,2671200.0,0.0,1.0
2013-07-05,3900,50.59,50.82,49.97,50.58,43.1208,2700400.0,0.0,1.0
2013-07-08,3901,50.8,51.19,50.66,51.13,43.5897,4376000.0,0.0,1.0
2013-07-09,3902,51.41,51.81,51.16,51.79,44.1523,4518800.0,0.0,1.0
2013-07-10,3903,51.78,51.91,51.25,51.42,43.8369,3865200.0,0.0,1.0
2013-07-11,3904,52.06,52.06,51.43,51.54,43.9392,3922600.0,0.0,1.0
2013-07-12,3905,51.63,51.63,51.1,51.45,43.8625,4066900.0,0.0,1.0
2013-07-15,3906,51.41,51.715,51.17,51.54,43.9392,2922300.0,0.0,1.0
2013-07-16,3907,51.55,51.79,50.8,51.0,43.4788,4029900.0,0.0,1.0
2013-07-17,3908,51.2,51.24,50.6132,50.67,43.1975,4038000.0,0.0,1.0
2013-07-18,3909,50.63,50.67,49.83,49.92,42.5581,6040300.0,0.0,1.0
2013-07-19,3910,49.93,50.61,49.46,50.6,43.1378,7808800.0,0.0,1.0
2013-07-22,3911,50.55,50.83,50.325,50.63,43.1634,3362600.0,0.0,1.0
2013-07-23,3912,50.77,51.06,50.56,50.99,43.4703,3926400.0,0.0,1.0
2013-07-24,3913,52.0,52.68,51.75,52.55,44.8003,8955800.0,0.0,1.0
2013-07-25,3914,52.41,52.64,51.88,52.59,44.8344,4085400.0,0.0,1.0
2013-07-26,3915,52.41,53.4,52.25,53.36,45.4908,4349400.0,0.0,1.0
2013-07-29,3916,53.23,53.83,53.15,53.56,45.6613,4230700.0,0.0,1.0
2013-07-30,3917,53.8,53.98,53.21,53.32,45.4567,3594200.0,0.0,1.0
2013-07-31,3918,53.36,53.65,52.934,53.11,45.2777,4334500.0,0.0,1.0
2013-08-01,3919,53.43,53.675,53.11,53.5,45.6102,3297800.0,0.0,1.0
2013-08-02,3920,53.47,53.92,53.22,53.88,45.9341,3626300.0,0.0,1.0
2013-08-05,3921,53.87,54.45,53.59,53.87,45.9256,3794000.0,0.0,1.0
2013-08-06,3922,53.9,54.19,53.23,53.32,45.4567,4177300.0,0.0,1.0
2013-08-07,3923,53.32,53.75,53.05,53.62,45.7125,3377600.0,0.0,1.0
2013-08-08,3924,53.88,53.919,53.22,53.57,45.6698,17504400.0,0.0,1.0
2013-08-09,3925,53.57,54.21,53.35,54.18,46.1899,14719900.0,0.0,1.0
2013-08-12,3926,53.86,54.09,53.575,54.05,46.07899999999999,17194000.0,0.0,1.0
2013-08-13,3927,56.0,56.5,54.73,54.96,47.2726,14253300.0,0.49,1.0
2013-08-14,3928,54.96,55.1,54.01,54.2,46.6189,5054300.0,0.0,1.0
2013-08-15,3929,53.76,53.93,53.2684,53.39,45.9222,4509000.0,0.0,1.0
2013-08-16,3930,53.17,53.32,52.79,52.86,45.4663,5112300.0,0.0,1.0
2013-08-19,3931,52.71,53.15,52.68,52.79,45.4061,3372700.0,0.0,1.0
2013-08-20,3932,52.79,53.08,52.725,52.8,45.4147,2890900.0,0.0,1.0
2013-08-21,3933,52.73,52.93,52.32,52.42,45.0879,3969600.0,0.0,1.0
2013-08-22,3934,52.4,52.765,52.31,52.46,45.1223,2388600.0,0.0,1.0
2013-08-23,3935,52.46,52.62,51.93,52.62,45.2599,3249400.0,0.0,1.0
2013-08-26,3936,52.7,52.77,52.04,52.05,44.7696,4048600.0,0.0,1.0
2013-08-27,3937,51.69,51.74,51.24,51.27,44.0987,4527000.0,0.0,1.0
2013-08-28,3938,51.19,51.75,51.0,51.47,44.2707,3211800.0,0.0,1.0
2013-08-29,3939,51.26,51.74,51.1,51.45,44.2535,2305000.0,0.0,1.0
2013-08-30,3940,51.46,51.62,51.17,51.4,44.2105,3237300.0,0.0,1.0
2013-09-03,3941,51.77,51.9,51.04,51.31,44.1331,2641600.0,0.0,1.0
2013-09-04,3942,51.36,52.4,51.28,52.18,44.8814,4179500.0,0.0,1.0
2013-09-05,3943,52.29,52.35,51.92,52.21,44.9072,2424400.0,0.0,1.0
2013-09-06,3944,52.22,52.73,51.69,52.41,45.0793,2886500.0,0.0,1.0
2013-09-09,3945,52.41,52.575,52.0899,52.54,45.1911,2324500.0,0.0,1.0
2013-09-10,3946,52.89,53.13,52.53,52.87,45.4749,3414600.0,0.0,1.0
2013-09-11,3947,52.87,53.15,52.685,52.8,45.4147,3943800.0,0.0,1.0
2013-09-12,3948,52.9,53.22,52.755,52.91,45.5093,3094200.0,0.0,1.0
2013-09-13,3949,53.01,53.29,52.93,53.27,45.819,2784500.0,0.0,1.0
2013-09-16,3950,53.77,53.84,53.43,53.64,46.1372,2666100.0,0.0,1.0
2013-09-17,3951,53.64,54.18,53.61,53.83,46.3006,3782200.0,0.0,1.0
2013-09-18,3952,53.87,54.25,53.22,54.16,46.5845,3332500.0,0.0,1.0
2013-09-19,3953,53.9,54.12,53.63,53.86,46.3264,3410300.0,0.0,1.0
2013-09-20,3954,54.04,54.18,53.72,53.93,46.3866,5877800.0,0.0,1.0
2013-09-23,3955,53.84,53.86,52.83,53.04,45.6211,4571400.0,0.0,1.0
2013-09-24,3956,52.99,53.09,52.33,52.43,45.0965,5359100.0,0.0,1.0
2013-09-25,3957,52.6,52.9459,52.36,52.61,45.2513,4167600.0,0.0,1.0
2013-09-26,3958,51.2,51.95,50.15,51.04,43.9009,14551200.0,0.0,1.0
2013-09-27,3959,50.68,50.8152,50.07,50.5,43.4364,5866600.0,0.0,1.0
2013-09-30,3960,50.3,50.66,50.21,50.33,43.2902,4803500.0,0.0,1.0
2013-10-01,3961,50.41,50.69,50.24,50.67,43.5826,3978100.0,0.0,1.0
2013-10-02,3962,50.45,50.67,50.22,50.54,43.4708,3424800.0,0.0,1.0
2013-10-03,3963,50.25,50.29,48.5,48.8,41.9742,15000900.0,0.0,1.0
2013-10-04,3964,48.86,48.86,48.01,48.38,41.6129,10750400.0,0.0,1.0
2013-10-07,3965,48.17,48.21,47.56,47.65,40.9851,7826100.0,0.0,1.0
2013-10-08,3966,47.75,48.36,47.53,48.05,41.3291,10496100.0,0.0,1.0
2013-10-09,3967,48.09,48.26,47.53,47.96,41.2517,6925000.0,0.0,1.0
2013-10-10,3968,48.82,49.16,48.51,49.15,42.2752,6285000.0,0.0,1.0
2013-10-11,3969,48.63,49.09,48.51,48.88,42.043,6571900.0,0.0,1.0
2013-10-14,3970,48.63,49.05,48.465,49.03,42.172,5516000.0,0.0,1.0
2013-10-15,3971,48.8,49.08,48.6,48.81,41.9828,4968700.0,0.0,1.0
2013-10-16,3972,48.94,49.005,48.51,48.91,42.0688,7249600.0,0.0,1.0
2013-10-17,3973,48.91,49.76,48.91,49.7,42.7483,5555800.0,0.0,1.0
2013-10-18,3974,49.97,50.01,49.28,49.56,42.6279,7022700.0,0.0,1.0
2013-10-21,3975,49.57,49.72,49.39,49.65,42.7053,4469200.0,0.0,1.0
2013-10-22,3976,49.72,50.37,49.53,50.15,43.1354,5792100.0,0.0,1.0
2013-10-23,3977,50.52,51.0,49.94,50.31,43.273,5754500.0,0.0,1.0
2013-10-24,3978,50.82,51.0,50.36,50.55,43.4794,5580400.0,0.0,1.0
2013-10-25,3979,50.48,51.0,50.31,50.66,43.574,4546700.0,0.0,1.0
2013-10-28,3980,50.7,51.14,50.6,50.88,43.7633,4474700.0,0.0,1.0
2013-10-29,3981,50.96,50.98,50.13,50.2,43.1784,6986400.0,0.0,1.0
2013-10-30,3982,50.24,50.27,48.97,49.21,42.3268,8599400.0,0.0,1.0
2013-10-31,3983,49.27,50.21,49.22,49.82,42.8515,6757500.0,0.0,1.0
2013-11-01,3984,49.91,50.43,49.81,50.38,43.3332,5045400.0,0.0,1.0
2013-11-04,3985,50.39,50.55,50.1,50.41,43.359,4322800.0,0.0,1.0
2013-11-05,3986,50.28,50.69,50.21,50.37,43.3246,3692700.0,0.0,1.0
2013-11-06,3987,50.56,50.56,50.26,50.49,43.4278,5477800.0,0.0,1.0
2013-11-07,3988,50.55,50.62,49.97,50.01,43.015,18678300.0,0.0,1.0
2013-11-08,3989,49.95,50.67,49.88,50.63,43.5482,18998600.0,0.0,1.0
2013-11-11,3990,49.73,50.32,49.505,50.28,43.2472,8162900.0,0.0,1.0
2013-11-12,3991,50.08,50.28,49.97,50.06,43.058,27846900.0,0.0,1.0
2013-11-13,3992,49.28,50.67,49.27,50.55,43.9009,8956300.0,0.49,1.0
2013-11-14,3993,50.5,51.14,50.49,51.03,44.3177,5480100.0,0.0,1.0
2013-11-15,3994,50.87,51.13,50.835,51.01,44.3004,5759000.0,0.0,1.0
2013-11-18,3995,51.1,51.1,50.77,51.03,44.3177,4024500.0,0.0,1.0
2013-11-19,3996,50.94,51.09,50.78,50.94,44.2396,3724800.0,0.0,1.0
2013-11-20,3997,50.89,51.0,50.48,50.67,44.0051,3711400.0,0.0,1.0
2013-11-21,3998,50.71,50.815,50.29,50.49,43.8488,4749300.0,0.0,1.0
2013-11-22,3999,50.52,51.24,50.4,51.23,44.4914,5165100.0,0.0,1.0
2013-11-25,4000,51.39,51.62,51.22,51.34,44.587,4338300.0,0.0,1.0
2013-11-26,4001,51.4,51.45,50.54,50.54,43.8922,5851200.0,0.0,1.0
2013-11-27,4002,50.31,50.65,50.2,50.36,43.7359,3287300.0,0.0,1.0
2013-11-29,4003,50.63,50.77,50.1,50.22,43.6143,2142800.0,0.0,1.0
2013-12-02,4004,50.3,50.485,49.87,50.24,43.6317,3588300.0,0.0,1.0
2013-12-03,4005,50.16,50.29,49.65,49.78,43.2322,5035800.0,0.0,1.0
2013-12-04,4006,49.79,50.03,49.53100000000001,49.87,43.3103,4106300.0,0.0,1.0
2013-12-05,4007,49.83,50.18,49.73,49.96,43.3885,3716500.0,0.0,1.0
2013-12-06,4008,50.34,50.675,50.25,50.63,43.9704,3854200.0,0.0,1.0
2013-12-09,4009,50.58,51.045,50.49,50.79,44.1093,3804800.0,0.0,1.0
2013-12-10,4010,50.86,50.88,50.32,50.49,43.8488,4385600.0,0.0,1.0
2013-12-11,4011,50.6,50.64,49.87,49.98,43.4059,4610500.0,0.0,1.0
2013-12-12,4012,49.8,49.95,49.14,49.23,42.7545,5274400.0,0.0,1.0
2013-12-13,4013,49.28,49.67,49.08,49.39,42.8935,4286900.0,0.0,1.0
2013-12-16,4014,49.61,49.94,49.17,49.19,42.7198,4906900.0,0.0,1.0
2013-12-17,4015,49.31,49.31,48.88,49.22,42.7458,4110200.0,0.0,1.0
2013-12-18,4016,49.24,50.58,49.13,50.51,43.8661,6207900.0,0.0,1.0
2013-12-19,4017,50.19,50.51,49.89,50.14,43.5448,5356300.0,0.0,1.0
2013-12-20,4018,50.22,50.93,49.99,50.2,43.5969,6367100.0,0.0,1.0
2013-12-23,4019,50.48,50.9,50.28,50.55,43.9009,4574300.0,0.0,1.0
2013-12-24,4020,50.58,50.895,50.51,50.74,44.0659,1359500.0,0.0,1.0
2013-12-26,4021,50.76,51.25,50.62,50.99,44.283,2440000.0,0.0,1.0
2013-12-27,4022,51.1,51.38,50.9078,51.25,44.5088,2265000.0,0.0,1.0
2013-12-30,4023,51.15,51.22,50.63,51.17,44.4393,3309200.0,0.0,1.0
2013-12-31,4024,51.19,51.26,50.85,51.0,44.2917,2928600.0,0.0,1.0
2014-01-02,4025,50.97,51.0901,50.56,50.73,44.0572,3175900.0,0.0,1.0
2014-01-03,4026,50.78,51.2,50.67,51.1,44.3785,4006300.0,0.0,1.0
2014-01-06,4027,51.18,51.94,51.17,51.53,44.752,7898300.0,0.0,1.0
2014-01-07,4028,51.53,52.08,51.15,51.19,44.4567,7359200.0,0.0,1.0
2014-01-08,4029,50.83,51.15,50.52,51.11,44.3872,7517100.0,0.0,1.0
2014-01-09,4030,51.24,51.74,51.19,51.68,44.8822,6351700.0,0.0,1.0
2014-01-10,4031,51.49,52.11,51.25,51.93,45.0994,5399100.0,0.0,1.0
2014-01-13,4032,52.03,52.52,51.91,52.07,45.2209,5406300.0,0.0,1.0
2014-01-14,4033,52.14,52.545,51.87,52.44,45.5423,4994500.0,0.0,1.0
2014-01-15,4034,52.65,53.58,52.42,53.41,46.3847,8427400.0,0.0,1.0
2014-01-16,4035,53.59,55.64,53.59,55.3,48.0261,12158200.0,0.0,1.0
2014-01-17,4036,55.35,55.45,54.86,55.16,47.9045,7850900.0,0.0,1.0
2014-01-21,4037,55.35,55.785,54.89,55.59,48.2779,5624400.0,0.0,1.0
2014-01-22,4038,55.74,55.78,55.27,55.6,48.2866,3342300.0,0.0,1.0
2014-01-23,4039,55.38,55.38,54.62,55.15,47.8958,5130300.0,0.0,1.0
2014-01-24,4040,54.71,54.98,54.0,54.12,47.0013,5943500.0,0.0,1.0
2014-01-27,4041,54.22,54.67,53.81,54.13,47.01,6378300.0,0.0,1.0
2014-01-28,4042,54.26,54.53,53.86,54.23,47.0968,5771200.0,0.0,1.0
2014-01-29,4043,54.19,54.22,53.57,53.91,46.8189,7314000.0,0.0,1.0
2014-01-30,4044,54.09,54.56,53.03,53.27,46.2631,7277600.0,0.0,1.0
2014-01-31,4045,53.12,54.06,52.87,54.01,46.9058,8214700.0,0.0,1.0
2014-02-03,4046,54.11,54.38,52.51,52.66,45.7333,6997800.0,0.0,1.0
2014-02-04,4047,52.85,53.195,52.4001,53.1,46.1155,6001900.0,0.0,1.0
2014-02-05,4048,53.06,53.48,52.455,52.72,45.7854,4467300.0,0.0,1.0
2014-02-06,4049,52.92,52.98,52.45,52.72,45.7854,4494400.0,0.0,1.0
2014-02-07,4050,52.81,53.55,52.75,53.21,46.21100000000001,4488800.0,0.0,1.0
2014-02-10,4051,52.75,53.985,52.29,53.97,46.871,4220500.0,0.0,1.0
2014-02-11,4052,53.82,54.63,53.66,54.51,47.34,5869500.0,0.0,1.0
2014-02-12,4053,54.15,54.15,53.12,53.32,46.7321,6049500.0,0.49,1.0
2014-02-13,4054,53.04,53.7,52.89,53.48,46.8723,3769200.0,0.0,1.0
2014-02-14,4055,53.41,54.37,53.33,54.2,47.5033,3970200.0,0.0,1.0
2014-02-18,4056,54.14,55.34,54.03,55.25,48.4236,6844600.0,0.0,1.0
2014-02-19,4057,57.3,58.2,56.55,58.09,50.9127,16112300.0,0.0,1.0
2014-02-20,4058,57.85,58.52,57.4,58.05,50.8777,8991600.0,0.0,1.0
2014-02-21,4059,58.1,58.76,57.77,57.96,50.7988,6617300.0,0.0,1.0
2014-02-24,4060,58.1,58.9,57.89,58.03,50.8601,4142200.0,0.0,1.0
2014-02-25,4061,57.99,58.84,57.9303,58.48,51.2545,5463600.0,0.0,1.0
2014-02-26,4062,58.47,58.89,58.38,58.66,51.4123,4598500.0,0.0,1.0
2014-02-27,4063,58.55,59.65,58.45,59.54,52.1836,5659200.0,0.0,1.0
2014-02-28,4064,59.53,60.12,59.325,59.61,52.2449,5882500.0,0.0,1.0
2014-03-03,4065,58.95,59.5,58.81,59.03,51.7366,4088000.0,0.0,1.0
2014-03-04,4066,59.55,60.1,59.55,59.85,52.4553,5599100.0,0.0,1.0
2014-03-05,4067,59.94,59.9699,59.22,59.43,52.0872,3539300.0,0.0,1.0
2014-03-06,4068,59.45,59.92,58.69,58.72,51.4649,5075100.0,0.0,1.0
2014-03-07,4069,58.89,59.08,58.145,58.59,51.3509,4288600.0,0.0,1.0
2014-03-10,4070,58.51,58.915,58.2,58.9,51.6226,3978100.0,0.0,1.0
2014-03-11,4071,58.92,59.02,58.315,58.43,51.2107,3438800.0,0.0,1.0
2014-03-12,4072,58.16,59.21,58.12,59.2,51.8856,4546500.0,0.0,1.0
2014-03-13,4073,59.24,59.33,58.23,58.34,51.1318,4103700.0,0.0,1.0
2014-03-14,4074,58.31,58.98,58.23,58.87,51.5963,4201800.0,0.0,1.0
2014-03-17,4075,59.12,59.29,58.65,58.87,51.5963,3016200.0,0.0,1.0
2014-03-18,4076,58.91,59.7,58.81,59.4,52.0609,4082800.0,0.0,1.0
2014-03-19,4077,59.35,59.74,58.63,59.05,51.7541,2865900.0,0.0,1.0
2014-03-20,4078,58.88,58.89,58.3,58.57,51.3334,3546400.0,0.0,1.0
2014-03-21,4079,58.88,59.75,57.76,57.78,50.64100000000001,7410400.0,0.0,1.0
2014-03-24,4080,57.78,57.99,56.81,57.4,50.308,5910900.0,0.0,1.0
2014-03-25,4081,57.45,57.835,56.94,57.21,50.1414,6410000.0,0.0,1.0
2014-03-26,4082,57.39,58.3,57.24,57.48,50.3781,6628500.0,0.0,1.0
2014-03-27,4083,57.5,58.12,57.17,57.53,50.4219,5472500.0,0.0,1.0
2014-03-28,4084,57.67,58.47,57.4,57.61,50.492,3117500.0,0.0,1.0
2014-03-31,4085,57.94,59.13,57.81,58.86,51.5876,5098900.0,0.0,1.0
2014-04-01,4086,59.13,59.91,58.51,58.82,51.5525,6344300.0,0.0,1.0
2014-04-02,4087,59.17,59.275,58.75,59.15,51.8418,3881400.0,0.0,1.0
2014-04-03,4088,59.83,60.18,58.75,58.97,51.684,5446800.0,0.0,1.0
2014-04-04,4089,59.22,59.96,58.93,59.01,51.7191,5177900.0,0.0,1.0
2014-04-07,4090,59.26,60.08,58.575,58.62,51.3772,5522400.0,0.0,1.0
2014-04-08,4091,58.0,58.93,57.6,58.58,51.3422,6169800.0,0.0,1.0
2014-04-09,4092,58.7,60.46,58.66,60.43,52.9636,6638600.0,0.0,1.0
2014-04-10,4093,60.4,60.4,58.53,58.66,51.4123,5514500.0,0.0,1.0
2014-04-11,4094,58.38,58.89,58.03,58.45,51.2282,5351000.0,0.0,1.0
2014-04-14,4095,58.92,59.6533,58.3,58.95,51.6665,3675600.0,0.0,1.0
2014-04-15,4096,59.19,59.69,58.28,59.42,52.0784,4526200.0,0.0,1.0
2014-04-16,4097,59.4,60.0,59.35,59.96,52.5517,5321800.0,0.0,1.0
2014-04-17,4098,59.73,60.45,59.62,60.43,52.9636,4750000.0,0.0,1.0
2014-04-21,4099,60.44,60.89,59.949,60.86,53.3405,3343000.0,0.0,1.0
2014-04-22,4100,60.9699,61.15,59.97,60.03,52.613,6270800.0,0.0,1.0
2014-04-23,4101,59.67,60.005,59.23,59.56,52.2011,6555400.0,0.0,1.0
2014-04-24,4102,58.31,59.18,57.35,58.68,51.4298,7854500.0,0.0,1.0
2014-04-25,4103,58.7,59.13,58.28,58.5,51.2721,4260400.0,0.0,1.0
2014-04-28,4104,59.67,59.67,58.16,58.97,51.684,4930700.0,0.0,1.0
2014-04-29,4105,59.2,59.67,59.12,59.62,52.2537,5110900.0,0.0,1.0
2014-04-30,4106,59.5,59.58,58.66,59.1,51.7979,5198100.0,0.0,1.0
2014-05-01,4107,59.18,59.705,58.79,59.52,52.166,4173400.0,0.0,1.0
2014-05-02,4108,59.36,59.63,58.75,59.08,51.7804,4122500.0,0.0,1.0
2014-05-05,4109,58.77,58.97,58.04,58.88,51.6051,3805900.0,0.0,1.0
2014-05-06,4110,58.74,59.6,58.45,58.56,51.3247,4185900.0,0.0,1.0
2014-05-07,4111,58.68,59.17,58.05,59.15,51.8418,5453300.0,0.0,1.0
2014-05-08,4112,59.08,59.51,58.79,59.5,52.1485,11023900.0,0.0,1.0
2014-05-09,4113,59.44,59.5,58.43,59.36,52.0258,5098400.0,0.0,1.0
2014-05-12,4114,59.96,60.05,59.06,59.42,52.0784,4982700.0,0.0,1.0
2014-05-13,4115,59.04,60.35,58.76,60.04,53.0512,6843500.0,0.49,1.0
2014-05-14,4116,60.05,60.49,60.0,60.1,53.1043,4050200.0,0.0,1.0
2014-05-15,4117,59.6,59.81,58.01,58.21,51.4343,9782900.0,0.0,1.0
2014-05-16,4118,57.98,58.5,57.81,58.34,51.5491,8677100.0,0.0,1.0
2014-05-19,4119,58.28,58.76,58.22,58.65,51.823,3564300.0,0.0,1.0
2014-05-20,4120,58.65,58.87,58.34,58.66,51.8319,3952800.0,0.0,1.0
2014-05-21,4121,58.76,59.1,58.65,59.07,52.1942,3020700.0,0.0,1.0
2014-05-22,4122,59.13,59.86,58.7,59.72,52.7685,3782400.0,0.0,1.0
2014-05-23,4123,59.63,59.86,59.4,59.8,52.8392,2624600.0,0.0,1.0
2014-05-27,4124,60.0,60.01,59.44,59.73,52.7773,4006600.0,0.0,1.0
2014-05-28,4125,60.23,60.25,59.7,59.7,52.7508,2604600.0,0.0,1.0
2014-05-29,4126,59.91,60.0,59.36,59.47,52.5476,3362100.0,0.0,1.0
2014-05-30,4127,59.38,60.1,59.3,59.86,52.8922,4803000.0,0.0,1.0
2014-06-02,4128,59.75,59.86,58.85,59.49,52.5653,3405700.0,0.0,1.0
2014-06-03,4129,59.31,59.63,59.11,59.35,52.4416,2798200.0,0.0,1.0
2014-06-04,4130,59.18,59.45,58.993,59.22,52.3267,2997400.0,0.0,1.0
2014-06-05,4131,59.28,59.76,59.07,59.58,52.6448,2753800.0,0.0,1.0
2014-06-06,4132,59.85,59.85,59.38,59.63,52.68899999999999,2551300.0,0.0,1.0
2014-06-09,4133,59.57,59.76,59.19,59.74,52.7862,2570100.0,0.0,1.0
2014-06-10,4134,59.82,59.82,59.09,59.75,52.795,2988000.0,0.0,1.0
2014-06-11,4135,59.25,59.842,59.207,59.47,52.5476,2977400.0,0.0,1.0
2014-06-12,4136,59.27,59.5,58.71,58.88,52.0263,3937400.0,0.0,1.0
2014-06-13,4137,59.95,59.95,58.835,58.9,52.0439,2881200.0,0.0,1.0
2014-06-16,4138,58.94,59.17,58.5,58.83,51.9821,3209200.0,0.0,1.0
2014-06-17,4139,58.76,59.33,58.63,59.25,52.3532,2805700.0,0.0,1.0
2014-06-18,4140,59.37,60.0,59.06,59.99,53.0071,3211600.0,0.0,1.0
2014-06-19,4141,60.05,60.2,59.65,59.85,52.8834,2431300.0,0.0,1.0
2014-06-20,4142,60.67,62.14,60.29,62.03,54.8096,11960600.0,0.0,1.0
2014-06-23,4143,62.08,62.4,61.72,62.07,54.845,5103400.0,0.0,1.0
2014-06-24,4144,61.99,62.4,61.59,61.89,54.6859,3809500.0,0.0,1.0
2014-06-25,4145,61.97,63.1,61.97,63.0,55.6667,6416500.0,0.0,1.0
2014-06-26,4146,62.84,63.1,62.44,63.04,55.702,3663000.0,0.0,1.0
2014-06-27,4147,62.97,63.26,62.69,63.1,55.7551,4643700.0,0.0,1.0
2014-06-30,4148,63.34,63.38,62.06,62.17,54.9333,4943600.0,0.0,1.0
2014-07-01,4149,62.63,62.85,62.0,62.5,55.2249,4109000.0,0.0,1.0
2014-07-02,4150,62.45,63.08,62.12,62.7,55.4016,3941000.0,0.0,1.0
2014-07-03,4151,62.9,63.1,62.435,63.06,55.7197,2709100.0,0.0,1.0
2014-07-07,4152,62.83,63.23,62.3244,62.61,55.3221,2627300.0,0.0,1.0
2014-07-08,4153,62.49,62.54,61.87,62.46,55.1896,3449400.0,0.0,1.0
2014-07-09,4154,62.53,62.71,62.27,62.62,55.3309,2748600.0,0.0,1.0
2014-07-10,4155,62.13,62.71,62.0,62.53,55.2514,2619200.0,0.0,1.0
2014-07-11,4156,62.44,62.95,62.27,62.84,55.5253,2400700.0,0.0,1.0
2014-07-14,4157,63.0,63.29,62.71,63.01,55.6755,2436600.0,0.0,1.0
2014-07-15,4158,63.0,63.12,62.73,62.86,55.543,3854400.0,0.0,1.0
2014-07-16,4159,63.05,63.17,62.07,62.81,55.4988,3885700.0,0.0,1.0
2014-07-17,4160,62.36,62.87,62.14,62.26,55.0128,3424700.0,0.0,1.0
2014-07-18,4161,62.48,63.5,62.32,63.47,56.082,3281400.0,0.0,1.0
2014-07-21,4162,63.0,63.69,62.75,63.64,56.2322,3479400.0,0.0,1.0
2014-07-22,4163,63.82,64.15,63.44,63.72,56.3029,3101800.0,0.0,1.0
2014-07-23,4164,63.93,64.44,63.8,64.25,56.7712,5559900.0,0.0,1.0
2014-07-24,4165,64.1,65.7,63.8,64.37,56.8772,5090200.0,0.0,1.0
2014-07-25,4166,64.02,64.1,63.49,63.78,56.3559,2987400.0,0.0,1.0
2014-07-28,4167,63.78,64.8,62.87,63.39,56.0113,3956600.0,0.0,1.0
2014-07-29,4168,63.7,63.81,62.61,62.77,55.4635,5287400.0,0.0,1.0
2014-07-30,4169,63.14,63.18,62.27,62.62,55.3309,3974000.0,0.0,1.0
2014-07-31,4170,61.97,62.45,60.94,61.06,53.9525,5485600.0,0.0,1.0
2014-08-01,4171,60.77,61.06,60.19,60.68,53.6168,1400322.0,0.0,1.0
2014-08-04,4172,61.0,61.69,60.75,61.63,54.4562,1166928.0,0.0,1.0
2014-08-05,4173,61.5,61.698,60.74,60.87,53.7846,3389600.0,0.0,1.0
2014-08-06,4174,60.91,61.42,60.71,61.11,53.9967,2682800.0,0.0,1.0
2014-08-07,4175,61.4,61.42,60.14,60.35,53.3252,2352400.0,0.0,1.0
2014-08-08,4176,60.48,61.04,60.34,60.98,53.8818,2665400.0,0.0,1.0
2014-08-11,4177,61.35,61.87,61.06,61.08,53.9702,2850400.0,0.0,1.0
2014-08-12,4178,61.07,61.46,61.0,61.37,54.2264,3481500.0,0.0,1.0
2014-08-13,4179,61.24,61.49,60.46,60.59,53.9702,4136900.0,0.49,1.0
2014-08-14,4180,60.78,61.22,60.78,61.19,54.5046,1801600.0,0.0,1.0
2014-08-15,4181,61.33,61.46,60.5,60.84,54.1929,3075600.0,0.0,1.0
2014-08-18,4182,61.18,61.45,61.07,61.35,54.6472,2198300.0,0.0,1.0
2014-08-19,4183,61.89,62.36,61.32,62.16,55.3687,3504600.0,0.0,1.0
2014-08-20,4184,61.94,62.24,61.67,62.01,55.235,2082200.0,0.0,1.0
2014-08-21,4185,62.37,62.44,61.91,62.03,55.2529,2833400.0,0.0,1.0
2014-08-22,4186,62.01,62.81,61.9,62.32,55.5112,3147200.0,0.0,1.0
2014-08-25,4187,62.43,63.13,62.19,62.73,55.8764,2031700.0,0.0,1.0
2014-08-26,4188,62.71,63.02,62.62,62.81,55.9476,1867400.0,0.0,1.0
2014-08-27,4189,63.19,63.29,62.8,63.0,56.1169,3057300.0,0.0,1.0
2014-08-28,4190,62.81,63.27,62.54,63.11,56.2149,2162000.0,0.0,1.0
2014-08-29,4191,63.37,63.59,62.97,63.56,56.6157,3373600.0,0.0,1.0
2014-09-02,4192,63.6,63.8697,63.48,63.68,56.7226,3470600.0,0.0,1.0
2014-09-03,4193,63.91,64.16,63.745,64.15,57.1412,4655400.0,0.0,1.0
2014-09-04,4194,64.12,64.37,64.0,64.22,57.2036,5792000.0,0.0,1.0
2014-09-05,4195,64.11,64.82,63.97,64.72,57.649,5445900.0,0.0,1.0
2014-09-08,4196,64.62,65.245,64.59,65.0,57.8984,4246700.0,0.0,1.0
2014-09-09,4197,64.73,64.825,64.1,64.44,57.3996,4732400.0,0.0,1.0
2014-09-10,4198,64.84,64.96,64.33,64.78,57.7024,3893000.0,0.0,1.0
2014-09-11,4199,64.65,65.195,64.56,65.18,58.0587,3577000.0,0.0,1.0
2014-09-12,4200,65.25,65.54,64.995,65.27,58.1389,5376800.0,0.0,1.0
2014-09-15,4201,65.14,65.24,64.79,65.19,58.0676,2720900.0,0.0,1.0
2014-09-16,4202,65.25,65.91,64.9,65.8,58.611,2867100.0,0.0,1.0
2014-09-17,4203,65.77,66.18,65.66,65.91,58.7089,5096200.0,0.0,1.0
2014-09-18,4204,66.08,66.66,66.04,66.59,59.3147,4076700.0,0.0,1.0
2014-09-19,4205,66.99,67.14,66.4,66.53,59.2612,6504900.0,0.0,1.0
2014-09-22,4206,66.32,66.365,65.75,66.08,58.8604,3566481.0,0.0,1.0
2014-09-23,4207,65.65,66.12,65.5,65.95,58.7446,2706055.0,0.0,1.0
2014-09-24,4208,66.32,66.55,66.08,66.19,58.9584,2982978.0,0.0,1.0
2014-09-25,4209,65.97,66.14,65.5,65.58,58.415,3109669.0,0.0,1.0
2014-09-26,4210,65.8,65.8,64.99,65.48,58.3259,2925414.0,0.0,1.0
2014-09-29,4211,65.06,65.45,64.83,65.34,58.2012,3522866.0,0.0,1.0
2014-09-30,4212,65.43,65.57,64.825,64.85,57.7648,4947524.0,0.0,1.0
2014-10-01,4213,65.88,65.88,64.7,65.08,57.9696,4250991.0,0.0,1.0
2014-10-02,4214,65.09,65.146,64.38,64.83,57.7469,4313647.0,0.0,1.0
2014-10-03,4215,65.22,65.76,65.12,65.67,58.4952,3609758.0,0.0,1.0
2014-10-06,4216,65.93,65.97,65.385,65.62,58.4506,3430142.0,0.0,1.0
2014-10-07,4217,65.13,65.19,64.1,64.22,57.2036,6157394.0,0.0,1.0
2014-10-08,4218,63.85,65.26,63.4,65.24,58.1122,3411191.0,0.0,1.0
2014-10-09,4219,64.94,65.38,64.29,64.3,57.2749,3632078.0,0.0,1.0
2014-10-10,4220,64.02,65.108,63.83,64.15,57.1412,3281204.0,0.0,1.0
2014-10-13,4221,64.06,64.52,63.23,63.28,56.3663,4030303.0,0.0,1.0
2014-10-14,4222,63.75,63.94,62.77,63.14,56.2416,4432881.0,0.0,1.0
2014-10-15,4223,61.91,63.14,60.58,62.87,56.0011,6814121.0,0.0,1.0
2014-10-16,4224,62.02,62.55,61.1,61.9,55.1371,5488362.0,0.0,1.0
2014-10-17,4225,62.45,62.81,61.9,62.58,55.7428,5329368.0,0.0,1.0
2014-10-20,4226,62.63,63.1,62.4,63.1,56.206,2900656.0,0.0,1.0
2014-10-21,4227,63.41,64.75,63.41,64.68,57.6133,3478248.0,0.0,1.0
2014-10-22,4228,64.59,65.3,64.58,64.68,57.6133,4294483.0,0.0,1.0
2014-10-23,4229,64.27,65.2,63.78,64.35,57.3194,6349346.0,0.0,1.0
2014-10-24,4230,64.58,66.24,64.4,66.05,58.8337,4784720.0,0.0,1.0
2014-10-27,4231,65.94,66.62,65.79,66.2,58.9673,4109765.0,0.0,1.0
2014-10-28,4232,66.0,66.1,63.74,64.83,57.7469,8990971.0,0.0,1.0
2014-10-29,4233,65.0,65.97,64.78,65.49,58.3348,6205970.0,0.0,1.0
2014-10-30,4234,65.4,66.98,65.3101,66.8,59.5017,4134560.0,0.0,1.0
2014-10-31,4235,67.3,67.43,65.91,66.33,59.0831,4471929.0,0.0,1.0
2014-11-03,4236,66.05,66.66,66.03,66.54,59.2701,3445410.0,0.0,1.0
2014-11-04,4237,66.88,67.23,66.45,67.17,59.8313,4057953.0,0.0,1.0
2014-11-05,4238,67.42,67.61,66.76,66.99,59.67100000000001,3073881.0,0.0,1.0
2014-11-06,4239,67.03,67.23,66.65,66.96,59.6442,3091816.0,0.0,1.0
2014-11-07,4240,66.82,66.93,66.25,66.6,59.3236,3796776.0,0.0,1.0
2014-11-10,4241,66.82,68.42,66.42,68.35,60.8824,4438084.0,0.0,1.0
2014-11-11,4242,68.35,68.67,67.805,67.85,60.437,5285285.0,0.0,1.0
2014-11-12,4243,67.35,67.845,67.02,67.4,60.4726,4499431.0,0.49,1.0
2014-11-13,4244,67.68,68.16,67.405,67.68,60.7238,3292719.0,0.0,1.0
2014-11-14,4245,67.68,67.72,67.12,67.33,60.4098,2333268.0,0.0,1.0
2014-11-17,4246,67.07,67.35,66.94,67.29,60.3739,3309283.0,0.0,1.0
2014-11-18,4247,67.19,68.0,67.01,67.78,60.8136,3705553.0,0.0,1.0
2014-11-19,4248,67.66,67.66,66.91,67.21,60.3022,3126033.0,0.0,1.0
2014-11-20,4249,66.96,67.08,66.56,66.8,59.9343,2467579.0,0.0,1.0
2014-11-21,4250,67.45,67.5,67.03,67.36,60.4367,5892030.0,0.0,1.0
2014-11-24,4251,67.61,67.665,66.85,66.93,60.0509,4574094.0,0.0,1.0
2014-11-25,4252,66.86,67.22,66.751,66.85,59.9792,4380001.0,0.0,1.0
2014-11-26,4253,67.03,67.39,66.89,67.32,60.4008,2372935.0,0.0,1.0
2014-11-28,4254,67.73,68.55,67.6,68.12,61.1186,2237833.0,0.0,1.0
2014-12-01,4255,67.97,68.765,67.6,68.51,61.4685,4669454.0,0.0,1.0
2014-12-02,4256,68.63,70.77,68.59,70.38,63.1463,8413446.0,0.0,1.0
2014-12-03,4257,70.28,71.16,70.0,71.13,63.8193,6423409.0,0.0,1.0
2014-12-04,4258,70.98,72.435,70.84,72.38,64.9408,6519139.0,0.0,1.0
2014-12-05,4259,72.09,72.21,71.68,71.85,64.4653,5787520.0,0.0,1.0
2014-12-08,4260,71.97,72.86,71.82,72.83,65.3445,4915119.0,0.0,1.0
2014-12-09,4261,72.18,72.26,71.53,72.21,64.7883,3778395.0,0.0,1.0
2014-12-10,4262,71.9,72.2,71.0,71.05,63.7475,4117536.0,0.0,1.0
2014-12-11,4263,73.63,75.1,71.54,71.61,64.2499,10900743.0,0.0,1.0
2014-12-12,4264,71.46,71.65,69.47,69.55,62.4016,7844332.0,0.0,1.0
2014-12-15,4265,69.68,70.72,69.42,69.67,62.5093,5718844.0,0.0,1.0
2014-12-16,4266,69.39,71.35,69.03,69.26,62.1415,4926342.0,0.0,1.0
2014-12-17,4267,69.56,70.7,69.23,70.28,63.0566,5516016.0,0.0,1.0
2014-12-18,4268,71.2,72.48,70.91,72.45,65.0036,5875562.0,0.0,1.0
2014-12-19,4269,72.24,72.66,71.33,72.4,64.9587,8311266.0,0.0,1.0
2014-12-22,4270,70.94,71.59,70.25,71.42,64.0794,4622855.0,0.0,1.0
2014-12-23,4271,71.67,71.73,69.01,69.74,62.5721,4776153.0,0.0,1.0
2014-12-24,4272,70.04,70.71,70.04,70.16,62.949,1507770.0,0.0,1.0
2014-12-26,4273,70.29,70.99,70.26100000000001,70.39,63.1553,1438221.0,0.0,1.0
2014-12-29,4274,69.92,70.39,69.8878,70.1,62.8951,1739618.0,0.0,1.0
2014-12-30,4275,69.88,70.16,69.44,69.64,62.4824,2726083.0,0.0,1.0
2014-12-31,4276,69.94,70.5,68.93,68.99,61.8992,2490989.0,0.0,1.0
2015-01-02,4277,69.77,70.8199,69.72,70.06,62.8592,3146155.0,0.0,1.0
2015-01-05,4278,69.73,70.09,69.15,69.37,62.2401,4845547.0,0.0,1.0
2015-01-06,4279,69.92,70.91,69.2,69.72,62.5542,5127426.0,0.0,1.0
2015-01-07,4280,70.03,70.529,68.45,69.23,62.1145,9042973.0,0.0,1.0
2015-01-08,4281,70.0,71.49,69.66,70.87,63.58600000000001,7472181.0,0.0,1.0
2015-01-09,4282,70.03,70.11,69.01,69.93,62.7426,8107336.0,0.0,1.0
2015-01-12,4283,70.22,70.61,69.28,69.42,62.285,5797635.0,0.0,1.0
2015-01-13,4284,70.07,70.8,68.81,69.38,62.2491,3444341.0,0.0,1.0
2015-01-14,4285,68.77,69.88,68.71,69.76,62.5901,3376087.0,0.0,1.0
2015-01-15,4286,70.44,71.27,69.73,69.74,62.5721,4054993.0,0.0,1.0
2015-01-16,4287,69.59,70.88,69.44,70.68,63.4155,4263309.0,0.0,1.0
2015-01-20,4288,70.87,72.0957,70.87,72.03,64.6268,6158859.0,0.0,1.0
2015-01-21,4289,71.62,72.5,71.11,72.24,64.8152,5092000.0,0.0,1.0
2015-01-22,4290,72.69,72.695,71.64,72.46,65.0126,4582380.0,0.0,1.0
2015-01-23,4291,72.46,72.86,72.05,72.13,64.7165,2903225.0,0.0,1.0
2015-01-26,4292,71.86,72.17,71.06,72.11,64.6985,3466643.0,0.0,1.0
2015-01-27,4293,71.76,72.14,71.45,71.73,64.3576,3661642.0,0.0,1.0
2015-01-28,4294,72.11,72.38,70.76,70.97,63.6757,3105224.0,0.0,1.0
2015-01-29,4295,70.97,72.16,70.42,72.11,64.6985,4416650.0,0.0,1.0
2015-01-30,4296,73.02,73.47,71.58,72.0,64.5998,6720105.0,0.0,1.0
2015-02-02,4297,71.87,72.0,70.23,71.69,64.3217,6274504.0,0.0,1.0
2015-02-03,4298,71.59,71.64,69.85,70.89,63.6039,6811485.0,0.0,1.0
2015-02-04,4299,70.23,70.49,69.77,70.22,63.0028,5376408.0,0.0,1.0
2015-02-05,4300,70.7,71.57,70.68,71.41,64.0705,3846977.0,0.0,1.0
2015-02-06,4301,71.16,71.39,70.235,70.36,63.1284,3246009.0,0.0,1.0
2015-02-09,4302,70.0,70.26,69.38,69.61,62.4555,3771228.0,0.0,1.0
2015-02-10,4303,70.11,70.56,69.89,70.5,63.254,6887963.0,0.0,1.0
2015-02-11,4304,70.0,70.62,69.6966,69.95,63.2091,3455591.0,0.5,1.0
2015-02-12,4305,70.19,70.55,69.83,70.53,63.7333,3383464.0,0.0,1.0
2015-02-13,4306,70.69,70.89,70.19,70.56,63.7604,2692385.0,0.0,1.0
2015-02-17,4307,70.41,71.625,70.3,71.56,64.664,3971629.0,0.0,1.0
2015-02-18,4308,71.41,71.45,70.2,71.01,64.167,3800044.0,0.0,1.0
2015-02-19,4309,70.83,71.29,70.7721,71.12,64.2664,2337021.0,0.0,1.0
2015-02-20,4310,70.97,71.96,70.27,71.88,64.9532,3461776.0,0.0,1.0
2015-02-23,4311,71.81,71.92,70.71,71.09,64.2393,3378541.0,0.0,1.0
2015-02-24,4312,71.0,71.5,70.51,70.9,64.0676,3158601.0,0.0,1.0
2015-02-25,4313,70.87,70.87,70.05,70.36,63.5796,3029749.0,0.0,1.0
2015-02-26,4314,70.17,70.31,69.54,70.03,63.2814,4544773.0,0.0,1.0
2015-02-27,4315,69.95,70.5,69.91,70.17,63.4079,3353235.0,0.0,1.0
2015-03-02,4316,70.16,71.14,70.16,71.12,64.2664,3815118.0,0.0,1.0
2015-03-03,4317,71.12,71.15,70.09,70.37,63.5887,4137279.0,0.0,1.0
2015-03-04,4318,70.01,70.82,69.81,70.65,63.8417,3005143.0,0.0,1.0
2015-03-05,4319,70.74,71.09,70.4,70.59,63.7875,3465948.0,0.0,1.0
2015-03-06,4320,70.26,70.26,68.31,68.41,61.8175,5880780.0,0.0,1.0
2015-03-09,4321,68.74,69.74,68.42,69.58,62.8748,5848027.0,0.0,1.0
2015-03-10,4322,69.12,69.43,68.55,68.78,62.1519,3664855.0,0.0,1.0
2015-03-11,4323,68.89,69.33,68.411,68.46,61.8627,3424474.0,0.0,1.0
2015-03-12,4324,68.75,69.63,68.54,69.56,62.8567,2724035.0,0.0,1.0
2015-03-13,4325,69.41,70.05,69.139,69.89,63.1549,3223780.0,0.0,1.0
2015-03-16,4326,70.27,71.395,70.18,71.07,64.2212,3922290.0,0.0,1.0
2015-03-17,4327,70.71,71.26,70.335,70.84,64.0134,2572519.0,0.0,1.0
2015-03-18,4328,70.9,74.17,70.69,73.54,66.4532,6436020.0,0.0,1.0
2015-03-19,4329,73.26,74.58,72.59,74.22,67.0677,7051185.0,0.0,1.0
2015-03-20,4330,75.22,76.2,74.54,76.12,68.7846,10713857.0,0.0,1.0
2015-03-23,4331,76.02,77.46,75.95,76.36,69.0014,6283754.0,0.0,1.0
2015-03-24,4332,76.27,76.7,75.365,75.56,68.2785,5105110.0,0.0,1.0
2015-03-25,4333,75.66,76.48,74.36,74.36,67.1942,5431522.0,0.0,1.0
2015-03-26,4334,74.0,74.35,73.42,73.44,66.3628,4023488.0,0.0,1.0
2015-03-27,4335,73.62,73.99,73.2,73.58,66.4893,4171638.0,0.0,1.0
2015-03-30,4336,74.0,74.2,73.67,73.87,66.7514,3370676.0,0.0,1.0
2015-03-31,4337,73.35,73.98,72.65,72.65,65.649,4347972.0,0.0,1.0
2015-04-01,4338,72.92,72.9695,71.07,71.53,64.6369,5875832.0,0.0,1.0
2015-04-02,4339,71.46,71.78,70.53,71.24,64.3748,3781771.0,0.0,1.0
2015-04-06,4340,71.13,71.71,70.84,71.31,64.4381,3936936.0,0.0,1.0
2015-04-07,4341,71.25,72.08,71.18,71.7,64.7905,3128125.0,0.0,1.0
2015-04-08,4342,71.92,72.28,71.54,72.15,65.1971,3215367.0,0.0,1.0
2015-04-09,4343,72.22,72.56,71.9,72.36,65.3869,2595768.0,0.0,1.0
2015-04-10,4344,72.5,73.98,72.25,73.92,66.7966,3956443.0,0.0,1.0
2015-04-13,4345,73.28,73.64,73.11,73.52,66.4351,4351469.0,0.0,1.0
2015-04-14,4346,73.3,73.75,73.1,73.46,66.3809,3950577.0,0.0,1.0
2015-04-15,4347,73.54,74.02,73.3,73.71,66.6068,4358672.0,0.0,1.0
2015-04-16,4348,73.61,74.0,73.39,73.49,66.408,2880028.0,0.0,1.0
2015-04-17,4349,73.01,73.2,71.96,72.47,65.4863,4379024.0,0.0,1.0
2015-04-20,4350,73.0,73.26,72.295,72.41,65.4321,2540441.0,0.0,1.0
2015-04-21,4351,72.98,73.12,72.06,72.21,65.2514,4048368.0,0.0,1.0
2015-04-22,4352,72.47,72.47,71.88,72.3,65.3327,3505546.0,0.0,1.0
2015-04-23,4353,72.88,72.94,71.07,72.4,65.423,5448691.0,0.0,1.0
2015-04-24,4354,72.22,72.43,71.26,71.58,64.6821,3816293.0,0.0,1.0
2015-04-27,4355,71.93,72.17,70.63,70.89,64.0586,5323938.0,0.0,1.0
2015-04-28,4356,70.62,71.28,70.2,71.18,64.3206,4557987.0,0.0,1.0
2015-04-29,4357,71.86,72.82,71.84,72.28,65.3146,6784012.0,0.0,1.0
2015-04-30,4358,71.96,72.605,71.43,71.87,64.9441,5479276.0,0.0,1.0
2015-05-01,4359,72.26,73.33,71.25,73.12,66.0737,6533359.0,0.0,1.0
2015-05-04,4360,73.25,73.59,72.85,73.05,66.0104,4040680.0,0.0,1.0
2015-05-05,4361,72.83,72.97,71.82,71.91,64.9803,3735944.0,0.0,1.0
2015-05-06,4362,71.97,72.28,71.5404,72.05,65.1068,3567635.0,0.0,1.0
2015-05-07,4363,71.75,72.29,71.715,71.82,64.8989,3628081.0,0.0,1.0
2015-05-08,4364,72.5,73.7,72.5,73.26,66.2002,3713259.0,0.0,1.0
2015-05-11,4365,73.26,73.99,73.19,73.47,66.3899,2958556.0,0.0,1.0
2015-05-12,4366,73.14,73.14,72.31,72.44,65.4592,3152763.0,0.0,1.0
2015-05-13,4367,72.76,73.23,72.485,72.8,65.7845,2682120.0,0.0,1.0
2015-05-14,4368,72.68,73.22,72.43,73.06,66.4713,3364320.0,0.5,1.0
2015-05-15,4369,73.23,73.421,72.59,72.9,66.3257,3464436.0,0.0,1.0
2015-05-18,4370,73.05,73.09,72.62,72.94,66.3621,2161951.0,0.0,1.0
2015-05-19,4371,72.82,73.5801,72.63,73.45,66.8261,3548349.0,0.0,1.0
2015-05-20,4372,73.45,73.69,73.18,73.36,66.7442,1980264.0,0.0,1.0
2015-05-21,4373,73.34,74.35,73.18,74.27,67.5721,3288096.0,0.0,1.0
2015-05-22,4374,74.05,74.33,73.87,74.3,67.5994,3023455.0,0.0,1.0
2015-05-26,4375,73.96,74.37,73.82,74.31,67.6085,4194593.0,0.0,1.0
2015-05-27,4376,74.36,74.985,74.14,74.9,68.1453,2901144.0,0.0,1.0
2015-05-28,4377,74.8,76.48,74.74,76.41,69.5191,4823625.0,0.0,1.0
2015-05-29,4378,76.15,79.55,76.02,78.9,71.7846,11916906.0,0.0,1.0
2015-06-01,4379,78.92,79.85,78.78,79.0,71.8756,4866456.0,0.0,1.0
2015-06-02,4380,78.76,78.76,77.51,77.95,70.9203,4467506.0,0.0,1.0
2015-06-03,4381,78.0,78.17,77.28,77.83,70.8111,3270783.0,0.0,1.0
2015-06-04,4382,77.34,78.6,77.33,77.68,70.6746,3786541.0,0.0,1.0
2015-06-05,4383,77.56,78.26,76.99,78.12,71.0749,2788911.0,0.0,1.0
2015-06-08,4384,77.98,78.85,77.83,78.52,71.4389,6065922.0,0.0,1.0
2015-06-09,4385,78.37,82.89,78.01,82.77,75.3056,10109116.0,0.0,1.0
2015-06-10,4386,81.99,83.49,81.3099,83.18,75.6786,13169403.0,0.0,1.0
2015-06-11,4387,83.11,87.24,83.08,86.59,78.7811,16740826.0,0.0,1.0
2015-06-12,4388,85.89,86.0,83.09,84.21,76.6157,12630477.0,0.0,1.0
2015-06-15,4389,83.57,84.61,83.09,84.08,76.4974,5462684.0,0.0,1.0
2015-06-16,4390,83.91,85.32,83.63,84.78,77.1343,5694510.0,0.0,1.0
2015-06-17,4391,84.68,84.68,83.0101,83.53,75.997,5968167.0,0.0,1.0
2015-06-18,4392,83.89,84.37,82.75,83.04,75.5512,7251541.0,0.0,1.0
2015-06-19,4393,82.47,83.21,82.32,82.63,75.1782,6906636.0,0.0,1.0
2015-06-22,4394,83.3,83.44,82.85,82.92,75.4421,3537136.0,0.0,1.0
2015-06-23,4395,83.75,83.75,82.45,82.67,75.2146,3643465.0,0.0,1.0
2015-06-24,4396,82.5,83.08,82.26,82.26,74.8416,4212053.0,0.0,1.0
2015-06-25,4397,84.16,86.9,84.08,84.8,77.1525,9625022.0,0.0,1.0
2015-06-26,4398,85.19,85.93,84.58,85.85,78.1078,14369757.0,0.0,1.0
2015-06-29,4399,85.35,85.58,83.73,83.78,76.2245,4441878.0,0.0,1.0
2015-06-30,4400,84.5,84.57,83.385,83.49,75.9607,4261232.0,0.0,1.0
2015-07-01,4401,83.8,84.96,83.6,84.85,77.19800000000002,3629052.0,0.0,1.0
2015-07-02,4402,85.21,86.24,84.69,86.14,78.3717,5128085.0,0.0,1.0
2015-07-06,4403,85.31,86.44,85.25,86.35,78.5627,5062808.0,0.0,1.0
2015-07-07,4404,86.64,88.78,86.0601,88.73,80.7281,6911762.0,0.0,1.0
2015-07-08,4405,88.27,88.5,87.17,87.25,79.3816,5330041.0,0.0,1.0
2015-07-09,4406,88.0,88.31,86.9,87.48,79.5908,4767588.0,0.0,1.0
2015-07-10,4407,88.3,88.46,87.7,88.29,80.3278,4471173.0,0.0,1.0
2015-07-13,4408,89.14,90.18,88.67,88.82,80.81,5940508.0,0.0,1.0
2015-07-14,4409,89.05,89.1,87.85,88.76,80.7554,6028749.0,0.0,1.0
2015-07-15,4410,87.79,88.17,86.1,86.38,78.59,6615885.0,0.0,1.0
2015-07-16,4411,86.8,87.46,86.58,87.17,79.3088,5578027.0,0.0,1.0
2015-07-17,4412,87.0,87.435,86.62,87.37,79.4907,4430068.0,0.0,1.0
2015-07-20,4413,87.7,87.92,87.27,87.87,79.9457,4318829.0,0.0,1.0
2015-07-21,4414,87.58,87.69,85.52,85.57,77.8531,8064243.0,0.0,1.0
2015-07-22,4415,83.32,86.8,81.5,86.38,78.59,12677130.0,0.0,1.0
2015-07-23,4416,89.06,89.87,85.62,86.76,78.9358,5258534.0,0.0,1.0
2015-07-24,4417,86.0,86.21,84.16,84.72,77.0797,3460139.0,0.0,1.0
2015-07-27,4418,84.5,84.61,83.34,84.15,76.5611,5420647.0,0.0,1.0
2015-07-28,4419,84.71,85.7,84.5,85.68,77.9532,3027811.0,0.0,1.0
2015-07-29,4420,85.91,85.99,84.71,85.09,77.4164,2711842.0,0.0,1.0
2015-07-30,4421,84.26,84.97,83.975,84.54,76.916,3867841.0,0.0,1.0
2015-07-31,4422,84.88,85.255,84.38,84.51,76.8887,4113617.0,0.0,1.0
2015-08-03,4423,84.81,85.0,83.53,84.14,76.55199999999998,4815748.0,0.0,1.0
2015-08-04,4424,84.49,84.99,83.85,84.05,76.4702,2848178.0,0.0,1.0
2015-08-05,4425,84.68,85.08,83.97,84.73,77.0888,3771986.0,0.0,1.0
2015-08-06,4426,85.14,85.14,81.24,82.7,75.2419,3862324.0,0.0,1.0
2015-08-07,4427,82.5,82.69,80.65,82.27,74.8507,4545326.0,0.0,1.0
2015-08-10,4428,82.82,83.77,82.44,83.51,75.9789,3211620.0,0.0,1.0
2015-08-11,4429,82.81,83.75,82.73,83.54,76.0061,3205573.0,0.0,1.0
2015-08-12,4430,82.71,83.5,81.64,83.38,76.3155,2870245.0,0.5,1.0
2015-08-13,4431,83.2,83.75,82.89,83.03,75.9951,2253924.0,0.0,1.0
2015-08-14,4432,82.91,83.95,82.79,83.91,76.8006,2280244.0,0.0,1.0
2015-08-17,4433,83.26,83.78,82.93,83.47,76.3979,2814715.0,0.0,1.0
2015-08-18,4434,83.83,83.99,83.23,83.39,76.3246,2241397.0,0.0,1.0
2015-08-19,4435,83.14,84.5318,82.57,83.77,76.6724,2651346.0,0.0,1.0
2015-08-20,4436,86.86,88.95,85.81,87.33,79.9308,10887657.0,0.0,1.0
2015-08-21,4437,86.98,87.7,84.53,84.53,77.368,8313608.0,0.0,1.0
2015-08-24,4438,81.6,82.964,79.5,80.73,73.89,8620721.0,0.0,1.0
2015-08-25,4439,82.19,82.6,77.86,78.26,71.6293,6438637.0,0.0,1.0
2015-08-26,4440,79.88,81.3,77.77,81.1,74.2287,7211518.0,0.0,1.0
2015-08-27,4441,81.79,84.04,81.71,83.74,76.645,4703371.0,0.0,1.0
2015-08-28,4442,83.74,84.0,82.77,83.19,76.1416,4861398.0,0.0,1.0
2015-08-31,4443,83.41,84.42,82.05,82.35,75.3728,3445314.0,0.0,1.0
2015-09-01,4444,80.25,81.25,79.4,79.8,73.0388,4300485.0,0.0,1.0
2015-09-02,4445,80.71,81.83,80.3,81.81,74.8785,3257865.0,0.0,1.0
2015-09-03,4446,82.05,82.86,81.34,81.6,74.6863,3227676.0,0.0,1.0
2015-09-04,4447,80.64,81.11,79.68,80.32,73.5147,3416402.0,0.0,1.0
2015-09-08,4448,81.46,82.975,81.26,82.88,75.8578,2643617.0,0.0,1.0
2015-09-09,4449,83.45,83.5,80.89,81.09,74.2195,2839556.0,0.0,1.0
2015-09-10,4450,81.12,81.67,80.5,80.84,73.9907,3667668.0,0.0,1.0
2015-09-11,4451,80.65,81.85,78.74,81.8,74.8694,3645932.0,0.0,1.0
2015-09-14,4452,81.92,82.28,81.28,81.89,74.9517,3197225.0,0.0,1.0
2015-09-15,4453,82.43,83.36,82.11,82.96,75.9311,3532562.0,0.0,1.0
2015-09-16,4454,84.1,84.53,82.61,84.45,77.2948,3844983.0,0.0,1.0
2015-09-17,4455,84.47,92.85,84.28,89.98,82.3563,16918092.0,0.0,1.0
2015-09-18,4456,90.7,91.45,88.38,88.49,80.9925,11578013.0,0.0,1.0
2015-09-21,4457,89.1,89.81,87.11,87.59,80.1688,6644099.0,0.0,1.0
2015-09-22,4458,86.82,87.98,86.62,87.8,80.361,5059529.0,0.0,1.0
2015-09-23,4459,88.0,88.42,86.575,86.69,79.345,4863319.0,0.0,1.0
2015-09-24,4460,86.45,86.54,85.08,85.35,78.1186,5691534.0,0.0,1.0
2015-09-25,4461,86.24,86.43,83.229,84.06,76.9379,5794800.0,0.0,1.0
2015-09-28,4462,83.68,83.86,78.5,79.74,72.9839,8250814.0,0.0,1.0
2015-09-29,4463,80.37,82.2,79.19,80.28,73.4781,7314071.0,0.0,1.0
2015-09-30,4464,81.53,83.77,81.5,83.69,76.5992,6745657.0,0.0,1.0
2015-10-01,4465,83.6,85.32,83.4,85.18,77.96300000000002,5350444.0,0.0,1.0
2015-10-02,4466,84.16,87.55,83.59,87.52,80.1047,5616534.0,0.0,1.0
2015-10-05,4467,88.08,88.48,85.595,86.57,79.2352,5298248.0,0.0,1.0
2015-10-06,4468,86.39,86.5049,82.08,84.17,77.0386,5521178.0,0.0,1.0
2015-10-07,4469,84.3,84.85,82.4,83.99,76.8738,5131882.0,0.0,1.0
2015-10-08,4470,83.15,83.99,81.79,83.77,76.6724,4595447.0,0.0,1.0
2015-10-09,4471,85.33,86.57,85.0,86.14,78.8416,5115109.0,0.0,1.0
2015-10-12,4472,78.58,80.75,78.3,79.44,72.7093,26477392.0,0.0,1.0
2015-10-13,4473,79.79,81.25,79.54,79.62,72.8741,10104709.0,0.0,1.0
2015-10-14,4474,80.97,82.0,79.05,79.25,72.5354,9492494.0,0.0,1.0
2015-10-15,4475,79.34,80.08,78.81,79.86,73.0937,6408613.0,0.0,1.0
2015-10-16,4476,80.58,81.53,79.96,81.51,74.6039,5519788.0,0.0,1.0
2015-10-19,4477,81.13,81.3,79.47,80.25,73.4507,5869929.0,0.0,1.0
2015-10-20,4478,80.15,80.34,77.625,77.79,71.1991,7458024.0,0.0,1.0
2015-10-21,4479,78.23,78.38,75.92,77.01,70.4852,8971393.0,0.0,1.0
2015-10-22,4480,77.22,77.84,75.16,76.98,70.4577,10075325.0,0.0,1.0
2015-10-23,4481,77.55,79.08,77.27,78.31,71.675,5679211.0,0.0,1.0
2015-10-26,4482,78.31,79.8625,77.7733,79.11,72.4073,4755216.0,0.0,1.0
2015-10-27,4483,79.5,80.95,79.5,80.91,74.0548,4771583.0,0.0,1.0
2015-10-28,4484,81.2,83.1,80.39,83.07,76.0317,5710349.0,0.0,1.0
2015-10-29,4485,82.3,83.57,81.29,82.0,75.0524,5158560.0,0.0,1.0
2015-10-30,4486,82.08,82.55,81.57,81.57,74.6588,4044278.0,0.0,1.0
2015-11-02,4487,81.14,82.18,80.81,82.04,75.089,3473936.0,0.0,1.0
2015-11-03,4488,82.23,82.54,81.13,81.67,74.7504,4824986.0,0.0,1.0
2015-11-04,4489,82.15,82.15,80.9271,81.05,74.1829,3401909.0,0.0,1.0
2015-11-05,4490,81.0,81.4,79.66,80.61,73.7802,3786981.0,0.0,1.0
2015-11-06,4491,80.3,80.59,78.44,80.46,73.6429,6081925.0,0.0,1.0
2015-11-09,4492,80.03,80.29,78.58,79.36,72.6361,4160242.0,0.0,1.0
2015-11-10,4493,78.71,80.32,78.71,80.06,73.7344,3302610.0,0.5,1.0
2015-11-11,4494,80.1,81.28,79.97,80.7,74.3238,3323442.0,0.0,1.0
2015-11-12,4495,80.55,80.76,79.8,79.86,73.5502,3647843.0,0.0,1.0
2015-11-13,4496,79.66,80.27,79.18,79.55,73.2647,3638556.0,0.0,1.0
2015-11-16,4497,80.0,81.255,79.98,81.23,74.812,3318932.0,0.0,1.0
2015-11-17,4498,80.93,82.43,80.63,81.3,74.8764,3012325.0,0.0,1.0
2015-11-18,4499,81.49,83.755,81.39,83.65,77.0408,3916618.0,0.0,1.0
2015-11-19,4500,83.2,83.88,82.725,83.72,77.1052,3156077.0,0.0,1.0
2015-11-20,4501,84.3,85.5,84.11,84.47,77.796,4251456.0,0.0,1.0
2015-11-23,4502,84.5,84.92,84.12,84.74,78.0446,4033055.0,0.0,1.0
2015-11-24,4503,83.56,84.32,83.05,83.88,77.2526,3431194.0,0.0,1.0
2015-11-25,4504,83.88,84.42,83.55,83.74,77.1237,2529703.0,0.0,1.0
2015-11-27,4505,83.77,84.25,83.6,83.65,77.0408,1253753.0,0.0,1.0
2015-11-30,4506,83.76,84.03,82.04,82.04,75.558,6561475.0,0.0,1.0
2015-12-01,4507,84.21,86.53,83.34,86.5,79.6656,7368312.0,0.0,1.0
2015-12-02,4508,86.26,86.73,84.42,84.56,77.8789,4444774.0,0.0,1.0
2015-12-03,4509,84.65,84.84,82.56,83.06,76.4974,3669722.0,0.0,1.0
2015-12-04,4510,83.47,87.28,83.43,86.62,79.7761,6987562.0,0.0,1.0
2015-12-07,4511,87.45,88.16,85.89,86.38,79.5551,4379047.0,0.0,1.0
2015-12-08,4512,85.62,87.67,85.565,86.41,79.5827,4761004.0,0.0,1.0
2015-12-09,4513,86.02,86.32,83.57,83.86,77.2342,5479503.0,0.0,1.0
2015-12-10,4514,84.23,85.51,83.36,84.91,78.2012,3667215.0,0.0,1.0
2015-12-11,4515,83.8,84.38,83.12,83.29,76.7092,3737612.0,0.0,1.0
2015-12-14,4516,83.36,84.71,82.97,84.68,77.9894,5208392.0,0.0,1.0
2015-12-15,4517,85.18,85.98,85.02,85.52,78.763,3975544.0,0.0,1.0
2015-12-16,4518,86.0,86.58,84.05,86.29,79.4722,2983371.0,0.0,1.0
2015-12-17,4519,86.75,87.205,86.2,86.22,79.4077,3928182.0,0.0,1.0
2015-12-18,4520,85.57,85.98,84.77,84.77,78.0723,5800701.0,0.0,1.0
2015-12-21,4521,85.72,86.45,85.15,86.04,79.2419,3742321.0,0.0,1.0
2015-12-22,4522,86.27,86.47,85.27,85.91,79.1222,2446147.0,0.0,1.0
2015-12-23,4523,86.36,86.87,86.13,86.2,79.3893,2804151.0,0.0,1.0
2015-12-24,4524,85.98,86.15,85.47,85.85,79.0669,1486939.0,0.0,1.0
2015-12-28,4525,85.58,85.7,84.89,85.49,78.7354,2031745.0,0.0,1.0
2015-12-29,4526,85.84,86.87,85.6,86.25,79.4353,2097692.0,0.0,1.0
2015-12-30,4527,86.45,87.1,86.14,86.2,79.3893,1969818.0,0.0,1.0
2015-12-31,4528,85.72,85.75,84.08,84.26,77.6026,3178502.0,0.0,1.0
2016-01-04,4529,83.4,83.6,81.79,82.87,76.3224,6907076.0,0.0,1.0
2016-01-05,4530,82.9,85.4,82.87,84.11,77.4644,7463864.0,0.0,1.0
2016-01-06,4531,82.69,84.88,82.495,83.58,76.9763,6628332.0,0.0,1.0
2016-01-07,4532,81.63,82.81,80.83,81.41,74.9777,5832405.0,0.0,1.0
2016-01-08,4533,81.67,82.485,81.04,81.25,74.8304,5880152.0,0.0,1.0
2016-01-11,4534,81.3,81.92,78.83,80.27,73.9278,4889341.0,0.0,1.0
2016-01-12,4535,80.61,81.0,79.52,80.4,74.0476,4329031.0,0.0,1.0
2016-01-13,4536,80.74,80.8162,79.09,79.3,73.0345,4628359.0,0.0,1.0
2016-01-14,4537,79.28,82.73,78.62,82.54,76.0185,8253667.0,0.0,1.0
2016-01-15,4538,80.69,81.58,80.08,81.24,74.8212,6673512.0,0.0,1.0
2016-01-19,4539,82.31,84.8,81.96,83.23,76.654,9161078.0,0.0,1.0
2016-01-20,4540,81.85,83.47,80.41,82.62,76.0921,8351906.0,0.0,1.0
2016-01-21,4541,82.56,82.62,80.59,81.4,74.9685,4930961.0,0.0,1.0
2016-01-22,4542,82.4,83.16,81.91,82.48,75.9632,3456326.0,0.0,1.0
2016-01-25,4543,82.5,83.2,81.62,81.71,75.25399999999998,2632771.0,0.0,1.0
2016-01-26,4544,81.75,82.17,80.91,81.96,75.4843,4583353.0,0.0,1.0
2016-01-27,4545,81.61,83.25,80.96,81.76,75.3001,4341852.0,0.0,1.0
2016-01-28,4546,81.87,82.49,76.54,76.81,70.7412,10128508.0,0.0,1.0
2016-01-29,4547,77.36,79.42,77.23,79.1,72.8503,7042494.0,0.0,1.0
2016-02-01,4548,78.21,79.16,77.28,78.4,72.2056,4056000.0,0.0,1.0
2016-02-02,4549,77.66,78.3,76.09,76.3,70.2715,4804168.0,0.0,1.0
2016-02-03,4550,76.46,77.55,74.18,76.09,70.0781,6966427.0,0.0,1.0
2016-02-04,4551,75.95,76.53,73.44,74.28,68.4111,6339210.0,0.0,1.0
2016-02-05,4552,74.16,75.82,73.5501,74.32,68.4479,6312782.0,0.0,1.0
2016-02-08,4553,73.55,74.58,72.83,74.19,68.3282,4348609.0,0.0,1.0
2016-02-09,4554,73.43,74.96,72.72,73.74,67.9138,5159999.0,0.0,1.0
2016-02-10,4555,73.73,74.87,72.98,73.07,67.7664,4748135.0,0.51,1.0
2016-02-11,4556,72.2,72.63,70.83,71.42,66.2362,5425363.0,0.0,1.0
2016-02-12,4557,71.57,71.73,70.43,71.27,66.0971,6332599.0,0.0,1.0
2016-02-16,4558,71.95,73.42,71.93,73.33,68.0075,4811214.0,0.0,1.0
2016-02-17,4559,74.01,74.92,73.09,74.68,69.2595,4000056.0,0.0,1.0
2016-02-18,4560,73.42,74.55,73.16,73.47,68.1374,5620449.0,0.0,1.0
2016-02-19,4561,72.69,73.07,72.2,72.61,67.3398,6650801.0,0.0,1.0
2016-02-22,4562,72.91,73.64,72.1,73.01,67.7108,5672321.0,0.0,1.0
2016-02-23,4563,73.1,74.5,73.06,73.47,68.1374,4411185.0,0.0,1.0
2016-02-24,4564,73.33,74.28,72.64,74.1,68.7216,3636052.0,0.0,1.0
2016-02-25,4565,74.27,74.89,73.77,74.82,69.3894,4307058.0,0.0,1.0
2016-02-26,4566,75.42,75.79,73.41,73.6,68.2579,4807828.0,0.0,1.0
2016-02-29,4567,73.37,73.37,71.98,72.0,66.7741,5729917.0,0.0,1.0
2016-03-01,4568,72.63,72.81,71.86,72.74,67.4604,4541719.0,0.0,1.0
2016-03-02,4569,72.73,74.05,72.44,74.02,68.6474,6738839.0,0.0,1.0
2016-03-03,4570,73.8,73.89,72.58,73.25,67.9333,4526493.0,0.0,1.0
2016-03-04,4571,73.37,74.06,72.9,73.6,68.2579,3481560.0,0.0,1.0
2016-03-07,4572,73.17,73.96,72.8,73.4,68.0724,3443068.0,0.0,1.0
2016-03-08,4573,72.94,74.55,72.89,73.0,67.7015,3260547.0,0.0,1.0
2016-03-09,4574,73.51,73.94,73.0,73.54,68.2023,2372034.0,0.0,1.0
2016-03-10,4575,74.0,74.21,72.43,73.02,67.72,4419264.0,0.0,1.0
2016-03-11,4576,73.47,74.95,73.19,74.65,69.2317,3527002.0,0.0,1.0
2016-03-14,4577,74.26,74.6,73.79,73.91,68.5454,3201814.0,0.0,1.0
2016-03-15,4578,71.65,72.0,69.6,71.24,66.0692,13748156.0,0.0,1.0
2016-03-16,4579,71.29,72.9,71.17,72.48,67.2192,5287378.0,0.0,1.0
2016-03-17,4580,72.23,72.35,67.88,69.06,64.0475,15421052.0,0.0,1.0
2016-03-18,4581,69.2,71.05,69.06,70.95,65.8003,10131644.0,0.0,1.0
2016-03-21,4582,70.8,71.05,69.84,70.25,65.1511,5900051.0,0.0,1.0
2016-03-22,4583,70.21,72.24,70.16,71.92,66.6999,7655351.0,0.0,1.0
2016-03-23,4584,72.17,72.23,70.91,71.17,66.0043,3884445.0,0.0,1.0
2016-03-24,4585,70.65,71.44,70.2,71.12,65.9579,2892926.0,0.0,1.0
2016-03-28,4586,71.35,71.465,70.38,70.62,65.4942,2661880.0,0.0,1.0
2016-03-29,4587,70.74,71.94,70.66,71.7,66.4958,3814778.0,0.0,1.0
2016-03-30,4588,71.98,72.33,71.07,71.78,66.57,3081028.0,0.0,1.0
2016-03-31,4589,71.77,72.33,71.1,72.01,66.7833,3680000.0,0.0,1.0
2016-04-01,4590,71.6,73.7,71.53,73.42,68.09100000000001,4083598.0,0.0,1.0
2016-04-04,4591,73.56,73.79,72.89,73.18,67.8684,2796315.0,0.0,1.0
2016-04-05,4592,72.78,73.65,72.48,73.04,67.7386,3591779.0,0.0,1.0
2016-04-06,4593,72.8,75.0601,72.8,74.76,69.3337,5669094.0,0.0,1.0
2016-04-07,4594,74.51,75.16,73.85,74.59,69.1761,3724102.0,0.0,1.0
2016-04-08,4595,75.28,75.28,73.86,74.39,68.9906,3225341.0,0.0,1.0
2016-04-11,4596,74.48,74.74,73.795,73.95,68.5825,3351100.0,0.0,1.0
2016-04-12,4597,73.78,75.29,73.53,74.57,69.1575,2849823.0,0.0,1.0
2016-04-13,4598,74.73,75.235,74.08,75.16,69.7047,2341545.0,0.0,1.0
2016-04-14,4599,75.3,75.83,74.795,75.63,70.1406,3022081.0,0.0,1.0
2016-04-15,4600,75.62,76.25,75.0901,75.53,70.0478,3007480.0,0.0,1.0
2016-04-18,4601,75.58,77.26,75.19,77.22,71.6152,4089198.0,0.0,1.0
2016-04-19,4602,77.58,78.5,76.64,77.25,71.643,3819609.0,0.0,1.0
2016-04-20,4603,77.28,77.77,76.575,77.08,71.4853,4049334.0,0.0,1.0
2016-04-21,4604,77.17,78.1,76.91,77.37,71.7543,3286496.0,0.0,1.0
2016-04-22,4605,77.1,77.94,76.934,77.83,72.1809,2697164.0,0.0,1.0
2016-04-25,4606,77.46,78.0,77.15,77.94,72.2829,3767105.0,0.0,1.0
2016-04-26,4607,76.62,78.3,76.09,76.27,70.7341,5347814.0,0.0,1.0
2016-04-27,4608,76.52,77.16,75.82,76.51,70.9567,3690869.0,0.0,1.0
2016-04-28,4609,76.12,76.66,75.672,76.46,70.9103,4382989.0,0.0,1.0
2016-04-29,4610,76.51,76.51,75.1,75.53,70.0478,3386635.0,0.0,1.0
2016-05-02,4611,75.95,77.08,75.81,76.75,71.1793,3572098.0,0.0,1.0
2016-05-03,4612,76.34,76.65,75.5897,76.25,70.7156,3270704.0,0.0,1.0
2016-05-04,4613,75.17,75.62,74.6301,74.87,69.4358,4176841.0,0.0,1.0
2016-05-05,4614,74.72,75.39,74.55,75.27,69.8067,3446378.0,0.0,1.0
2016-05-06,4615,74.715,74.95,73.34,74.6,69.1854,4196917.0,0.0,1.0
2016-05-09,4616,74.78,75.9,74.76,75.59,70.1035,2963185.0,0.0,1.0
2016-05-10,4617,76.29,77.13,76.05,76.89,71.3091,4366043.0,0.0,1.0
2016-05-11,4618,75.97,77.06,75.84,76.31,71.2442,3716280.0,0.51,1.0
2016-05-12,4619,76.72,76.943,75.35600000000002,75.96,70.9175,4081858.0,0.0,1.0
2016-05-13,4620,75.82,77.0501,75.57,76.33,71.2629,3629660.0,0.0,1.0
2016-05-16,4621,75.98,78.47,75.84,78.29,73.0928,4580106.0,0.0,1.0
2016-05-17,4622,78.21,78.71,75.52,76.39,71.3189,7153268.0,0.0,1.0
2016-05-18,4623,76.4,76.85,75.61,76.33,71.2629,4664873.0,0.0,1.0
2016-05-19,4624,75.12,75.23,73.74,74.31,69.377,4848834.0,0.0,1.0
2016-05-20,4625,74.79,75.54,74.68,74.81,69.8438,4689174.0,0.0,1.0
2016-05-23,4626,75.0,75.14,73.92,74.08,69.1623,4441221.0,0.0,1.0
2016-05-24,4627,74.55,75.2,74.36,74.99,70.0118,3712042.0,0.0,1.0
2016-05-25,4628,75.49,75.5,74.45,74.54,69.5917,4621719.0,0.0,1.0
2016-05-26,4629,74.6,75.6,74.27,75.52,70.5067,2654566.0,0.0,1.0
2016-05-27,4630,75.52,75.725,74.665,74.99,70.0118,3247520.0,0.0,1.0
2016-05-31,4631,75.01,75.6299,74.71,75.03,70.0492,4438763.0,0.0,1.0
2016-06-01,4632,74.9,75.44,74.68,74.94,69.9652,2450242.0,0.0,1.0
2016-06-02,4633,75.22,75.68,74.9,75.46,70.4506,3231683.0,0.0,1.0
2016-06-03,4634,75.5,75.6,74.25,75.12,70.1332,5318973.0,0.0,1.0
2016-06-06,4635,75.11,75.4962,74.2,74.84,69.8718,3253932.0,0.0,1.0
2016-06-07,4636,74.62,75.0499,74.51,74.7,69.7411,2902857.0,0.0,1.0
2016-06-08,4637,74.66,75.09,74.4,74.91,69.9372,3194883.0,0.0,1.0
2016-06-09,4638,74.77,75.54,74.24,74.43,69.48899999999999,2760462.0,0.0,1.0
2016-06-10,4639,74.09,74.19,73.17,73.95,69.0409,4124192.0,0.0,1.0
2016-06-13,4640,74.08,74.97,73.67,73.86,68.9569,3767004.0,0.0,1.0
2016-06-14,4641,73.54,74.37,73.06,74.32,69.3863,3691821.0,0.0,1.0
2016-06-15,4642,74.73,74.89,73.61,73.71,68.8168,3408917.0,0.0,1.0
2016-06-16,4643,73.47,74.47,72.95,74.25,69.321,4788882.0,0.0,1.0
2016-06-17,4644,74.65,75.08,73.475,73.86,68.9569,6604924.0,0.0,1.0
2016-06-20,4645,74.45,74.7,73.22,73.28,68.4154,3640098.0,0.0,1.0
2016-06-21,4646,73.7,73.8,72.53,72.57,67.7525,6000030.0,0.0,1.0
2016-06-22,4647,72.5,73.91,72.5,73.07,68.2193,4410906.0,0.0,1.0
2016-06-23,4648,73.59,73.94,73.2,73.94,69.0315,2989745.0,0.0,1.0
2016-06-24,4649,72.45,75.12,71.87,74.33,69.3957,10471156.0,0.0,1.0
2016-06-27,4650,74.06,75.065,73.2,74.89,69.9185,7658173.0,0.0,1.0
2016-06-28,4651,75.13,76.25,73.75,75.15,70.1612,8011335.0,0.0,1.0
2016-06-29,4652,75.88,78.24,75.87,78.15,72.9621,7123712.0,0.0,1.0
2016-06-30,4653,78.2,78.81,77.46,78.75,73.5222,4017154.0,0.0,1.0
2016-07-01,4654,78.89,79.33,78.37,78.95,73.709,2909610.0,0.0,1.0
2016-07-05,4655,78.81,79.9,78.75,79.64,74.3532,3286572.0,0.0,1.0
2016-07-06,4656,79.32,80.4,79.1,80.02,74.7079,4669765.0,0.0,1.0
2016-07-07,4657,79.83,80.05,78.645,79.32,74.0544,3587328.0,0.0,1.0
2016-07-08,4658,79.32,79.9,78.93,79.66,74.3718,3134921.0,0.0,1.0
2016-07-11,4659,79.54,79.77,78.95,79.14,73.8864,3461430.0,0.0,1.0
2016-07-12,4660,79.63,79.84,78.97,79.67,74.3812,4429916.0,0.0,1.0
2016-07-13,4661,79.91,80.03,79.33,79.36,74.0917,2917240.0,0.0,1.0
2016-07-14,4662,79.5,80.69,79.4,80.59,75.2401,3823780.0,0.0,1.0
2016-07-15,4663,80.98,81.0,79.94,80.22,74.8947,4529123.0,0.0,1.0
2016-07-18,4664,80.37,80.59,79.855,79.95,74.6426,3087620.0,0.0,1.0
2016-07-19,4665,79.85,80.25,79.58,79.97,74.6613,3303716.0,0.0,1.0
2016-07-20,4666,80.27,80.52,79.99,80.28,74.9507,2811087.0,0.0,1.0
2016-07-21,4667,80.2,80.6,80.02,80.4,75.0627,2713999.0,0.0,1.0
2016-07-22,4668,80.4,81.71,80.28,81.59,76.1737,4316534.0,0.0,1.0
2016-07-25,4669,81.59,82.0,81.0,81.98,76.5378,4179671.0,0.0,1.0
2016-07-26,4670,82.75,83.35,81.63,82.09,76.6405,5134839.0,0.0,1.0
2016-07-27,4671,82.25,83.59,82.15,83.4,77.8636,4057228.0,0.0,1.0
2016-07-28,4672,83.25,83.39,81.95,82.93,77.4248,4862023.0,0.0,1.0
2016-07-29,4673,83.07,83.45,82.64,82.89,77.3874,3016000.0,0.0,1.0
2016-08-01,4674,83.02,83.785,82.94,83.18,77.6582,3131148.0,0.0,1.0
2016-08-02,4675,83.14,83.7,82.57,83.32,77.7889,3340132.0,0.0,1.0
2016-08-03,4676,83.42,83.42,82.36,82.72,77.2287,2940868.0,0.0,1.0
2016-08-04,4677,83.02,83.02,82.37,82.42,76.9486,2093693.0,0.0,1.0
2016-08-05,4678,82.42,82.52,81.04,81.56,76.1457,5886901.0,0.0,1.0
2016-08-08,4679,81.44,81.85,80.46,81.6,76.183,4227300.0,0.0,1.0
2016-08-09,4680,81.75,82.14,80.7,81.5,76.0897,2243034.0,0.0,1.0
2016-08-10,4681,80.12,81.16,79.67,80.56,75.2121,4956708.0,0.0,1.0
2016-08-11,4682,79.98,80.665,79.98,80.56,75.6882,2407996.0,0.51,1.0
2016-08-12,4683,80.19,80.72,79.9,80.22,75.3688,2525029.0,0.0,1.0
2016-08-15,4684,80.33,80.62,80.07,80.26,75.4064,2780381.0,0.0,1.0
2016-08-16,4685,80.25,80.3999,79.84,79.84,75.0118,2158733.0,0.0,1.0
2016-08-17,4686,80.16,80.35,79.58,80.11,75.2654,2519548.0,0.0,1.0
2016-08-18,4687,80.1,80.38,79.49,79.78,74.9554,3037728.0,0.0,1.0
2016-08-19,4688,79.55,79.79,78.78,79.06,74.2789,3746012.0,0.0,1.0
2016-08-22,4689,79.32,79.9,79.02,79.29,74.495,3157037.0,0.0,1.0
2016-08-23,4690,79.68,79.97,79.445,79.57,74.7581,3407537.0,0.0,1.0
2016-08-24,4691,79.7,79.99,78.18,78.44,73.6964,3422979.0,0.0,1.0
2016-08-25,4692,78.44,79.17,77.8,78.01,73.2924,2800533.0,0.0,1.0
2016-08-26,4693,78.05,78.82,77.84,78.24,73.5085,2602317.0,0.0,1.0
2016-08-29,4694,78.33,78.74,78.05,78.6,73.8468,2203303.0,0.0,1.0
2016-08-30,4695,78.6,78.6,77.63,77.77,73.067,2026249.0,0.0,1.0
2016-08-31,4696,77.89,78.09,77.53,77.75,73.0482,2182644.0,0.0,1.0
2016-09-01,4697,77.75,78.0,76.8,77.23,72.5596,3544701.0,0.0,1.0
2016-09-02,4698,77.52,77.63,76.45,76.85,72.2026,3943353.0,0.0,1.0
2016-09-06,4699,77.12,78.7,77.12,78.51,73.7622,5528599.0,0.0,1.0
2016-09-07,4700,78.49,78.885,78.26,78.59,73.8374,2972177.0,0.0,1.0
2016-09-08,4701,80.03,80.17,79.41,79.89,75.0587,4405396.0,0.0,1.0
2016-09-09,4702,79.62,79.62,78.2,78.24,73.5085,4152468.0,0.0,1.0
2016-09-12,4703,77.99,79.29,77.81,79.08,74.2977,3288904.0,0.0,1.0
2016-09-13,4704,78.87,78.87,77.99,78.48,73.734,3148995.0,0.0,1.0
2016-09-14,4705,78.67,79.24,78.02,78.29,73.5555,2660924.0,0.0,1.0
2016-09-15,4706,78.12,79.06,77.77,78.82,74.0535,2653694.0,0.0,1.0
2016-09-16,4707,78.7,78.91,78.17,78.8,74.0347,4255102.0,0.0,1.0
2016-09-19,4708,78.79,79.37,78.49,79.16,74.3729,3321540.0,0.0,1.0
2016-09-20,4709,79.63,80.345,79.285,79.88,75.0494,3629503.0,0.0,1.0
2016-09-21,4710,79.8,81.0,79.68,80.87,75.9795,3147586.0,0.0,1.0
2016-09-22,4711,81.05,81.46,80.73,81.29,76.3741,2639754.0,0.0,1.0
2016-09-23,4712,80.97,81.4561,80.77,81.16,76.2519,2196998.0,0.0,1.0
2016-09-26,4713,81.0,81.15,79.499,79.52,74.7111,4332389.0,0.0,1.0
2016-09-27,4714,80.62,80.925,79.61,80.88,75.9889,6888929.0,0.0,1.0
2016-09-28,4715,80.84,81.17,80.02,80.71,75.8292,2467803.0,0.0,1.0
2016-09-29,4716,80.35,80.47,79.23,79.74,74.9178,3269150.0,0.0,1.0
2016-09-30,4717,80.1,80.65,80.03,80.26,75.4064,3622982.0,0.0,1.0
2016-10-03,4718,80.0,81.07,79.69,81.0,76.1016,3983503.0,0.0,1.0
2016-10-04,4719,81.06,81.41,80.68,81.11,76.205,3184071.0,0.0,1.0
2016-10-05,4720,81.35,82.09,81.234,81.75,76.8063,3560429.0,0.0,1.0
2016-10-06,4721,81.25,81.78,80.73,81.47,76.5432,2994223.0,0.0,1.0
2016-10-07,4722,81.57,82.31,81.3,82.09,77.1257,4241408.0,0.0,1.0
2016-10-10,4723,82.13,83.24,82.1,83.06,78.03699999999998,4608430.0,0.0,1.0
2016-10-11,4724,82.6,82.85,81.25,81.81,76.8626,4218223.0,0.0,1.0
2016-10-12,4725,81.81,82.22,80.46,80.51,75.6413,3629801.0,0.0,1.0
2016-10-13,4726,79.93,80.4854,79.6,80.0,75.1621,3565014.0,0.0,1.0
2016-10-14,4727,80.17,80.32,79.21,79.27,74.4762,3143876.0,0.0,1.0
2016-10-17,4728,79.53,79.53,78.01,78.53,73.781,3884657.0,0.0,1.0
2016-10-18,4729,79.09,79.145,78.5,78.77,74.0065,3218290.0,0.0,1.0
2016-10-19,4730,78.96,79.33,78.53,78.56,73.8092,2988801.0,0.0,1.0
2016-10-20,4731,78.73,79.11,78.39,78.74,73.9783,2661919.0,0.0,1.0
2016-10-21,4732,78.54,78.78,78.08,78.25,73.5179,3214735.0,0.0,1.0
2016-10-24,4733,78.49,78.69,77.44,77.57,72.87899999999998,4361748.0,0.0,1.0
2016-10-25,4734,76.88,78.28,75.5,77.75,73.0482,8496226.0,0.0,1.0
2016-10-26,4735,77.42,77.65,76.37,76.76,72.118,2988727.0,0.0,1.0
2016-10-27,4736,77.36,77.42,76.13,76.16,71.5543,3789861.0,0.0,1.0
2016-10-28,4737,75.62,75.68,73.86,74.53,70.0229,5651341.0,0.0,1.0
2016-10-31,4738,74.63,74.74,73.8,73.84,69.3746,3562142.0,0.0,1.0
2016-11-01,4739,73.81,73.98,71.85,72.98,68.5666,8190224.0,0.0,1.0
2016-11-02,4740,73.15,73.49,72.64,72.65,68.2566,4433872.0,0.0,1.0
2016-11-03,4741,72.81,73.28,71.88,72.11,67.7492,4843213.0,0.0,1.0
2016-11-04,4742,72.12,73.03,71.67,72.49,68.1063,3617209.0,0.0,1.0
2016-11-07,4743,73.22,73.93,73.05,73.88,69.4122,4969412.0,0.0,1.0
2016-11-08,4744,73.57,74.47,73.36,74.02,69.5437,2690761.0,0.0,1.0
2016-11-09,4745,77.15,79.3,76.57600000000002,78.39,73.6495,7332730.0,0.0,1.0
2016-11-10,4746,78.96,79.7,78.0,78.34,74.0816,6904770.0,0.51,1.0
2016-11-11,4747,77.97,78.09,76.79,77.67,73.4481,3072650.0,0.0,1.0
2016-11-14,4748,78.01,78.24,76.69,77.02,72.8334,3221676.0,0.0,1.0
2016-11-15,4749,77.43,77.54,76.18,77.32,73.1171,3097568.0,0.0,1.0
2016-11-16,4750,77.52,77.52,76.82,76.94,72.7577,1922331.0,0.0,1.0
2016-11-17,4751,77.0,77.81,76.73,77.71,73.4859,4519168.0,0.0,1.0
2016-11-18,4752,77.58,77.92,76.52,76.67,72.5024,4571592.0,0.0,1.0
2016-11-21,4753,76.8,77.04,76.1,76.64,72.47399999999998,4060274.0,0.0,1.0
2016-11-22,4754,77.81,77.81,75.5,75.99,71.8594,5208711.0,0.0,1.0
2016-11-23,4755,64.34,68.43,64.18,68.0,64.3037,53944289.0,0.0,1.0
2016-11-25,4756,68.53,69.14,67.7801,69.12,65.3628,8620682.0,0.0,1.0
2016-11-28,4757,68.43,68.43,67.1,67.2,63.5472,12507732.0,0.0,1.0
2016-11-29,4758,67.57,67.64,66.48,67.15,63.4999,8930019.0,0.0,1.0
2016-11-30,4759,67.3,67.82,66.81,67.12,63.4715,9085283.0,0.0,1.0
2016-12-01,4760,67.29,67.3,65.66,65.97,62.38399999999999,7167268.0,0.0,1.0
2016-12-02,4761,66.3,68.39,65.96,67.71,64.0295,12271667.0,0.0,1.0
2016-12-05,4762,68.16,68.31,66.74,67.26,63.6039,7285951.0,0.0,1.0
2016-12-06,4763,67.2,67.925,67.13,67.8,64.1146,4617182.0,0.0,1.0
2016-12-07,4764,67.25,67.38,66.56,67.38,63.7174,5835882.0,0.0,1.0
2016-12-08,4765,67.05,67.27,66.39,67.19,63.5377,4811270.0,0.0,1.0
2016-12-09,4766,67.38,68.17,67.22,67.85,64.1618,4350764.0,0.0,1.0
2016-12-12,4767,67.98,68.54,67.42,67.61,63.9349,5273498.0,0.0,1.0
2016-12-13,4768,67.99,68.89,67.99,68.64,64.9089,6010936.0,0.0,1.0
2016-12-14,4769,68.42,68.92,67.54,67.67,63.9916,6140299.0,0.0,1.0
2016-12-15,4770,70.37,71.59,69.66,71.37,67.4905,14321496.0,0.0,1.0
2016-12-16,4771,72.86,73.71,71.76,73.31,69.3251,17584505.0,0.0,1.0
2016-12-19,4772,73.48,74.49,73.295,73.42,69.4291,6102447.0,0.0,1.0
2016-12-20,4773,73.6476,74.0998,73.0,73.38,69.3913,6001496.0,0.0,1.0
2016-12-21,4774,73.33,73.89,73.1,73.25,69.2683,5054141.0,0.0,1.0
2016-12-22,4775,73.16,73.48,72.68,73.26,69.2778,4827505.0,0.0,1.0
2016-12-23,4776,73.48,74.0,73.26,73.79,69.779,2570475.0,0.0,1.0
2016-12-27,4777,74.06,74.46,73.68,73.81,69.7979,2786711.0,0.0,1.0
2016-12-28,4778,73.66,73.78,72.97,73.06,69.0886,3256811.0,0.0,1.0
2016-12-29,4779,73.3899,73.87,73.24,73.56,69.5615,3031926.0,0.0,1.0
2016-12-30,4780,73.47,73.75,73.23,73.55,69.55199999999999,2934136.0,0.0,1.0
2017-01-03,4781,73.94,74.67,73.54,74.6,70.5449,3623461.0,0.0,1.0
2017-01-04,4782,74.95,75.0,74.3801,74.72,70.6584,3021617.0,0.0,1.0
2017-01-05,4783,74.93,77.87,74.431,75.59,71.4811,3310765.0,0.0,1.0
2017-01-06,4784,75.46,76.065,75.03,75.67,71.5568,2296679.0,0.0,1.0
2017-01-09,4785,75.67,76.6225,75.51,76.27,72.1242,3204202.0,0.0,1.0
2017-01-10,4786,76.44,76.56,75.81,76.27,72.1242,3559403.0,0.0,1.0
2017-01-11,4787,76.51,76.92,74.0,75.26,71.1691,7701738.0,0.0,1.0
2017-01-12,4788,74.85,77.5,74.76,77.15,72.9563,11901124.0,0.0,1.0
2017-01-13,4789,76.92,78.12,76.38,77.4,73.1927,5602569.0,0.0,1.0
2017-01-17,4790,77.06,77.06,75.87,76.85,72.6726,4913272.0,0.0,1.0
2017-01-18,4791,77.32,77.71,76.88,77.53,73.3157,3360339.0,0.0,1.0
2017-01-19,4792,77.47,77.62,76.76,76.84,72.6632,4439238.0,0.0,1.0
2017-01-20,4793,77.02,77.41,76.471,76.81,72.6348,4371126.0,0.0,1.0
2017-01-23,4794,76.24,76.88,76.16,76.32,72.1714,5054871.0,0.0,1.0
2017-01-24,4795,76.2,76.43,74.17,74.85,70.7813,6594265.0,0.0,1.0
2017-01-25,4796,75.07,75.6,74.27,74.85,70.7813,4830841.0,0.0,1.0
2017-01-26,4797,74.98,75.35,74.54,74.58,70.52600000000002,3743972.0,0.0,1.0
2017-01-27,4798,74.92,75.4,74.505,75.38,71.2825,3132793.0,0.0,1.0
2017-01-30,4799,75.09,75.175,74.25,74.7,70.6395,5909555.0,0.0,1.0
2017-01-31,4800,74.25,77.28,74.0,77.03,72.8428,6964087.0,0.0,1.0
2017-02-01,4801,77.9,78.57,76.91,77.6,73.3819,4959217.0,0.0,1.0
2017-02-02,4802,76.99,77.91,76.55,77.39,73.1833,3830939.0,0.0,1.0
2017-02-03,4803,77.47,77.88,76.71,77.23,73.032,3836275.0,0.0,1.0
2017-02-06,4804,76.92,77.845,76.76,77.83,73.5994,2835509.0,0.0,1.0
2017-02-07,4805,77.68,78.01,77.32,77.7,73.4764,3346800.0,0.0,1.0
2017-02-08,4806,77.44,78.65,77.19,78.11,73.8641,2821567.0,0.0,1.0
2017-02-09,4807,78.12,78.59,77.69,77.7,73.4764,2962614.0,0.0,1.0
2017-02-10,4808,77.87,78.25,77.6,77.79,73.5615,2598619.0,0.0,1.0
2017-02-13,4809,77.57,78.055,77.53,77.77,74.0344,2097796.0,0.52,1.0
2017-02-14,4810,77.5,78.83,77.25,78.81,75.0244,3310586.0,0.0,1.0
2017-02-15,4811,78.34,80.54,78.05,80.25,76.3952,4272836.0,0.0,1.0
2017-02-16,4812,80.05,80.38,79.41,80.04,76.1953,3630059.0,0.0,1.0
2017-02-17,4813,80.14,81.0,80.07,80.39,76.5285,3111144.0,0.0,1.0
2017-02-21,4814,80.17,80.87,80.11,80.36,76.4999,3178822.0,0.0,1.0
2017-02-22,4815,80.42,81.21,80.3301,81.07,77.1758,3468784.0,0.0,1.0
2017-02-23,4816,81.38,82.88,81.14,82.55,78.5848,6193454.0,0.0,1.0
2017-02-24,4817,82.42,83.24,82.24,82.87,78.8894,4016045.0,0.0,1.0
2017-02-27,4818,82.83,83.4,82.66,83.06,79.0703,3104235.0,0.0,1.0
2017-02-28,4819,82.82,83.48,82.58,82.81,78.8323,3671944.0,0.0,1.0
2017-03-01,4820,83.44,84.135,82.97,83.85,79.8223,3420566.0,0.0,1.0
2017-03-02,4821,83.87,83.945,82.835,82.91,78.9275,3371556.0,0.0,1.0
2017-03-03,4822,82.7,83.9,82.6,83.78,79.7557,2649606.0,0.0,1.0
2017-03-06,4823,83.25,84.28,82.95,83.83,79.8033,3960055.0,0.0,1.0
2017-03-07,4824,82.95,83.14,81.37,82.74,78.7656,5570598.0,0.0,1.0
2017-03-08,4825,82.74,83.985,82.67,83.41,79.4034,4491834.0,0.0,1.0
2017-03-09,4826,83.67,84.77,83.51,84.55,80.4887,5861915.0,0.0,1.0
2017-03-10,4827,84.5,84.55,83.90100000000002,84.36,80.3078,3629914.0,0.0,1.0
2017-03-13,4828,84.51,84.55,83.83,84.14,80.0984,2248486.0,0.0,1.0
2017-03-14,4829,84.0,84.55,83.91799999999998,84.46,80.403,2839052.0,0.0,1.0
2017-03-15,4830,84.43,86.14,84.37,85.88,81.7548,4883922.0,0.0,1.0
2017-03-16,4831,85.54,85.54,83.8,84.99,80.9075,4742834.0,0.0,1.0
2017-03-17,4832,84.435,84.75,83.83,83.96,79.92699999999998,5786941.0,0.0,1.0
2017-03-20,4833,84.6,84.86,83.965,84.06,80.0222,3121865.0,0.0,1.0
2017-03-21,4834,84.34,84.95,83.63,83.73,79.7081,4066180.0,0.0,1.0
2017-03-22,4835,84.09,84.55,83.47,84.36,80.3078,2850296.0,0.0,1.0
2017-03-23,4836,83.92,85.05,83.92,84.42,80.3649,3021071.0,0.0,1.0
2017-03-24,4837,84.3,84.98,83.8639,84.18,80.1365,2479097.0,0.0,1.0
2017-03-27,4838,83.9,84.44,83.74,84.24,80.1936,2340927.0,0.0,1.0
2017-03-28,4839,84.27,85.0,84.04,84.75,80.6791,2754894.0,0.0,1.0
2017-03-29,4840,84.55,84.76,84.32,84.44,80.384,2066642.0,0.0,1.0
2017-03-30,4841,84.57,84.95,84.08,84.76,80.6886,3204818.0,0.0,1.0
2017-03-31,4842,84.4,84.94,84.08,84.11,80.0698,3151938.0,0.0,1.0
2017-04-03,4843,84.13,84.81,84.07,84.45,80.3935,2429899.0,0.0,1.0
2017-04-04,4844,84.53,86.39,84.29,86.09,81.9547,4624866.0,0.0,1.0
2017-04-05,4845,85.92,86.72,85.57,85.63,81.5168,4056330.0,0.0,1.0
2017-04-06,4846,85.47,85.9,85.12,85.36,81.2598,2684638.0,0.0,1.0
2017-04-07,4847,85.34,85.66,84.9093,85.32,81.2217,2808455.0,0.0,1.0
2017-04-10,4848,85.46,85.85,85.23,85.47,81.3645,1994875.0,0.0,1.0
2017-04-11,4849,85.47,86.14,85.32,85.93,81.8024,2699165.0,0.0,1.0
2017-04-12,4850,85.74,86.34,85.67,86.25,82.10700000000001,2545120.0,0.0,1.0
2017-04-13,4851,86.03,86.32,85.78,85.88,81.7548,2172543.0,0.0,1.0
2017-04-17,4852,81.3,82.99,81.11,82.38,78.4229,124245.0,0.0,1.0
2017-04-18,4853,81.91,82.1,80.89,81.2,77.2996,8210809.0,0.0,1.0
2017-04-19,4854,81.12,81.71,79.88,80.89,77.0045,5504500.0,0.0,1.0
2017-04-20,4855,81.19,82.2,80.75,81.94,78.0041,3267398.0,0.0,1.0
2017-04-21,4856,81.82,82.24,81.6726,81.89,77.9565,3204044.0,0.0,1.0
2017-04-24,4857,82.82,83.73,82.72,83.42,79.413,4813568.0,0.0,1.0
2017-04-25,4858,82.71,82.71,80.5,81.2,77.2996,9190150.0,0.0,1.0
2017-04-26,4859,81.34,81.71,80.93,80.96,77.0711,4392190.0,0.0,1.0
2017-04-27,4860,80.97,81.6,80.695,81.33,77.4234,3210339.0,0.0,1.0
2017-04-28,4861,81.37,82.25,81.2,82.06,78.1183,3155026.0,0.0,1.0
2017-05-01,4862,82.09,82.22,81.75,81.82,77.8898,2397236.0,0.0,1.0
2017-05-02,4863,81.98,81.98,81.5,81.7,77.7756,3601945.0,0.0,1.0
2017-05-03,4864,81.26,81.56,81.24,81.25,77.3472,3354844.0,0.0,1.0
2017-05-04,4865,81.35,83.095,81.29,83.04,79.0512,3567053.0,0.0,1.0
2017-05-05,4866,83.06,83.1119,82.07,82.51,78.5467,3120412.0,0.0,1.0
2017-05-08,4867,82.36,82.41,80.36,80.67,76.7951,4708112.0,0.0,1.0
2017-05-09,4868,80.82,80.94,80.35,80.79,76.9093,3866393.0,0.0,1.0
2017-05-10,4869,80.84,81.11,80.19,81.05,77.1568,4018509.0,0.0,1.0
2017-05-11,4870,80.72,81.0,79.91,80.22,76.8617,3907653.0,0.52,1.0
2017-05-12,4871,80.33,80.61,79.74,80.19,76.833,2900803.0,0.0,1.0
2017-05-15,4872,80.19,80.49,79.43,80.3,76.9383,2557339.0,0.0,1.0
2017-05-16,4873,80.23,80.3,78.4,78.99,75.6832,7167629.0,0.0,1.0
2017-05-17,4874,78.52,79.03,77.92,78.14,74.8688,4473088.0,0.0,1.0
2017-05-18,4875,78.57,78.94,78.0387,78.3,75.0221,2925561.0,0.0,1.0
2017-05-19,4876,78.5,78.71,77.73,77.8,74.543,5084008.0,0.0,1.0
2017-05-22,4877,77.9,78.01,76.85,76.98,73.7573,6936499.0,0.0,1.0
2017-05-23,4878,77.19,78.36,77.02,77.99,74.7251,5884774.0,0.0,1.0
2017-05-24,4879,77.99,78.28,77.8,77.96,74.6963,2253839.0,0.0,1.0
2017-05-25,4880,78.31,78.455,77.76,78.34,75.0604,1736710.0,0.0,1.0
2017-05-26,4881,78.12,78.35,77.72,78.05,74.7825,2237144.0,0.0,1.0
2017-05-30,4882,77.95,78.6693,77.745,78.35,75.07,3208871.0,0.0,1.0
2017-05-31,4883,78.48,79.91,78.48,79.57,76.2389,5082001.0,0.0,1.0
2017-06-01,4884,79.6,80.23,79.38,79.99,76.6413,3085585.0,0.0,1.0
2017-06-02,4885,80.47,81.06,79.9,80.13,76.7755,4003607.0,0.0,1.0
2017-06-05,4886,80.0,80.07,78.98,79.35,76.0281,2814771.0,0.0,1.0
2017-06-06,4887,79.41,79.46,78.75,79.09,75.779,2682507.0,0.0,1.0
2017-06-07,4888,79.16,79.54,79.09,79.39,76.0664,2861859.0,0.0,1.0
2017-06-08,4889,79.49,80.46,79.34,80.1,76.7467,4560220.0,0.0,1.0
2017-06-09,4890,80.1,81.185,79.7,81.04,77.6474,4599296.0,0.0,1.0
2017-06-12,4891,80.96,81.29,80.61,80.9,77.5132,2842438.0,0.0,1.0
2017-06-13,4892,81.21,81.29,80.24,81.25,77.8486,4440461.0,0.0,1.0
2017-06-14,4893,80.9,81.61,80.771,81.6,78.1839,4024003.0,0.0,1.0
2017-06-15,4894,81.39,82.15,80.961,82.05,78.6151,3477089.0,0.0,1.0
2017-06-16,4895,82.24,82.56,81.66,81.88,78.4522,4875656.0,0.0,1.0
2017-06-19,4896,82.02,82.76,81.87,82.34,78.8929,2526309.0,0.0,1.0
2017-06-20,4897,82.22,83.68,82.22,82.75,79.2858,3689307.0,0.0,1.0
2017-06-21,4898,83.15,83.42,82.38,82.64,79.1804,3763715.0,0.0,1.0
2017-06-22,4899,82.84,84.76,82.84,84.31,80.7805,4888967.0,0.0,1.0
2017-06-23,4900,84.12,84.34,83.71,83.89,80.3781,3763559.0,0.0,1.0
2017-06-26,4901,84.09,84.45,83.66,84.28,80.7517,2939587.0,0.0,1.0
2017-06-27,4902,84.18,84.33,83.04,83.04,79.5636,2357562.0,0.0,1.0
2017-06-28,4903,83.45,83.92,82.9,83.1,79.6211,3011549.0,0.0,1.0
2017-06-29,4904,83.09,83.22,82.3075,82.7,79.2379,2364526.0,0.0,1.0
2017-06-30,4905,82.97,83.13,82.0,82.3,78.8546,5667207.0,0.0,1.0
2017-07-03,4906,82.41,82.91,82.32,82.7,79.2379,1464738.0,0.0,1.0
2017-07-05,4907,82.63,82.76,82.03,82.7,79.2379,2260136.0,0.0,1.0
2017-07-06,4908,82.32,82.57,81.37,81.6,78.1839,3384753.0,0.0,1.0
2017-07-07,4909,81.62,82.35,81.43,82.29,78.845,1680564.0,0.0,1.0
2017-07-10,4910,82.33,82.57,81.89,82.28,78.8355,2265086.0,0.0,1.0
2017-07-11,4911,82.39,82.84,81.88,82.35,78.9025,2707293.0,0.0,1.0
2017-07-12,4912,82.73,84.02,82.61,83.5,80.0044,3523522.0,0.0,1.0
2017-07-13,4913,83.56,84.23,83.16,84.02,80.5026,2942647.0,0.0,1.0
2017-07-14,4914,84.11,84.5793,83.81,84.35,80.8188,1962385.0,0.0,1.0
2017-07-17,4915,84.31,84.53,83.42,83.64,80.1385,1989072.0,0.0,1.0
2017-07-18,4916,83.51,83.77,83.22,83.7,80.196,1704532.0,0.0,1.0
2017-07-19,4917,83.52,84.28,83.52,84.23,80.7038,2242693.0,0.0,1.0
2017-07-20,4918,84.53,85.12,84.41,84.75,81.2021,2976355.0,0.0,1.0
2017-07-21,4919,84.62,84.96,84.31,84.66,81.1158,3033066.0,0.0,1.0
2017-07-24,4920,84.66,85.53,84.51,84.74,81.1925,3947302.0,0.0,1.0
2017-07-25,4921,83.74,84.4,80.77,82.19,78.7492,13272005.0,0.0,1.0
2017-07-26,4922,81.57,81.88,81.035,81.84,78.4139,7026411.0,0.0,1.0
2017-07-27,4923,81.76,83.05,81.46,83.02,79.5445,5560076.0,0.0,1.0
2017-07-28,4924,82.87,83.22,82.5,83.1,79.6211,3792238.0,0.0,1.0
2017-07-31,4925,83.34,83.755,82.63,82.66,79.1995,4025934.0,0.0,1.0
2017-08-01,4926,81.9,82.32,81.76,82.31,78.8642,3418164.0,0.0,1.0
2017-08-02,4927,82.06,82.17,81.07,81.82,78.3947,4574372.0,0.0,1.0
2017-08-03,4928,81.58,82.28,81.5,81.93,78.5001,3613259.0,0.0,1.0
2017-08-04,4929,81.9,82.32,81.76,82.31,78.8642,2765849.0,0.0,1.0
2017-08-07,4930,82.31,82.4,81.72,82.07,78.6342,2719663.0,0.0,1.0
2017-08-08,4931,81.87,82.72,81.63,81.97,78.5384,3292556.0,0.0,1.0
2017-08-09,4932,82.13,82.74,81.97,82.57,79.1133,2388475.0,0.0,1.0
2017-08-10,4933,82.54,82.54,81.66,82.05,78.6151,3351404.0,0.0,1.0
2017-08-11,4934,81.8,81.97,81.12,81.15,78.251,2439830.0,0.52,1.0
2017-08-14,4935,81.34,81.68,81.18,81.49,78.5788,1873929.0,0.0,1.0
2017-08-15,4936,81.5,82.34,81.5,81.71,78.791,1890019.0,0.0,1.0
2017-08-16,4937,82.14,82.2,80.02,80.69,77.8074,3942489.0,0.0,1.0
2017-08-17,4938,80.4,80.57,77.7,77.8,75.0207,7239236.0,0.0,1.0
2017-08-18,4939,77.7,77.7,76.94,77.07,74.3167,4018348.0,0.0,1.0
2017-08-21,4940,77.12,77.64,76.89,77.38,74.6157,3421137.0,0.0,1.0
2017-08-22,4941,77.53,78.65,77.53,78.26,75.4642,2126691.0,0.0,1.0
2017-08-23,4942,78.2,78.52,78.05,78.15,75.3582,1778745.0,0.0,1.0
2017-08-24,4943,78.33,79.24,78.26,78.86,76.0428,4167593.0,0.0,1.0
2017-08-25,4944,78.96,79.53,78.74,78.79,75.9753,2169261.0,0.0,1.0
2017-08-28,4945,79.1,79.43,78.63,78.84,76.0235,1890279.0,0.0,1.0
2017-08-29,4946,78.54,78.84,78.12,78.55,75.7439,2151488.0,0.0,1.0
2017-08-30,4947,79.1,80.77,78.75,80.49,77.6146,5010277.0,0.0,1.0
2017-08-31,4948,80.77,81.35,80.34,81.29,78.38600000000002,3927901.0,0.0,1.0
2017-09-01,4949,81.54,81.71,79.43,80.08,77.2192,4345026.0,0.0,1.0
2017-09-05,4950,79.47,80.05,79.05,79.82,76.9685,3696551.0,0.0,1.0
2017-09-06,4951,80.21,80.67,79.86,80.51,77.6339,2631613.0,0.0,1.0
2017-09-07,4952,80.62,82.75,80.37,81.54,78.6271,6212731.0,0.0,1.0
2017-09-08,4953,81.61,83.12,81.54,82.92,79.9578,3934793.0,0.0,1.0
2017-09-11,4954,82.94,83.35,81.77,82.63,79.6781,4323716.0,0.0,1.0
2017-09-12,4955,82.6,82.729,81.93,82.17,79.2346,2559631.0,0.0,1.0
2017-09-13,4956,81.96,82.58,81.88,82.43,79.4853,2430831.0,0.0,1.0
2017-09-14,4957,82.33,83.99,82.12,83.07,80.1024,3370295.0,0.0,1.0
2017-09-15,4958,83.3,83.57,82.18,82.44,79.4949,5255786.0,0.0,1.0
2017-09-18,4959,82.55,82.67,82.07,82.52,79.5721,2199956.0,0.0,1.0
2017-09-19,4960,82.64,82.84,81.5501,81.73,78.8103,2252117.0,0.0,1.0
2017-09-20,4961,82.06,82.42,81.39,82.02,79.0899,2785591.0,0.0,1.0
2017-09-21,4962,82.01,83.7,81.88,83.33,80.3531,4322690.0,0.0,1.0
2017-09-22,4963,83.34,84.03,82.74,83.91,80.9124,3138534.0,0.0,1.0
2017-09-25,4964,83.87,84.65,83.8,84.64,81.6163,4192074.0,0.0,1.0
2017-09-26,4965,84.43,85.13,84.01,84.22,81.2113,2131203.0,0.0,1.0
2017-09-27,4966,84.34,84.8,83.97,84.65,81.626,3062469.0,0.0,1.0
2017-09-28,4967,84.59,85.58,84.15,85.0,81.9635,2839762.0,0.0,1.0
2017-09-29,4968,85.17,85.61,84.391,85.54,82.4842,3491966.0,0.0,1.0
2017-10-02,4969,85.78,86.68,85.7384,86.35,83.2652,2711850.0,0.0,1.0
2017-10-03,4970,86.24,86.56,85.93,86.45,83.3617,2104050.0,0.0,1.0
2017-10-04,4971,86.5,87.16,86.28,86.96,83.8534,2311985.0,0.0,1.0
2017-10-05,4972,86.77,89.09,86.39,87.65,84.5188,5139850.0,0.0,1.0
2017-10-06,4973,87.31,87.49,86.64,87.08,83.9691,2285061.0,0.0,1.0
2017-10-09,4974,87.14,87.28,86.46,87.05,83.9402,1698825.0,0.0,1.0
2017-10-10,4975,85.38,86.7,85.25,86.16,83.08200000000002,4936331.0,0.0,1.0
2017-10-11,4976,86.35,86.66,85.45,86.06,82.9856,3152907.0,0.0,1.0
2017-10-12,4977,86.1,86.45,85.91,86.43,83.3424,1887794.0,0.0,1.0
2017-10-13,4978,86.4,86.7,85.71,86.55,83.4581,3026538.0,0.0,1.0
2017-10-16,4979,86.48,86.735,85.78,85.95,82.8795,3787730.0,0.0,1.0
2017-10-17,4980,85.94,86.5,85.42,86.06,82.9856,3611395.0,0.0,1.0
2017-10-18,4981,86.33,86.56,85.52,85.73,82.6674,3996812.0,0.0,1.0
2017-10-19,4982,85.69,86.38,85.51,86.36,83.2749,3233406.0,0.0,1.0
2017-10-20,4983,86.52,87.38,86.33,87.23,84.1138,3218361.0,0.0,1.0
2017-10-23,4984,87.47,88.19,87.12,87.18,84.0656,4899884.0,0.0,1.0
2017-10-24,4985,87.42,88.33,83.75,85.17,82.1274,8671970.0,0.0,1.0
2017-10-25,4986,85.91,86.37,84.68,84.87,81.8381,3387641.0,0.0,1.0
2017-10-26,4987,84.67,85.11,83.83,84.16,81.1535,3820737.0,0.0,1.0
2017-10-27,4988,84.07,84.81,83.59,83.86,80.8642,2890662.0,0.0,1.0
2017-10-30,4989,83.76,83.76,82.43,82.65,79.6974,4667181.0,0.0,1.0
2017-10-31,4990,82.76,83.1,81.72,81.94,79.0128,3837470.0,0.0,1.0
2017-11-01,4991,82.17,83.82,82.0,82.89,79.9288,3305537.0,0.0,1.0
2017-11-02,4992,82.55,83.92,82.31,83.13,80.1603,2697249.0,0.0,1.0
2017-11-03,4993,82.71,83.59,82.66,83.51,80.5267,1534808.0,0.0,1.0
2017-11-06,4994,83.29,83.43,82.92,82.94,79.977,1856541.0,0.0,1.0
2017-11-07,4995,83.04,83.415,82.77,83.28,80.3049,1706956.0,0.0,1.0
2017-11-08,4996,83.0,84.39,83.0,84.01,81.0088,2329113.0,0.0,1.0
2017-11-09,4997,83.82,84.26,83.63,83.99,80.9895,2096762.0,0.0,1.0
2017-11-10,4998,83.67,83.87,82.57,83.29,80.3145,2691533.0,0.0,1.0
2017-11-13,4999,83.33,83.33,82.53,82.86,79.8999,2478737.0,0.0,1.0
2017-11-14,5000,82.69,83.11,82.21,82.49,80.0445,2684795.0,0.52,1.0
2017-11-15,5001,82.51,83.14,81.42,82.19,79.7534,1827865.0,0.0,1.0
2017-11-16,5002,82.41,83.63,81.84,83.44,80.9664,2594709.0,0.0,1.0
2017-11-17,5003,83.0,83.48,82.8,82.89,80.4327,4092443.0,0.0,1.0
2017-11-20,5004,83.09,83.32,82.82,83.18,80.7141,2205863.0,0.0,1.0
2017-11-21,5005,83.65,84.53,83.37,83.51,81.0343,3528321.0,0.0,1.0
2017-11-22,5006,83.67,84.26,83.48,83.68,81.1993,2227682.0,0.0,1.0
2017-11-24,5007,83.87,84.17,83.58,84.03,81.5389,817624.0,0.0,1.0
2017-11-27,5008,84.15,85.25,84.03,84.81,82.2958,2980862.0,0.0,1.0
2017-11-28,5009,85.07,85.36,84.74,85.05,82.5287,2616891.0,0.0,1.0
2017-11-29,5010,84.79,85.24,84.45,84.96,82.4413,2316034.0,0.0,1.0
2017-11-30,5011,85.25,85.48,84.32,84.64,82.1308,5002100.0,0.0,1.0
2017-12-01,5012,84.98,85.41,84.18,85.32,82.7906,2736331.0,0.0,1.0
2017-12-04,5013,85.49,86.78,85.36,85.58,83.0429,4224457.0,0.0,1.0
2017-12-05,5014,85.59,86.58,85.21,86.06,83.5087,3868734.0,0.0,1.0
2017-12-06,5015,86.04,86.39,84.53,85.32,82.7906,3126047.0,0.0,1.0
2017-12-07,5016,85.21,85.87,84.65,85.87,83.3243,4342995.0,0.0,1.0
2017-12-08,5017,85.66,86.46,85.47,86.45,83.8871,3756428.0,0.0,1.0
2017-12-11,5018,86.46,86.84,86.07,86.67,84.1006,3336804.0,0.0,1.0
2017-12-12,5019,86.49,86.9,85.991,86.71,84.1394,4249629.0,0.0,1.0
2017-12-13,5020,86.41,89.0899,86.34,87.89,85.2845,5769573.0,0.0,1.0
2017-12-14,5021,88.14,88.33,86.12,86.5,83.9357,4364272.0,0.0,1.0
2017-12-15,5022,86.69,87.605,86.27,86.54,83.9745,6109217.0,0.0,1.0
2017-12-18,5023,86.97,87.45,85.99,86.08,83.5281,3722456.0,0.0,1.0
2017-12-19,5024,86.24,86.77,85.85,86.71,84.1394,4022483.0,0.0,1.0
2017-12-20,5025,86.57,86.94,85.64,85.74,83.1982,3015254.0,0.0,1.0
2017-12-21,5026,86.11,86.18,85.435,85.61,83.0721,1937645.0,0.0,1.0
2017-12-22,5027,85.67,85.78,84.75,85.07,82.5481,1743038.0,0.0,1.0
2017-12-26,5028,85.29,85.43,84.96,84.99,82.4704,1099897.0,0.0,1.0
2017-12-27,5029,85.19,85.459,84.98,85.14,82.616,1301457.0,0.0,1.0
2017-12-28,5030,85.3,85.44,84.89,85.05,82.5287,1731683.0,0.0,1.0
2017-12-29,5031,85.12,85.44,84.46,84.46,81.9561,2551377.0,0.0,1.0
2018-01-02,5032,84.46,85.0,84.06,84.68,82.1696,3455236.0,0.0,1.0
2018-01-03,5033,84.74,85.415,84.27,85.14,82.616,3068865.0,0.0,1.0
2018-01-04,5034,85.28,85.8,84.74,85.52,82.9847,2459830.0,0.0,1.0
2018-01-05,5035,86.09,86.75,85.93,86.57,84.0036,2910172.0,0.0,1.0
2018-01-08,5036,86.69,86.709,85.4,86.13,83.5766,3015436.0,0.0,1.0
2018-01-09,5037,86.2,86.42,85.74,86.06,83.5087,2425989.0,0.0,1.0
2018-01-10,5038,85.61,86.17,85.49,86.1,83.5475,1673330.0,0.0,1.0
2018-01-11,5039,86.17,86.59,85.87,86.39,83.8289,2625267.0,0.0,1.0
2018-01-12,5040,86.52,87.40799999999999,86.03,86.98,84.4014,2728855.0,0.0,1.0
2018-01-16,5041,85.93,86.59,85.15,85.29,82.7615,4771564.0,0.0,1.0
2018-01-17,5042,85.8,86.361,85.47,86.21,83.6543,4046344.0,0.0,1.0
2018-01-18,5043,86.04,86.14,85.27,85.82,83.2758,4322246.0,0.0,1.0
2018-01-19,5044,86.17,86.28,85.32,85.49,82.9556,5813442.0,0.0,1.0
2018-01-22,5045,83.25,85.57,82.4003,85.44,82.9071,6228163.0,0.0,1.0
2018-01-23,5046,85.18,85.9199,84.24,84.42,81.9173,5687081.0,0.0,1.0
2018-01-24,5047,84.86,85.16,84.28,84.3,81.8009,5950446.0,0.0,1.0
2018-01-25,5048,84.81,85.4,84.56,85.01,82.4898,5197396.0,0.0,1.0
2018-01-26,5049,84.76,87.47,84.76,87.08,84.4985,6263378.0,0.0,1.0
2018-01-29,5050,86.77,88.33,86.65,87.6,85.0031,5213076.0,0.0,1.0
2018-01-30,5051,86.64,86.94,85.21,86.09,83.5378,5321085.0,0.0,1.0
2018-01-31,5052,86.5,86.73,81.27,81.45,79.0354,10329543.0,0.0,1.0
2018-02-01,5053,81.54,82.8737,81.29,82.41,79.9669,7463129.0,0.0,1.0
2018-02-02,5054,81.88,83.03,81.12,81.18,78.7734,5124392.0,0.0,1.0
2018-02-05,5055,80.89,81.61,76.55,77.49,75.1928,7835894.0,0.0,1.0
2018-02-06,5056,76.56,79.11,75.71,77.99,75.678,10543403.0,0.0,1.0
2018-02-07,5057,77.76,78.56,76.71,76.72,74.4456,8208047.0,0.0,1.0
2018-02-08,5058,77.19,77.65,74.19,74.21,72.01,8008796.0,0.0,1.0
2018-02-09,5059,75.06,76.82,73.69,76.23,73.9701,8923892.0,0.0,1.0
2018-02-12,5060,76.68,77.1,75.2,76.25,73.9895,6249291.0,0.0,1.0
2018-02-13,5061,76.02,76.5899,75.75,76.21,73.9507,4038884.0,0.0,1.0
2018-02-14,5062,75.41,77.19,75.34,77.03,75.2922,4355100.0,0.5625,1.0
2018-02-15,5063,77.75,78.15,77.03,78.02,76.2599,4799817.0,0.0,1.0
2018-02-16,5064,77.95,79.65,77.91,78.97,77.1885,4632565.0,0.0,1.0
2018-02-20,5065,78.18,78.7,77.18,77.55,75.8005,3138609.0,0.0,1.0
2018-02-21,5066,77.59,78.75,77.55,77.55,75.8005,3858817.0,0.0,1.0
2018-02-22,5067,77.19,78.09,76.52,77.19,75.4486,7600549.0,0.0,1.0
2018-02-23,5068,77.73,78.86,77.64,78.75,76.9734,5073426.0,0.0,1.0
2018-02-26,5069,78.99,80.47,78.965,80.18,78.3712,6009937.0,0.0,1.0
2018-02-27,5070,80.15,80.21,78.69,78.7,76.9246,4845627.0,0.0,1.0
2018-02-28,5071,78.78,79.18,77.01,77.02,75.2825,6107849.0,0.0,1.0
2018-03-01,5072,77.06,77.37,75.53,76.5,74.7742,6258351.0,0.0,1.0
2018-03-02,5073,76.38,77.6,76.32,77.23,75.4877,3216725.0,0.0,1.0
2018-03-05,5074,76.9,78.08,76.71,77.7,75.9471,3816634.0,0.0,1.0
2018-03-06,5075,77.86,78.0,76.88,77.19,75.4486,2963240.0,0.0,1.0
2018-03-07,5076,76.58,77.61,76.54,77.44,75.693,2266515.0,0.0,1.0
2018-03-08,5077,77.65,79.02,77.47,78.89,77.1103,3428671.0,0.0,1.0
2018-03-09,5078,79.28,79.96,78.88,79.61,77.814,4379955.0,0.0,1.0
2018-03-12,5079,79.83,79.97,78.615,79.04,77.2569,4763435.0,0.0,1.0
2018-03-13,5080,79.08,79.87,78.77,79.15,77.3644,4845613.0,0.0,1.0
2018-03-14,5081,79.39,79.56,78.02,78.49,76.7193,3147336.0,0.0,1.0
2018-03-15,5082,78.58,79.86,78.46,78.75,76.9734,3907052.0,0.0,1.0
2018-03-16,5083,79.2,80.49,79.12,80.49,78.6742,7789069.0,0.0,1.0
2018-03-19,5084,80.12,80.2,78.16,78.73,76.9539,4920102.0,0.0,1.0
2018-03-20,5085,79.04,79.2,77.85,78.37,76.602,3795859.0,0.0,1.0
2018-03-21,5086,78.46,79.0,78.031,78.24,76.4749,2890292.0,0.0,1.0
2018-03-22,5087,77.56,78.01,76.41,76.53,74.8035,3695068.0,0.0,1.0
2018-03-23,5088,76.77,76.83,74.51,74.76,73.0734,4235868.0,0.0,1.0
2018-03-26,5089,75.61,76.23,74.65,76.18,74.4614,3477595.0,0.0,1.0
2018-03-27,5090,76.09,76.6,75.139,75.66,73.9531,3646955.0,0.0,1.0
2018-03-28,5091,76.06,77.66,76.04,77.01,75.2727,4257510.0,0.0,1.0
2018-03-29,5092,77.46,77.8,76.61,77.37,75.6246,3424012.0,0.0,1.0
2018-04-02,5093,76.88,77.31,75.4,75.7,73.9922,6282589.0,0.0,1.0
2018-04-03,5094,76.25,77.6,75.86,77.54,75.7907,3610639.0,0.0,1.0
2018-04-04,5095,76.82,78.82,76.71,78.6,76.8268,3022154.0,0.0,1.0
2018-04-05,5096,78.52,78.85,78.09,78.62,76.8464,2213099.0,0.0,1.0
2018-04-06,5097,78.18,78.25,76.3,76.85,75.1163,4012829.0,0.0,1.0
2018-04-09,5098,77.27,78.35,76.33,77.34,75.5952,5377491.0,0.0,1.0
2018-04-10,5099,78.09,79.675,78.07,79.22,77.4328,3657169.0,0.0,1.0
2018-04-11,5100,78.35,78.9,78.12,78.73,76.9539,2829952.0,0.0,1.0
2018-04-12,5101,79.19,79.68,78.81,79.29,77.5012,2121204.0,0.0,1.0
2018-04-13,5102,79.88,80.45,79.24,79.72,77.9215,2652368.0,0.0,1.0
2018-04-16,5103,80.46,80.75,79.67,80.12,78.3125,2743000.0,0.0,1.0
2018-04-17,5104,80.57,80.64,79.49,79.92,78.117,3782359.0,0.0,1.0
2018-04-18,5105,79.96,80.24,79.59,79.72,77.9215,4261049.0,0.0,1.0
2018-04-19,5106,78.96,79.75,78.55,79.75,77.9509,4989439.0,0.0,1.0
2018-04-20,5107,79.64,79.91,78.82,79.06,77.2764,5424115.0,0.0,1.0
2018-04-23,5108,79.43,80.29,79.17,80.2,78.3907,4015906.0,0.0,1.0
2018-04-24,5109,81.17,81.5,78.915,80.09,78.2832,6394910.0,0.0,1.0
2018-04-25,5110,80.27,82.32,80.01,81.14,79.3095,5379027.0,0.0,1.0
2018-04-26,5111,81.42,83.555,81.42,82.55,80.6877,5058690.0,0.0,1.0
2018-04-27,5112,82.5,83.24,82.38,82.73,80.8636,3209558.0,0.0,1.0
2018-04-30,5113,83.09,83.21,81.06,81.07,79.2411,5483505.0,0.0,1.0
2018-05-01,5114,80.68,80.93,78.695,79.07,77.2862,6306117.0,0.0,1.0
2018-05-02,5115,78.68,79.39,78.46,78.83,77.0516,5166327.0,0.0,1.0
2018-05-03,5116,78.65,78.7,77.44,78.04,76.2794,4469290.0,0.0,1.0
2018-05-04,5117,77.42,78.62,77.09,78.4,76.6313,3367549.0,0.0,1.0
2018-05-07,5118,78.41,79.26,78.23,78.63,76.8561,3722577.0,0.0,1.0
2018-05-08,5119,78.48,78.9,78.17,78.88,77.1005,4591673.0,0.0,1.0
2018-05-09,5120,78.96,79.65,78.45,79.27,77.4817,3325180.0,0.0,1.0
2018-05-10,5121,79.46,81.17,79.41,80.86,79.0358,3718368.0,0.0,1.0
2018-05-11,5122,81.15,82.45,81.02,82.45,80.59,4393786.0,0.0,1.0
2018-05-14,5123,82.6,83.315,82.5,83.07,81.196,4739740.0,0.0,1.0
2018-05-15,5124,82.72,82.94,81.83,82.21,80.3554,3662716.0,0.0,1.0
2018-05-16,5125,81.8,81.95,80.955,81.18,79.8984,3614474.0,0.5625,1.0
2018-05-17,5126,81.04,81.84,81.03,81.66,80.3708,2808408.0,0.0,1.0
2018-05-18,5127,81.49,82.29,81.49,82.07,80.7744,4002281.0,0.0,1.0
2018-05-21,5128,82.29,82.54,81.67,81.83,80.5382,2505933.0,0.0,1.0
2018-05-22,5129,82.14,82.89,81.81,82.22,80.922,2620723.0,0.0,1.0
2018-05-23,5130,81.71,82.92,81.61,82.68,81.3747,2516910.0,0.0,1.0
2018-05-24,5131,82.71,82.79,82.1,82.71,81.4043,2481820.0,0.0,1.0
2018-05-25,5132,82.79,83.47,82.59,82.77,81.4633,2338143.0,0.0,1.0
2018-05-29,5133,82.11,82.62,81.65,82.44,81.1385,3459321.0,0.0,1.0
2018-05-30,5134,82.92,84.02,82.91,83.86,82.5361,3475394.0,0.0,1.0
2018-05-31,5135,83.88,85.11,83.68,85.04,83.6975,9526369.0,0.0,1.0
2018-06-01,5136,85.2,85.68,84.56,84.85,83.5105,4057715.0,0.0,1.0
2018-06-04,5137,84.65,85.52,84.36,85.07,83.727,4263121.0,0.0,1.0
2018-06-05,5138,85.25,85.7,84.54,84.82,83.48100000000002,3667563.0,0.0,1.0
2018-06-06,5139,84.88,85.93,84.66,85.93,84.5734,2720404.0,0.0,1.0
2018-06-07,5140,86.2,86.32,85.32,85.88,84.5242,3123605.0,0.0,1.0
2018-06-08,5141,85.83,86.42,85.43,86.08,84.7211,3172317.0,0.0,1.0
2018-06-11,5142,86.31,86.78,85.81,85.86,84.5045,3506939.0,0.0,1.0
2018-06-12,5143,85.76,86.02,85.45,85.49,84.1404,3016917.0,0.0,1.0
2018-06-13,5144,85.76,86.38,85.6,85.72,84.3667,3052112.0,0.0,1.0
2018-06-14,5145,85.67,86.46,85.17,86.35,84.9868,3115115.0,0.0,1.0
2018-06-15,5146,86.13,87.27,86.1,86.88,85.5084,5575197.0,0.0,1.0
2018-06-18,5147,85.98,86.15,85.01,86.11,84.7506,2906602.0,0.0,1.0
2018-06-19,5148,85.89,86.87,85.67,86.82,85.4494,3044507.0,0.0,1.0
2018-06-20,5149,86.74,87.16,86.2,86.28,84.9179,4675465.0,0.0,1.0
2018-06-21,5150,85.82,86.28,85.19,86.07,84.7112,2856410.0,0.0,1.0
2018-06-22,5151,86.02,86.4,85.805,85.92,84.5636,5786678.0,0.0,1.0
2018-06-25,5152,86.0,86.61,85.12,85.77,84.416,3414102.0,0.0,1.0
2018-06-26,5153,85.54,86.0,84.96,85.11,83.7664,2840575.0,0.0,1.0
2018-06-27,5154,84.91,85.6,84.64,84.67,83.3333,3005386.0,0.0,1.0
2018-06-28,5155,84.85,85.96,84.81,85.49,84.1404,2564562.0,0.0,1.0
2018-06-29,5156,85.84,86.1,85.13,85.33,83.9829,2963979.0,0.0,1.0
2018-07-02,5157,85.06,85.93,84.71,85.86,84.5045,2346963.0,0.0,1.0
2018-07-03,5158,85.81,87.02,85.81,86.51,85.1443,2163522.0,0.0,1.0
2018-07-05,5159,86.91,87.1862,86.13,86.56,85.1935,2675541.0,0.0,1.0
2018-07-06,5160,86.83,87.71,86.82,87.39,86.0104,2290527.0,0.0,1.0
2018-07-09,5161,87.6,88.33,87.52,87.87,86.4828,2718296.0,0.0,1.0
2018-07-10,5162,88.08,88.2299,87.67,88.05,86.66,2227180.0,0.0,1.0
2018-07-11,5163,87.77,88.07,87.2,87.56,86.1777,2449505.0,0.0,1.0
2018-07-12,5164,88.1,88.99,87.92,88.91,87.5064,2604523.0,0.0,1.0
2018-07-13,5165,88.83,89.87,88.54,89.71,88.2938,3334987.0,0.0,1.0
2018-07-16,5166,89.63,89.84,88.84,89.07,87.6639,3175249.0,0.0,1.0
2018-07-17,5167,89.36,89.97,89.34,89.57,88.156,2179375.0,0.0,1.0
2018-07-18,5168,89.6,90.13,89.07,90.03,88.6087,3021595.0,0.0,1.0
2018-07-19,5169,89.83,89.98,88.87,89.43,88.0182,3171005.0,0.0,1.0
2018-07-20,5170,89.02,89.37,88.26,88.47,87.0733,3830970.0,0.0,1.0
2018-07-23,5171,88.3,89.16,88.17,88.88,87.4769,3145276.0,0.0,1.0
2018-07-24,5172,91.06,93.76,90.0,93.35,91.8763,9910179.0,0.0,1.0
2018-07-25,5173,93.16,96.65,93.03,96.43,94.9077,8460212.0,0.0,1.0
2018-07-26,5174,96.64,96.959,94.83,95.18,93.6774,4826081.0,0.0,1.0
2018-07-27,5175,95.65,96.96,95.02,96.6,95.075,3975477.0,0.0,1.0
2018-07-30,5176,96.38,98.115,96.25,98.02,96.4726,5356016.0,0.0,1.0
2018-07-31,5177,98.25,99.2,97.53,98.81,97.2501,4957761.0,0.0,1.0
2018-08-01,5178,98.74,99.35,98.435,98.7,97.1418,4971802.0,0.0,1.0
2018-08-02,5179,97.95,100.39,97.84,99.47,97.8997,4321033.0,0.0,1.0
2018-08-03,5180,99.18,100.694,98.88,100.58,98.9922,4572145.0,0.0,1.0
2018-08-06,5181,100.4,102.59,100.22,102.0,100.3897,5090940.0,0.0,1.0
2018-08-07,5182,101.79,103.81,101.68,101.94,100.3307,5095174.0,0.0,1.0
2018-08-08,5183,101.85,102.67,101.43,102.27,100.6555,3901584.0,0.0,1.0
2018-08-09,5184,102.06,102.72,101.92,102.19,100.5767,3298367.0,0.0,1.0
2018-08-10,5185,102.15,103.19,101.9899,102.25,100.6358,2783767.0,0.0,1.0
2018-08-13,5186,102.45,102.68,102.115,102.44,100.8228,2816376.0,0.0,1.0
2018-08-14,5187,101.77,102.8389,101.27,102.44,101.3764,3283946.0,0.5625,1.0
2018-08-15,5188,102.28,103.44,102.08,103.33,102.2572,3143222.0,0.0,1.0
2018-08-16,5189,103.25,104.94,103.25,104.36,103.2765,4427168.0,0.0,1.0
2018-08-17,5190,104.43,105.92,103.96,105.55,104.4541,3824340.0,0.0,1.0
2018-08-20,5191,105.58,106.38,105.58,105.82,104.7213,2765514.0,0.0,1.0
2018-08-21,5192,106.02,106.1299,104.72,105.07,103.9791,2775584.0,0.0,1.0
2018-08-22,5193,104.8,105.63,104.15,105.03,103.9395,1964353.0,0.0,1.0
2018-08-23,5194,104.99,105.25,104.39,104.82,103.7317,2043366.0,0.0,1.0
2018-08-24,5195,105.57,106.04,104.53,105.77,104.6718,3089852.0,0.0,1.0
2018-08-27,5196,106.15,106.49,104.94,105.11,104.0187,2452478.0,0.0,1.0
2018-08-28,5197,105.03,105.59,104.59,105.18,104.088,2516832.0,0.0,1.0
2018-08-29,5198,104.4,105.59,104.28,105.33,104.2364,2949508.0,0.0,1.0
2018-08-30,5199,105.18,105.735,104.94,105.48,104.3849,2928553.0,0.0,1.0
2018-08-31,5200,105.14,105.86,104.47,105.65,104.5531,3278851.0,0.0,1.0
2018-09-04,5201,105.31,105.7,104.38,104.62,103.5338,3106984.0,0.0,1.0
2018-09-05,5202,104.85,106.11,104.7,105.72,104.6224,3366560.0,0.0,1.0
2018-09-06,5203,105.67,105.75,103.655,105.37,104.276,3180701.0,0.0,1.0
2018-09-07,5204,105.15,107.24,104.8,107.03,105.9188,3822938.0,0.0,1.0
2018-09-10,5205,107.5,107.84,106.391,106.42,105.3151,2950799.0,0.0,1.0
2018-09-11,5206,106.41,106.62,105.515,105.64,104.5432,3516440.0,0.0,1.0
2018-09-12,5207,105.81,106.49,105.51,105.97,104.8698,3925971.0,0.0,1.0
2018-09-13,5208,106.16,106.71,105.82,106.58,105.4734,5167412.0,0.0,1.0
2018-09-14,5209,106.57,106.69,105.4,105.77,104.6718,3103127.0,0.0,1.0
2018-09-17,5210,105.61,106.765,105.05,105.71,104.6125,4972164.0,0.0,1.0
2018-09-18,5211,105.87,107.19,105.11,106.88,105.7703,3668807.0,0.0,1.0
2018-09-19,5212,106.88,107.07,105.5,105.74,104.6422,3270389.0,0.0,1.0
2018-09-20,5213,105.72,106.11,104.22,106.07,104.9687,3761998.0,0.0,1.0
2018-09-21,5214,106.23,106.87,105.35,106.33,105.226,5333680.0,0.0,1.0
2018-09-24,5215,105.95,106.67,105.59,105.59,104.4937,3095472.0,0.0,1.0
2018-09-25,5216,106.01,106.755,105.54,105.7,104.6026,3775742.0,0.0,1.0
2018-09-26,5217,106.06,107.37,106.005,106.31,105.2062,3707259.0,0.0,1.0
2018-09-27,5218,106.49,107.17,106.21,106.69,105.5823,2093719.0,0.0,1.0
2018-09-28,5219,106.77,107.74,106.3,107.31,106.1959,2812344.0,0.0,1.0
2018-10-01,5220,107.67,107.705,107.03,107.6,106.4828,2707981.0,0.0,1.0
2018-10-02,5221,107.5,108.14,107.19,107.96,106.8391,3787914.0,0.0,1.0
2018-10-03,5222,108.465,109.61,108.24,108.62,107.4922,5097152.0,0.0,1.0
2018-10-04,5223,113.62,115.68,111.0357,112.99,111.8169,10940820.0,0.0,1.0
2018-10-05,5224,114.09,115.45,114.09,115.02,113.8258,8330288.0,0.0,1.0
2018-10-08,5225,114.85,116.61,114.7705,115.46,114.2612,6002313.0,0.0,1.0
2018-10-09,5226,115.09,116.0,114.23,115.45,114.2513,4715996.0,0.0,1.0
2018-10-10,5227,114.96,115.37,113.25,113.34,112.1632,5602901.0,0.0,1.0
2018-10-11,5228,113.09,113.32,106.58,107.91,106.7896,7226300.0,0.0,1.0
2018-10-12,5229,109.0,111.02,108.43,110.48,109.3329,4519158.0,0.0,1.0
2018-10-15,5230,110.5,111.8099,109.98,110.62,109.4715,3884714.0,0.0,1.0
2018-10-16,5231,110.84,111.22,109.93,111.03,109.8772,4192834.0,0.0,1.0
2018-10-17,5232,110.98,113.765,110.86,113.59,112.4106,4402132.0,0.0,1.0
2018-10-18,5233,113.93,114.25,112.41,113.31,112.1336,3619647.0,0.0,1.0
2018-10-19,5234,112.88,113.36,110.66,111.92,110.758,4224178.0,0.0,1.0
2018-10-22,5235,112.0,112.715,111.37,112.03,110.8668,2938281.0,0.0,1.0
2018-10-23,5236,110.7,111.46,109.06,110.39,109.2439,3756996.0,0.0,1.0
2018-10-24,5237,110.22,111.15,106.19,106.32,105.2161,6739409.0,0.0,1.0
2018-10-25,5238,106.43,108.82,104.1701,107.89,106.7698,4114808.0,0.0,1.0
2018-10-26,5239,107.05,107.47,105.06,106.39,105.2854,4464491.0,0.0,1.0
2018-10-29,5240,107.45,109.08,106.3,107.4,106.2849,3587793.0,0.0,1.0
2018-10-30,5241,107.23,108.51,107.0813,108.34,107.2152,3325906.0,0.0,1.0
2018-10-31,5242,109.59,110.43,108.35,108.44,107.3141,4349230.0,0.0,1.0
2018-11-01,5243,108.74,109.23,107.33,107.86,106.7401,3639419.0,0.0,1.0
2018-11-02,5244,108.14,108.39,105.93,106.75,105.6417,3577348.0,0.0,1.0
2018-11-05,5245,110.43,112.08,109.76,110.14,108.9965,7368580.0,0.0,1.0
2018-11-06,5246,109.0,109.3,104.95,105.9,104.8005,6803677.0,0.0,1.0
2018-11-07,5247,106.85,110.78,106.72,109.72,108.5808,5875413.0,0.0,1.0
2018-11-08,5248,109.49,110.94,109.01,110.1,108.9569,3666296.0,0.0,1.0
2018-11-09,5249,110.42,112.535,109.7,112.21,111.045,5054447.0,0.0,1.0
2018-11-12,5250,112.26,114.71,112.26,113.2,112.0247,5078884.0,0.0,1.0
2018-11-13,5251,114.25,114.25,111.83,112.39,111.2231,4239691.0,0.0,1.0
2018-11-14,5252,112.36,112.65,109.74,109.81,109.2266,5392810.0,0.5625,1.0
2018-11-15,5253,109.18,112.23,108.54,112.2,111.6039,4796847.0,0.0,1.0
2018-11-16,5254,111.68,114.3,111.67,113.83,113.2252,4766426.0,0.0,1.0
2018-11-19,5255,113.0,116.1,113.0,115.81,115.1947,4869819.0,0.0,1.0
2018-11-20,5256,114.88,116.2,114.32,114.72,114.1105,4877472.0,0.0,1.0
2018-11-21,5257,114.28,114.28,112.13,112.23,111.6337,3619688.0,0.0,1.0
2018-11-23,5258,111.86,113.81,111.4011,112.87,112.2703,1896989.0,0.0,1.0
2018-11-26,5259,111.26,113.6,110.97,112.38,111.7829,3296174.0,0.0,1.0
2018-11-27,5260,112.28,114.25,111.71,114.22,113.6131,3263212.0,0.0,1.0
2018-11-28,5261,114.73,115.83,113.76,115.53,114.9162,4814474.0,0.0,1.0
2018-11-29,5262,115.3,117.93,114.97,117.0,116.3784,4688290.0,0.0,1.0
2018-11-30,5263,117.61,118.71,116.22,118.64,118.0096,8965653.0,0.0,1.0
2018-12-03,5264,118.64,118.69,117.54,118.52,117.8903,4290056.0,0.0,1.0
2018-12-04,5265,118.65,119.84,116.32,116.52,115.9009,5676621.0,0.0,1.0
2018-12-06,5266,115.32,115.99,112.98,115.84,115.2245,5064370.0,0.0,1.0
2018-12-07,5267,115.53,115.78,112.7741,113.58,112.9765,4128118.0,0.0,1.0
2018-12-10,5268,113.6,114.65,111.02,114.09,113.4838,3832638.0,0.0,1.0
2018-12-11,5269,114.84,115.62,113.922,114.5,113.8916,3806777.0,0.0,1.0
2018-12-12,5270,115.48,115.74,114.27,114.34,113.7325,3758775.0,0.0,1.0
2018-12-13,5271,114.62,115.15,113.84,114.86,114.2497,3609870.0,0.0,1.0
2018-12-14,5272,114.29,114.58,111.24,111.93,111.3353,5306062.0,0.0,1.0
2018-12-17,5273,111.21,111.3,107.72,108.36,107.7843,6121672.0,0.0,1.0
2018-12-18,5274,109.43,109.66,105.67,106.5,105.9341,6864411.0,0.0,1.0
2018-12-19,5275,111.54,111.54,107.7,109.11,108.5303,8362827.0,0.0,1.0
2018-12-20,5276,109.1,110.16,108.12,109.29,108.7093,8362313.0,0.0,1.0
2018-12-21,5277,109.29,111.51,108.68,109.42,108.8386,13154487.0,0.0,1.0
2018-12-24,5278,109.35,109.41,106.63,106.75,106.1828,3283982.0,0.0,1.0
2018-12-26,5279,106.76,111.09,106.4301,111.09,110.4998,3792440.0,0.0,1.0
2018-12-27,5280,110.24,112.9,108.73,112.89,112.2902,4101569.0,0.0,1.0
2018-12-28,5281,113.4,115.09,112.59,114.2,113.5932,3983974.0,0.0,1.0
2018-12-31,5282,114.34,115.85,114.2435,115.72,115.1052,2731012.0,0.0,1.0
2019-01-02,5283,114.79,115.43,112.75,114.88,114.2696,4247101.0,0.0,1.0
2019-01-03,5284,114.72,114.74,111.1,111.31,110.7186,4203286.0,0.0,1.0
2019-01-04,5285,112.21,114.84,111.74,114.66,114.0508,5795155.0,0.0,1.0
2019-01-07,5286,112.37,116.44,112.05,115.28,114.6675,7749593.0,0.0,1.0
2019-01-08,5287,115.69,116.42,114.52,116.34,115.7219,3428938.0,0.0,1.0
2019-01-09,5288,116.37,118.22,116.22,117.21,116.5872,5820142.0,0.0,1.0
2019-01-10,5289,117.09,117.22,114.97,115.94,115.324,4282265.0,0.0,1.0
2019-01-11,5290,115.27,116.21,115.1,116.18,115.5627,2648795.0,0.0,1.0
2019-01-14,5291,115.2,115.25,114.33,114.68,114.0707,4404603.0,0.0,1.0
2019-01-15,5292,113.91,118.22,113.4,117.09,116.4679,5097713.0,0.0,1.0
2019-01-16,5293,116.99,118.07,116.48,116.8,116.1794,2920573.0,0.0,1.0
2019-01-17,5294,116.81,119.2,116.55,119.16,118.5269,4401880.0,0.0,1.0
2019-01-18,5295,115.58,116.9,115.0197,116.59,115.9705,8886961.0,0.0,1.0
2019-01-22,5296,115.69,117.11,115.69,117.09,116.4679,4377479.0,0.0,1.0
2019-01-23,5297,117.11,118.9,116.92,118.79,118.1588,4012069.0,0.0,1.0
2019-01-24,5298,118.22,118.22,114.2,114.99,114.379,6946450.0,0.0,1.0
2019-01-25,5299,115.34,115.35,114.04,114.97,114.3591,4599052.0,0.0,1.0
2019-01-28,5300,114.72,115.11,113.54,115.03,114.4188,3590920.0,0.0,1.0
2019-01-29,5301,114.39,115.95,113.91,115.71,115.0952,3767564.0,0.0,1.0
2019-01-30,5302,115.53,117.08,115.53,116.94,116.3187,4362867.0,0.0,1.0
2019-01-31,5303,116.94,120.14,116.7274,119.86,119.2232,5746070.0,0.0,1.0
2019-02-01,5304,120.32,120.99,119.13,120.89,120.2477,4171696.0,0.0,1.0
2019-02-04,5305,121.21,121.84,118.69,120.17,119.5315,4518418.0,0.0,1.0
2019-02-05,5306,120.72,121.74,120.4,120.43,119.7901,8832402.0,0.0,1.0
2019-02-06,5307,118.67,120.82,117.74,119.27,118.6363,7421020.0,0.0,1.0
2019-02-07,5308,119.0,119.33,116.86,117.5,116.8757,7935029.0,0.0,1.0
2019-02-08,5309,117.73,121.43,117.45,119.6,118.9645,16195395.0,0.0,1.0
2019-02-11,5310,119.2,119.94,117.04,118.01,117.383,7203060.0,0.0,1.0
2019-02-12,5311,117.76,119.9,117.5,119.49,118.8551,6975683.0,0.0,1.0
2019-02-13,5312,119.6,120.28,118.11,119.65,119.0143,12738558.0,0.0,1.0
2019-02-14,5313,118.94,121.25,118.8,120.75,120.75,17847187.0,0.645,1.0
2019-02-15,5314,121.18,122.48,120.4,122.48,122.48,10366435.0,0.0,1.0
2019-02-19,5315,121.31,123.33,121.3,122.13,122.13,17861446.0,0.0,1.0
2019-02-20,5316,122.38,123.05,121.61,122.66,122.66,19880296.0,0.0,1.0
2019-02-21,5317,122.06,123.76,121.8,122.72,122.72,20798847.0,0.0,1.0
2019-02-22,5318,122.73,124.74,122.65,124.0,124.0,19574004.0,0.0,1.0
2019-02-25,5319,124.1,124.67,123.47,123.89,123.89,13682426.0,0.0,1.0
2019-02-26,5320,123.86,125.16,123.32,124.67,124.67,20791003.0,0.0,1.0
2019-02-27,5321,124.49,126.48,124.08,125.68,125.68,32135797.0,0.0,1.0
2019-02-28,5322,125.52,127.77,125.2,126.29,126.29,36023631.0,0.0,1.0
2019-03-01,5323,127.25,129.42,126.58,128.84,128.84,43291166.0,0.0,1.0
2019-03-04,5324,130.51,130.51,125.34,127.46,127.46,59468814.0,0.0,1.0
2019-03-05,5325,128.4,128.8728,126.72,128.49,128.49,53212630.0,0.0,1.0
2019-03-06,5326,128.75,128.79,125.39,126.68,126.68,74822867.0,0.0,1.0
2019-03-07,5327,126.41,127.19,125.13,126.34,126.34,60615568.0,0.0,1.0
2019-03-08,5328,126.37,126.98,125.25,126.7,126.7,50169777.0,0.0,1.0
2019-03-11,5329,122.8,124.91,122.51,123.5,123.5,61771249.0,0.0,1.0
2019-03-12,5330,123.5,124.02,122.679,123.5,123.5,8077894.0,0.0,1.0
2019-03-13,5331,124.6,130.75,123.16,124.31,124.31,68139302.0,0.0,1.0
2019-03-14,5332,124.98,124.98,122.51,123.08,123.08,42768796.0,0.0,1.0
2019-03-15,5333,123.1,124.16,121.96,123.94,123.94,47331005.0,0.0,1.0
2019-03-18,5334,123.99,125.35,123.5,125.24,125.24,16052335.0,0.0,1.0
2019-03-19,5335,125.26,126.65,125.14,126.59,126.59,13726265.0,0.0,1.0
2019-03-20,5336,127.54,129.1,126.83,128.16,128.16,7520705.0,0.0,1.0
2019-03-21,5337,126.88,128.98,126.64,128.31,128.31,5704385.0,0.0,1.0
2019-03-22,5338,128.73,129.48,127.43,128.3,128.3,15332895.0,0.0,1.0
2019-03-25,5339,128.61,130.58,128.41,129.87,129.87,5972779.0,0.0,1.0
2019-03-26,5340,130.24,132.13,129.7,131.02,131.02,5872941.0,0.0,1.0
2019-03-27,5341,130.96,131.555,128.52,128.77,128.77,7675098.0,0.0,1.0
2019-03-28,5342,129.34,129.9,128.87,128.95,128.95,6112929.0,0.0,1.0
2019-03-29,5343,129.01,129.935,128.98,129.76,129.76,5729087.0,0.0,1.0
2019-04-01,5344,130.71,131.35,129.05,129.05,129.05,5132275.0,0.0,1.0
2019-04-02,5345,129.04,129.57,128.235,129.32,129.32,3214621.0,0.0,1.0
2019-04-03,5346,129.11,129.25,126.84,127.05,127.05,4425479.0,0.0,1.0
2019-04-04,5347,127.34,127.35,124.61,125.61,125.61,5540197.0,0.0,1.0
2019-04-05,5348,126.49,127.01,125.61,126.99,126.99,4656359.0,0.0,1.0
2019-04-08,5349,126.5,127.28,126.0918,127.16,127.16,3430908.0,0.0,1.0
2019-04-09,5350,126.76,128.12,126.6,127.24,127.24,4215648.0,0.0,1.0
2019-04-10,5351,127.56,127.97,126.93,127.19,127.19,4227063.0,0.0,1.0
2019-04-11,5352,126.86,127.32,124.51,125.15,125.15,5520681.0,0.0,1.0
2019-04-12,5353,125.24,125.24,123.02,123.06,123.06,5470362.0,0.0,1.0
2019-04-15,5354,123.77,124.35,123.1599,124.08,124.08,4549115.0,0.0,1.0
2019-04-16,5355,124.93,124.93,119.79,119.96,119.96,6573485.0,0.0,1.0
2019-04-17,5356,120.0,120.06,115.89,116.5,116.5,14842845.0,0.0,1.0
2019-04-18,5357,116.23,116.65,114.135,115.2,115.2,9805773.0,0.0,1.0
2019-04-22,5358,115.04,115.57,113.65,115.47,115.47,7519732.0,0.0,1.0
2019-04-23,5359,116.04,117.89,115.43,117.49,117.49,5891462.0,0.0,1.0
2019-04-24,5360,118.29,118.43,117.23,118.0,118.0,4254080.0,0.0,1.0
2019-04-25,5361,117.75,118.675,116.75,118.23,118.23,3425006.0,0.0,1.0
2019-04-26,5362,118.83,119.92,118.67,119.87,119.87,3372541.0,0.0,1.0
